Using pre-set license
Built from '6000.1/staging' branch; Version is '6000.1.9f1 (ed7b183fd33d) revision 15563544'; Using compiler version '194234433'; Build Type 'Release'
OS: 'Windows 11  (10.0.26100) 64bit CoreSingleLanguage' Language: 'en' Physical Memory: 7521 MB
BatchMode: 1, IsHumanControllingUs: 0, StartBugReporterOnCrash: 0, Is64bit: 1, IsPro: 1
Date: 2025-09-25T01:53:05Z

COMMAND LINE ARGUMENTS:
D:\unity\6000.1.9f1\Editor\Unity.exe
-adb2
-batchMode
-noUpm
-name
AssetImportWorker8
-projectPath
D:/unity/FinalLab
-logFile
Logs/AssetImportWorker8.log
-srvPort
49916
-job-worker-count
5
-background-job-worker-count
8
-gc-helper-count
1
-name
AssetImport
Successfully changed project path to: D:/unity/FinalLab
D:/unity/FinalLab
[UnityMemory] Configuration Parameters - Can be set up in boot.config
    "memorysetup-allocator-temp-initial-block-size-main=262144"
    "memorysetup-allocator-temp-initial-block-size-worker=262144"
    "memorysetup-bucket-allocator-granularity=16"
    "memorysetup-bucket-allocator-bucket-count=8"
    "memorysetup-bucket-allocator-block-size=33554432"
    "memorysetup-bucket-allocator-block-count=8"
    "memorysetup-main-allocator-block-size=16777216"
    "memorysetup-thread-allocator-block-size=16777216"
    "memorysetup-gfx-main-allocator-block-size=16777216"
    "memorysetup-gfx-thread-allocator-block-size=16777216"
    "memorysetup-cache-allocator-block-size=4194304"
    "memorysetup-typetree-allocator-block-size=2097152"
    "memorysetup-profiler-bucket-allocator-granularity=16"
    "memorysetup-profiler-bucket-allocator-bucket-count=8"
    "memorysetup-profiler-bucket-allocator-block-size=33554432"
    "memorysetup-profiler-bucket-allocator-block-count=8"
    "memorysetup-profiler-allocator-block-size=16777216"
    "memorysetup-profiler-editor-allocator-block-size=1048576"
    "memorysetup-temp-allocator-size-main=16777216"
    "memorysetup-job-temp-allocator-block-size=2097152"
    "memorysetup-job-temp-allocator-block-size-background=1048576"
    "memorysetup-job-temp-allocator-reduction-small-platforms=262144"
    "memorysetup-temp-allocator-size-background-worker=32768"
    "memorysetup-temp-allocator-size-job-worker=262144"
    "memorysetup-temp-allocator-size-preload-manager=33554432"
    "memorysetup-temp-allocator-size-nav-mesh-worker=65536"
    "memorysetup-temp-allocator-size-audio-worker=65536"
    "memorysetup-temp-allocator-size-cloud-worker=32768"
    "memorysetup-temp-allocator-size-gi-baking-worker=262144"
    "memorysetup-temp-allocator-size-gi-baking-worker=262144"
    "memorysetup-temp-allocator-size-gi-baking-worker=262144"
    "memorysetup-temp-allocator-size-gi-baking-worker=262144"
    "memorysetup-temp-allocator-size-gi-baking-worker=262144"
    "memorysetup-temp-allocator-size-gfx=262144"
Player connection [21180]  Target information:

Player connection [21180]  * "[IP] 192.168.100.80 [Port] 0 [Flags] 2 [Guid] 1861805165 [EditorId] 1861805165 [Version] 1048832 [Id] WindowsEditor(7,DESKTOP-FNTS013) [Debug] 1 [PackageName] WindowsEditor [ProjectName] Editor" 

Player connection [21180] Host joined multi-casting on [225.0.0.222:54997]...
Player connection [21180] Host joined alternative multi-casting on [225.0.0.222:34997]...
JobSystem: Creating JobQueue using job-worker-count value 5
Input System module state changed to: Initialized.
[Physics::Module] Initialized fallback backend.
[Physics::Module] Id: 0xdecafbad
Library Redirect Path: Library/
[Physics::Module] Selected backend.
[Physics::Module] Name: PhysX
[Physics::Module] Id: 0xf2b8ea05
[Physics::Module] SDK Version: 4.1.2
[Physics::Module] Integration Version: 1.0.0
[Physics::Module] Threading Mode: Multi-Threaded
Refreshing native plugins compatible for Editor in 9.49 ms, found 4 plugins.
Preloading 0 native plugins for Editor in 0.00 ms.
Initialize engine version: 6000.1.9f1 (ed7b183fd33d)
[Subsystems] Discovering subsystems at path D:/unity/6000.1.9f1/Editor/Data/Resources/UnitySubsystems
[Subsystems] Discovering subsystems at path D:/unity/FinalLab/Assets
GfxDevice: creating device client; kGfxThreadingModeNonThreaded
Direct3D:
    Version:         Direct3D 12 [level 12.1]
    Renderer:        NVIDIA GeForce GTX 1650 (ID=0x1f9d)
    Vendor:          NVIDIA
    VRAM:            3937 MB
    App VRAM Budget: 3346 MB
    Driver:          32.0.15.7703
Initialize mono
Mono path[0] = 'D:/unity/6000.1.9f1/Editor/Data/Managed'
Mono path[1] = 'D:/unity/6000.1.9f1/Editor/Data/MonoBleedingEdge/lib/mono/unityjit-win32'
Mono config path = 'D:/unity/6000.1.9f1/Editor/Data/MonoBleedingEdge/etc'
Using monoOptions --debugger-agent=transport=dt_socket,embedding=1,server=y,suspend=n,address=127.0.0.1:56880
Begin MonoManager ReloadAssembly
Registering precompiled unity dll's ...
Register platform support module: D:/unity/6000.1.9f1/Editor/Data/PlaybackEngines/WebGLSupport/UnityEditor.WebGL.Extensions.dll
Register platform support module: D:/unity/6000.1.9f1/Editor/Data/PlaybackEngines/WindowsStandaloneSupport/UnityEditor.WindowsStandalone.Extensions.dll
Register platform support module: D:/unity/6000.1.9f1/Editor/Data/PlaybackEngines/AndroidPlayer/UnityEditor.Android.Extensions.dll
Register platform support module: D:/unity/6000.1.9f1/Editor/Data/PlaybackEngines/iOSSupport/UnityEditor.iOS.Extensions.dll
Registered in 0.007604 seconds.
- Loaded All Assemblies, in  0.698 seconds
[usbmuxd] Start listen thread
[usbmuxd] Listen thread started
Native extension for iOS target not found
Native extension for Android target not found
Android Extension - Scanning For ADB Devices 551 ms
Native extension for WindowsStandalone target not found
Native extension for WebGL target not found
Mono: successfully reloaded assembly
- Finished resetting the current domain, in  1.091 seconds
Domain Reload Profiling: 1789ms
	BeginReloadAssembly (247ms)
		ExecutionOrderSort (0ms)
		DisableScriptedObjects (0ms)
		BackupInstance (0ms)
		ReleaseScriptingObjects (0ms)
		CreateAndSetChildDomain (2ms)
	RebuildCommonClasses (67ms)
	RebuildNativeTypeToScriptingClass (21ms)
	initialDomainReloadingComplete (86ms)
	LoadAllAssembliesAndSetupDomain (275ms)
		LoadAssemblies (246ms)
		RebuildTransferFunctionScriptingTraits (0ms)
		AnalyzeDomain (267ms)
			TypeCache.Refresh (265ms)
				TypeCache.ScanAssembly (241ms)
			BuildScriptInfoCaches (0ms)
			ResolveRequiredComponents (1ms)
	FinalizeReload (1092ms)
		ReleaseScriptCaches (0ms)
		RebuildScriptCaches (0ms)
		SetupLoadedEditorAssemblies (1017ms)
			LogAssemblyErrors (0ms)
			InitializePlatformSupportModulesInManaged (736ms)
			SetLoadedEditorAssemblies (5ms)
			BeforeProcessingInitializeOnLoad (74ms)
			ProcessInitializeOnLoadAttributes (137ms)
			ProcessInitializeOnLoadMethodAttributes (65ms)
			AfterProcessingInitializeOnLoad (0ms)
			EditorAssembliesLoaded (0ms)
		ExecutionOrderSort2 (0ms)
		AwakeInstancesAfterBackupRestoration (0ms)
========================================================================
Worker process is ready to serve import requests
Import Worker Mode flag is 0x00
Begin MonoManager ReloadAssembly
- Loaded All Assemblies, in  1.027 seconds
Refreshing native plugins compatible for Editor in 2.19 ms, found 4 plugins.
Native extension for iOS target not found
Native extension for Android target not found
Native extension for WindowsStandalone target not found
Native extension for WebGL target not found
Mono: successfully reloaded assembly
- Finished resetting the current domain, in  0.894 seconds
Domain Reload Profiling: 1917ms
	BeginReloadAssembly (264ms)
		ExecutionOrderSort (0ms)
		DisableScriptedObjects (9ms)
		BackupInstance (0ms)
		ReleaseScriptingObjects (0ms)
		CreateAndSetChildDomain (43ms)
	RebuildCommonClasses (39ms)
	RebuildNativeTypeToScriptingClass (10ms)
	initialDomainReloadingComplete (33ms)
	LoadAllAssembliesAndSetupDomain (676ms)
		LoadAssemblies (528ms)
		RebuildTransferFunctionScriptingTraits (0ms)
		AnalyzeDomain (313ms)
			TypeCache.Refresh (232ms)
				TypeCache.ScanAssembly (215ms)
			BuildScriptInfoCaches (67ms)
			ResolveRequiredComponents (10ms)
	FinalizeReload (894ms)
		ReleaseScriptCaches (0ms)
		RebuildScriptCaches (0ms)
		SetupLoadedEditorAssemblies (756ms)
			LogAssemblyErrors (0ms)
			InitializePlatformSupportModulesInManaged (12ms)
			SetLoadedEditorAssemblies (7ms)
			BeforeProcessingInitializeOnLoad (171ms)
			ProcessInitializeOnLoadAttributes (440ms)
			ProcessInitializeOnLoadMethodAttributes (123ms)
			AfterProcessingInitializeOnLoad (2ms)
			EditorAssembliesLoaded (0ms)
		ExecutionOrderSort2 (0ms)
		AwakeInstancesAfterBackupRestoration (5ms)
Launched and connected shader compiler UnityShaderCompiler.exe after 0.02 seconds
Refreshing native plugins compatible for Editor in 1.30 ms, found 4 plugins.
Preloading 0 native plugins for Editor in 0.00 ms.
Unloading 231 Unused Serialized files (Serialized files now loaded: 0)
Unloading 6722 unused Assets / (6.7 MB). Loaded Objects now: 7418.
Memory consumption went from 174.4 MB to 167.8 MB.
Total: 10.073200 ms (FindLiveObjects: 0.803500 ms CreateObjectMapping: 0.384800 ms MarkObjects: 5.822000 ms  DeleteObjects: 3.061700 ms)

========================================================================
Received Import Request.
  Time since last request: 137376.141596 seconds.
  path: Assets/UISprite/Button/Buttons With Icons/Home_Button_03.png
  artifactKey: Guid(7fb8945750073b1469bfba1fc7486c77) Importer(815301076,1909f56bfc062723c751e8b465ee728b)
Start importing Assets/UISprite/Button/Buttons With Icons/Home_Button_03.png using Guid(7fb8945750073b1469bfba1fc7486c77) Importer(815301076,1909f56bfc062723c751e8b465ee728b) (PreviewImporter) -> (artifact id: '6257436a69b896eddaa48a5e7018ccbe') in 0.1591969 seconds
Number of updated asset objects reloaded before import = 0Number of asset objects unloaded after import = 3

========================================================================
Received Import Request.
  Time since last request: 0.000039 seconds.
  path: Assets/UISprite/Button/Buttons With Icons/Pause_Button_03.png
  artifactKey: Guid(9ccda9945276f9840b7cfcb521996b85) Importer(815301076,1909f56bfc062723c751e8b465ee728b)
Start importing Assets/UISprite/Button/Buttons With Icons/Pause_Button_03.png using Guid(9ccda9945276f9840b7cfcb521996b85) Importer(815301076,1909f56bfc062723c751e8b465ee728b) (PreviewImporter) -> (artifact id: '58d3fa19a972b8b64c39e56dde5c500f') in 0.0397522 seconds
Number of updated asset objects reloaded before import = 0Number of asset objects unloaded after import = 3

========================================================================
Received Import Request.
  Time since last request: 0.019792 seconds.
  path: Assets/UISprite/Button/Buttons With Icons/Play_Button_03.png
  artifactKey: Guid(bb4b2ef9cfb61564893e577bb3a37a32) Importer(815301076,1909f56bfc062723c751e8b465ee728b)
Start importing Assets/UISprite/Button/Buttons With Icons/Play_Button_03.png using Guid(bb4b2ef9cfb61564893e577bb3a37a32) Importer(815301076,1909f56bfc062723c751e8b465ee728b) (PreviewImporter) -> (artifact id: '211a645deac10e99dc55e527f7bf9447') in 0.0254282 seconds
Number of updated asset objects reloaded before import = 0Number of asset objects unloaded after import = 3

========================================================================
Received Import Request.
  Time since last request: 0.000019 seconds.
  path: Assets/UISprite/Button/Buttons With Icons/Sound_Down_Button_03.png
  artifactKey: Guid(e5b13acf4608b4f4faaa420443ce3cbf) Importer(815301076,1909f56bfc062723c751e8b465ee728b)
Start importing Assets/UISprite/Button/Buttons With Icons/Sound_Down_Button_03.png using Guid(e5b13acf4608b4f4faaa420443ce3cbf) Importer(815301076,1909f56bfc062723c751e8b465ee728b) (PreviewImporter) -> (artifact id: '692600faf5b04915fed58f1bd2d6bf5d') in 0.0241521 seconds
Number of updated asset objects reloaded before import = 0Number of asset objects unloaded after import = 3

========================================================================
Received Import Request.
  Time since last request: 0.000022 seconds.
  path: Assets/UISprite/Button/Buttons With Icons/Sound_Off_Button_01.png
  artifactKey: Guid(5286804ad1eaee04ea4895b099586ad3) Importer(815301076,1909f56bfc062723c751e8b465ee728b)
Start importing Assets/UISprite/Button/Buttons With Icons/Sound_Off_Button_01.png using Guid(5286804ad1eaee04ea4895b099586ad3) Importer(815301076,1909f56bfc062723c751e8b465ee728b) (PreviewImporter) -> (artifact id: '8f2aff7c4f9138c4d8ce9804c8741f44') in 0.0218027 seconds
Number of updated asset objects reloaded before import = 0Number of asset objects unloaded after import = 3

========================================================================
Received Import Request.
  Time since last request: 0.000021 seconds.
  path: Assets/UISprite/Button/Buttons With Icons/Sound_Up_Button_02.png
  artifactKey: Guid(de10fb92f1e4cea44ad66bcb73188b8a) Importer(815301076,1909f56bfc062723c751e8b465ee728b)
Start importing Assets/UISprite/Button/Buttons With Icons/Sound_Up_Button_02.png using Guid(de10fb92f1e4cea44ad66bcb73188b8a) Importer(815301076,1909f56bfc062723c751e8b465ee728b) (PreviewImporter) -> (artifact id: 'fe41ca8b5882332e12a900f1843dd795') in 0.0231826 seconds
Number of updated asset objects reloaded before import = 0Number of asset objects unloaded after import = 3

========================================================================
Received Import Request.
  Time since last request: 0.000024 seconds.
  path: Assets/UISprite/Button/Buttons With Icons/Sound_Down_Button_01.png
  artifactKey: Guid(5f2c1adbb5943a24693d95398a809075) Importer(815301076,1909f56bfc062723c751e8b465ee728b)
Start importing Assets/UISprite/Button/Buttons With Icons/Sound_Down_Button_01.png using Guid(5f2c1adbb5943a24693d95398a809075) Importer(815301076,1909f56bfc062723c751e8b465ee728b) (PreviewImporter) -> (artifact id: '04ce32911be9653c2e1572ba536e3d2d') in 0.025496 seconds
Number of updated asset objects reloaded before import = 0Number of asset objects unloaded after import = 3

========================================================================
Received Import Request.
  Time since last request: 0.000035 seconds.
  path: Assets/UISprite/Button/Buttons With Icons/Settings_Button_03.png
  artifactKey: Guid(3a2cb051e6158ee498389174b8b843fa) Importer(815301076,1909f56bfc062723c751e8b465ee728b)
Start importing Assets/UISprite/Button/Buttons With Icons/Settings_Button_03.png using Guid(3a2cb051e6158ee498389174b8b843fa) Importer(815301076,1909f56bfc062723c751e8b465ee728b) (PreviewImporter) -> (artifact id: '36dd9d646f7f83c4087505cb76f5a950') in 0.0234589 seconds
Number of updated asset objects reloaded before import = 0Number of asset objects unloaded after import = 3

========================================================================
Received Import Request.
  Time since last request: 0.000017 seconds.
  path: Assets/UISprite/Button/Buttons With Icons/Save_Button_03.png
  artifactKey: Guid(4e93803dd0fdbbd48aea9692f3a342d0) Importer(815301076,1909f56bfc062723c751e8b465ee728b)
Start importing Assets/UISprite/Button/Buttons With Icons/Save_Button_03.png using Guid(4e93803dd0fdbbd48aea9692f3a342d0) Importer(815301076,1909f56bfc062723c751e8b465ee728b) (PreviewImporter) -> (artifact id: 'e88d27f133e2aec91ad39960156f1a92') in 0.0195593 seconds
Number of updated asset objects reloaded before import = 0Number of asset objects unloaded after import = 3

========================================================================
Received Import Request.
  Time since last request: 66.446862 seconds.
  path: Assets/UISprite/Button/License_CC0.txt
  artifactKey: Guid(1e4f7be49e4b5f642addcf92fb99180a) Importer(815301076,1909f56bfc062723c751e8b465ee728b)
Start importing Assets/UISprite/Button/License_CC0.txt using Guid(1e4f7be49e4b5f642addcf92fb99180a) Importer(815301076,1909f56bfc062723c751e8b465ee728b) (PreviewImporter) -> (artifact id: 'b06a3608280e4f27ab62761005a2e5d0') in 0.0012934 seconds
Number of updated asset objects reloaded before import = 0Number of asset objects unloaded after import = 1

========================================================================
Received Import Request.
  Time since last request: 224.801466 seconds.
  path: Assets/UISprite/Button/Buttons With Text/Text_Continue_Button_02.png
  artifactKey: Guid(8c4383100ac677b4d9670187d9a99fe9) Importer(815301076,1909f56bfc062723c751e8b465ee728b)
Start importing Assets/UISprite/Button/Buttons With Text/Text_Continue_Button_02.png using Guid(8c4383100ac677b4d9670187d9a99fe9) Importer(815301076,1909f56bfc062723c751e8b465ee728b) (PreviewImporter) -> (artifact id: '8860f7cf496e69236029d72130a1059e') in 0.0641559 seconds
Number of updated asset objects reloaded before import = 0Number of asset objects unloaded after import = 3

========================================================================
Received Import Request.
  Time since last request: 5.256822 seconds.
  path: Assets/UISprite/Button/Buttons With Text/Text_Back_Button_02.png
  artifactKey: Guid(c46e5c8f4ef154241abafd6f3a2727cd) Importer(815301076,1909f56bfc062723c751e8b465ee728b)
Start importing Assets/UISprite/Button/Buttons With Text/Text_Back_Button_02.png using Guid(c46e5c8f4ef154241abafd6f3a2727cd) Importer(815301076,1909f56bfc062723c751e8b465ee728b) (PreviewImporter) -> (artifact id: '4feba6fa3e77fe61bbc816f11c7e9e97') in 0.0240739 seconds
Number of updated asset objects reloaded before import = 0Number of asset objects unloaded after import = 3

========================================================================
Received Import Request.
  Time since last request: 6.732181 seconds.
  path: Assets/UISprite/Button/Buttons With Text/Text_Menu_Button_02.png
  artifactKey: Guid(58b7cdbf9b07b4d47b139cb5e8bc45db) Importer(815301076,1909f56bfc062723c751e8b465ee728b)
Start importing Assets/UISprite/Button/Buttons With Text/Text_Menu_Button_02.png using Guid(58b7cdbf9b07b4d47b139cb5e8bc45db) Importer(815301076,1909f56bfc062723c751e8b465ee728b) (PreviewImporter) -> (artifact id: '40933506c6ef2702bcd7a707e24827e8') in 0.018885 seconds
Number of updated asset objects reloaded before import = 0Number of asset objects unloaded after import = 3

========================================================================
Received Import Request.
  Time since last request: 3.192122 seconds.
  path: Assets/UISprite/Button/Buttons With Text/Text_Exit_Button_02.png
  artifactKey: Guid(a2647604215c7df4aa2b06f7099b09b3) Importer(815301076,1909f56bfc062723c751e8b465ee728b)
Start importing Assets/UISprite/Button/Buttons With Text/Text_Exit_Button_02.png using Guid(a2647604215c7df4aa2b06f7099b09b3) Importer(815301076,1909f56bfc062723c751e8b465ee728b) (PreviewImporter) -> (artifact id: '81a0a7577e18ca1f61e232844b74eadd') in 0.0120925 seconds
Number of updated asset objects reloaded before import = 0Number of asset objects unloaded after import = 3

========================================================================
Received Import Request.
  Time since last request: 7.991180 seconds.
  path: Assets/UISprite/Button/Buttons With Text/Text_Next_Button_02.png
  artifactKey: Guid(67352e0f20182a9498e6a22c7259330a) Importer(815301076,1909f56bfc062723c751e8b465ee728b)
Start importing Assets/UISprite/Button/Buttons With Text/Text_Next_Button_02.png using Guid(67352e0f20182a9498e6a22c7259330a) Importer(815301076,1909f56bfc062723c751e8b465ee728b) (PreviewImporter) -> (artifact id: '06bc92c666943296484e4bbabb23fb74') in 0.0194365 seconds
Number of updated asset objects reloaded before import = 0Number of asset objects unloaded after import = 3

========================================================================
Received Import Request.
  Time since last request: 5.666155 seconds.
  path: Assets/UISprite/Button/Buttons With Text/Text_Play_Button_02.png
  artifactKey: Guid(69876b494d6a602498636b04b99b50da) Importer(815301076,1909f56bfc062723c751e8b465ee728b)
Start importing Assets/UISprite/Button/Buttons With Text/Text_Play_Button_02.png using Guid(69876b494d6a602498636b04b99b50da) Importer(815301076,1909f56bfc062723c751e8b465ee728b) (PreviewImporter) -> (artifact id: 'df92da980d712d7a3aff31e1206fbc07') in 0.01938 seconds
Number of updated asset objects reloaded before import = 0Number of asset objects unloaded after import = 3

========================================================================
Received Import Request.
  Time since last request: 349.115785 seconds.
  path: Assets/UISprite/Button/Text Only Buttons/Text_Only_Back_02.png
  artifactKey: Guid(d1819e5e8a0363f4da4b37cba60b2cf8) Importer(815301076,1909f56bfc062723c751e8b465ee728b)
Start importing Assets/UISprite/Button/Text Only Buttons/Text_Only_Back_02.png using Guid(d1819e5e8a0363f4da4b37cba60b2cf8) Importer(815301076,1909f56bfc062723c751e8b465ee728b) (PreviewImporter) -> (artifact id: '5c69fcd6c172be67c2cd6c562ac52206') in 0.0876245 seconds
Number of updated asset objects reloaded before import = 0Number of asset objects unloaded after import = 6

========================================================================
Received Import Request.
  Time since last request: 54.843318 seconds.
  path: Assets/UISprite/Button/Text Only Buttons/Text_Only_Back_02.png
  artifactKey: Guid(d1819e5e8a0363f4da4b37cba60b2cf8) Importer(815301076,1909f56bfc062723c751e8b465ee728b)
Start importing Assets/UISprite/Button/Text Only Buttons/Text_Only_Back_02.png using Guid(d1819e5e8a0363f4da4b37cba60b2cf8) Importer(815301076,1909f56bfc062723c751e8b465ee728b) (PreviewImporter) -> (artifact id: 'ac16fdc6f5f924b1892e840c03b89242') in 0.0238951 seconds
Number of updated asset objects reloaded before import = 0Number of asset objects unloaded after import = 3

========================================================================
Received Prepare
Begin MonoManager ReloadAssembly
- Loaded All Assemblies, in  1.895 seconds
Refreshing native plugins compatible for Editor in 2.58 ms, found 4 plugins.
Native extension for iOS target not found
Native extension for Android target not found
Native extension for WindowsStandalone target not found
Native extension for WebGL target not found
Mono: successfully reloaded assembly
- Finished resetting the current domain, in  1.038 seconds
Domain Reload Profiling: 2942ms
	BeginReloadAssembly (537ms)
		ExecutionOrderSort (1ms)
		DisableScriptedObjects (73ms)
		BackupInstance (0ms)
		ReleaseScriptingObjects (1ms)
		CreateAndSetChildDomain (168ms)
	RebuildCommonClasses (53ms)
	RebuildNativeTypeToScriptingClass (11ms)
	initialDomainReloadingComplete (45ms)
	LoadAllAssembliesAndSetupDomain (1257ms)
		LoadAssemblies (1169ms)
		RebuildTransferFunctionScriptingTraits (0ms)
		AnalyzeDomain (263ms)
			TypeCache.Refresh (8ms)
				TypeCache.ScanAssembly (0ms)
			BuildScriptInfoCaches (232ms)
			ResolveRequiredComponents (13ms)
	FinalizeReload (1039ms)
		ReleaseScriptCaches (0ms)
		RebuildScriptCaches (0ms)
		SetupLoadedEditorAssemblies (842ms)
			LogAssemblyErrors (0ms)
			InitializePlatformSupportModulesInManaged (16ms)
			SetLoadedEditorAssemblies (7ms)
			BeforeProcessingInitializeOnLoad (198ms)
			ProcessInitializeOnLoadAttributes (519ms)
			ProcessInitializeOnLoadMethodAttributes (98ms)
			AfterProcessingInitializeOnLoad (3ms)
			EditorAssembliesLoaded (1ms)
		ExecutionOrderSort2 (0ms)
		AwakeInstancesAfterBackupRestoration (26ms)
Refreshing native plugins compatible for Editor in 1.38 ms, found 4 plugins.
Preloading 0 native plugins for Editor in 0.00 ms.
Unloading 31 Unused Serialized files (Serialized files now loaded: 0)
Unloading 6720 unused Assets / (7.2 MB). Loaded Objects now: 7438.
Memory consumption went from 150.9 MB to 143.7 MB.
Total: 15.338800 ms (FindLiveObjects: 1.476200 ms CreateObjectMapping: 1.012000 ms MarkObjects: 7.715100 ms  DeleteObjects: 5.132300 ms)

Prepare: number of updated asset objects reloaded= 0
========================================================================
Received Prepare
Begin MonoManager ReloadAssembly
- Loaded All Assemblies, in  0.900 seconds
Refreshing native plugins compatible for Editor in 3.12 ms, found 4 plugins.
Native extension for iOS target not found
Native extension for Android target not found
Native extension for WindowsStandalone target not found
Native extension for WebGL target not found
Mono: successfully reloaded assembly
- Finished resetting the current domain, in  0.999 seconds
Domain Reload Profiling: 1903ms
	BeginReloadAssembly (292ms)
		ExecutionOrderSort (0ms)
		DisableScriptedObjects (23ms)
		BackupInstance (0ms)
		ReleaseScriptingObjects (0ms)
		CreateAndSetChildDomain (80ms)
	RebuildCommonClasses (38ms)
	RebuildNativeTypeToScriptingClass (11ms)
	initialDomainReloadingComplete (29ms)
	LoadAllAssembliesAndSetupDomain (533ms)
		LoadAssemblies (452ms)
		RebuildTransferFunctionScriptingTraits (0ms)
		AnalyzeDomain (208ms)
			TypeCache.Refresh (8ms)
				TypeCache.ScanAssembly (0ms)
			BuildScriptInfoCaches (184ms)
			ResolveRequiredComponents (11ms)
	FinalizeReload (999ms)
		ReleaseScriptCaches (0ms)
		RebuildScriptCaches (0ms)
		SetupLoadedEditorAssemblies (758ms)
			LogAssemblyErrors (0ms)
			InitializePlatformSupportModulesInManaged (19ms)
			SetLoadedEditorAssemblies (9ms)
			BeforeProcessingInitializeOnLoad (255ms)
			ProcessInitializeOnLoadAttributes (411ms)
			ProcessInitializeOnLoadMethodAttributes (60ms)
			AfterProcessingInitializeOnLoad (2ms)
			EditorAssembliesLoaded (0ms)
		ExecutionOrderSort2 (0ms)
		AwakeInstancesAfterBackupRestoration (16ms)
Refreshing native plugins compatible for Editor in 1.36 ms, found 4 plugins.
Preloading 0 native plugins for Editor in 0.00 ms.
Unloading 31 Unused Serialized files (Serialized files now loaded: 0)
Unloading 6720 unused Assets / (6.7 MB). Loaded Objects now: 7440.
Memory consumption went from 152.7 MB to 146.1 MB.
Total: 12.207700 ms (FindLiveObjects: 0.891400 ms CreateObjectMapping: 1.103000 ms MarkObjects: 6.148000 ms  DeleteObjects: 4.064000 ms)

Prepare: number of updated asset objects reloaded= 0
========================================================================
Received Import Request.
  Time since last request: 337.312584 seconds.
  path: Assets/UISprite/Button/Buttons With Icons/Menu_Button_02.png
  artifactKey: Guid(e3a13838009a3ec4ea45dd97544fb9d4) Importer(815301076,1909f56bfc062723c751e8b465ee728b)
Start importing Assets/UISprite/Button/Buttons With Icons/Menu_Button_02.png using Guid(e3a13838009a3ec4ea45dd97544fb9d4) Importer(815301076,1909f56bfc062723c751e8b465ee728b) (PreviewImporter) -> (artifact id: '006df3c167f25df9866d8436b4ef1afd') in 0.224191 seconds
Number of updated asset objects reloaded before import = 0Number of asset objects unloaded after import = 3

========================================================================
Received Prepare
Begin MonoManager ReloadAssembly
- Loaded All Assemblies, in  1.640 seconds
Refreshing native plugins compatible for Editor in 2.96 ms, found 4 plugins.
Native extension for iOS target not found
Native extension for Android target not found
Native extension for WindowsStandalone target not found
Native extension for WebGL target not found
Mono: successfully reloaded assembly
- Finished resetting the current domain, in  0.963 seconds
Domain Reload Profiling: 2608ms
	BeginReloadAssembly (341ms)
		ExecutionOrderSort (0ms)
		DisableScriptedObjects (27ms)
		BackupInstance (0ms)
		ReleaseScriptingObjects (1ms)
		CreateAndSetChildDomain (119ms)
	RebuildCommonClasses (39ms)
	RebuildNativeTypeToScriptingClass (11ms)
	initialDomainReloadingComplete (30ms)
	LoadAllAssembliesAndSetupDomain (1222ms)
		LoadAssemblies (969ms)
		RebuildTransferFunctionScriptingTraits (0ms)
		AnalyzeDomain (379ms)
			TypeCache.Refresh (11ms)
				TypeCache.ScanAssembly (0ms)
			BuildScriptInfoCaches (346ms)
			ResolveRequiredComponents (12ms)
	FinalizeReload (964ms)
		ReleaseScriptCaches (0ms)
		RebuildScriptCaches (0ms)
		SetupLoadedEditorAssemblies (765ms)
			LogAssemblyErrors (0ms)
			InitializePlatformSupportModulesInManaged (15ms)
			SetLoadedEditorAssemblies (7ms)
			BeforeProcessingInitializeOnLoad (210ms)
			ProcessInitializeOnLoadAttributes (439ms)
			ProcessInitializeOnLoadMethodAttributes (91ms)
			AfterProcessingInitializeOnLoad (3ms)
			EditorAssembliesLoaded (0ms)
		ExecutionOrderSort2 (0ms)
		AwakeInstancesAfterBackupRestoration (21ms)
Refreshing native plugins compatible for Editor in 1.70 ms, found 4 plugins.
Preloading 0 native plugins for Editor in 0.00 ms.
Unloading 31 Unused Serialized files (Serialized files now loaded: 0)
Unloading 6720 unused Assets / (6.6 MB). Loaded Objects now: 7442.
Memory consumption went from 151.0 MB to 144.3 MB.
Total: 14.149900 ms (FindLiveObjects: 0.789200 ms CreateObjectMapping: 0.934200 ms MarkObjects: 7.380400 ms  DeleteObjects: 5.043800 ms)

Prepare: number of updated asset objects reloaded= 0
========================================================================
Received Import Request.
  Time since last request: 195.683288 seconds.
  path: Assets/Scenes/MainMenu.unity
  artifactKey: Guid(fe61ea83af75638498ccb16ae70f8acb) Importer(815301076,1909f56bfc062723c751e8b465ee728b)
Start importing Assets/Scenes/MainMenu.unity using Guid(fe61ea83af75638498ccb16ae70f8acb) Importer(815301076,1909f56bfc062723c751e8b465ee728b) (PreviewImporter) -> (artifact id: '4590d5d5066d1cd8216f462cad0b017a') in 0.020501 seconds
Number of updated asset objects reloaded before import = 0Number of asset objects unloaded after import = 0

========================================================================
Received Import Request.
  Time since last request: 119.282299 seconds.
  path: Assets/Scenes/GameScene.unity
  artifactKey: Guid(8c9cfa26abfee488c85f1582747f6a02) Importer(815301076,1909f56bfc062723c751e8b465ee728b)
Start importing Assets/Scenes/GameScene.unity using Guid(8c9cfa26abfee488c85f1582747f6a02) Importer(815301076,1909f56bfc062723c751e8b465ee728b) (PreviewImporter) -> (artifact id: 'ad58f93760f3c9c56308f77aae5709b4') in 0.0040858 seconds
Number of updated asset objects reloaded before import = 0Number of asset objects unloaded after import = 0

========================================================================
Received Import Request.
  Time since last request: 12.183355 seconds.
  path: Assets/Scenes/MainMenu.unity
  artifactKey: Guid(fe61ea83af75638498ccb16ae70f8acb) Importer(815301076,1909f56bfc062723c751e8b465ee728b)
Start importing Assets/Scenes/MainMenu.unity using Guid(fe61ea83af75638498ccb16ae70f8acb) Importer(815301076,1909f56bfc062723c751e8b465ee728b) (PreviewImporter) -> (artifact id: 'f09e3f454b55dc47374c95f3d9c803cf') in 0.0015386 seconds
Number of updated asset objects reloaded before import = 0Number of asset objects unloaded after import = 0

========================================================================
Received Import Request.
  Time since last request: 46.876635 seconds.
  path: Assets/UISprite/Button/Buttons With Text/Text_Start_Button_02.png
  artifactKey: Guid(5cfd8c78a8a6c96478da5f21138b86c8) Importer(815301076,1909f56bfc062723c751e8b465ee728b)
Start importing Assets/UISprite/Button/Buttons With Text/Text_Start_Button_02.png using Guid(5cfd8c78a8a6c96478da5f21138b86c8) Importer(815301076,1909f56bfc062723c751e8b465ee728b) (PreviewImporter) -> (artifact id: '3e6d0bf1db7e82deb73fefcb4bf75f7a') in 0.1909584 seconds
Number of updated asset objects reloaded before import = 0Number of asset objects unloaded after import = 3

========================================================================
Received Import Request.
  Time since last request: 49.208143 seconds.
  path: Assets/UISprite/Button/Buttons With Text/Text_Settings_Button_02.png
  artifactKey: Guid(1f9c337321eccf646a36222f7b85290e) Importer(815301076,1909f56bfc062723c751e8b465ee728b)
Start importing Assets/UISprite/Button/Buttons With Text/Text_Settings_Button_02.png using Guid(1f9c337321eccf646a36222f7b85290e) Importer(815301076,1909f56bfc062723c751e8b465ee728b) (PreviewImporter) -> (artifact id: 'fd0bec2a19b104d674c8c0d03265d9ec') in 0.0262633 seconds
Number of updated asset objects reloaded before import = 0Number of asset objects unloaded after import = 3

========================================================================
Received Import Request.
  Time since last request: 601.179891 seconds.
  path: Assets/Scenes/MainMenu.unity
  artifactKey: Guid(fe61ea83af75638498ccb16ae70f8acb) Importer(815301076,1909f56bfc062723c751e8b465ee728b)
Start importing Assets/Scenes/MainMenu.unity using Guid(fe61ea83af75638498ccb16ae70f8acb) Importer(815301076,1909f56bfc062723c751e8b465ee728b) (PreviewImporter) -> (artifact id: '867193cfaccca5e00f6a1276403d7769') in 0.02528 seconds
Number of updated asset objects reloaded before import = 0Number of asset objects unloaded after import = 0

========================================================================
Received Prepare
Refreshing native plugins compatible for Editor in 1.54 ms, found 4 plugins.
Preloading 0 native plugins for Editor in 0.00 ms.
Unloading 31 Unused Serialized files (Serialized files now loaded: 0)
Unloading 6710 unused Assets / (5.9 MB). Loaded Objects now: 7444.
Memory consumption went from 151.2 MB to 145.3 MB.
Total: 195.750500 ms (FindLiveObjects: 1.847200 ms CreateObjectMapping: 0.846000 ms MarkObjects: 187.938200 ms  DeleteObjects: 5.117400 ms)

Prepare: number of updated asset objects reloaded= 0
========================================================================
Received Import Request.
  Time since last request: 27.311464 seconds.
  path: Assets/Scrips/MainMenu.cs
  artifactKey: Guid(870d56ecdd91e614384b2cf4dbaaace4) Importer(815301076,1909f56bfc062723c751e8b465ee728b)
Start importing Assets/Scrips/MainMenu.cs using Guid(870d56ecdd91e614384b2cf4dbaaace4) Importer(815301076,1909f56bfc062723c751e8b465ee728b) (PreviewImporter) -> (artifact id: 'e470bc24ead417de0c8e3b848c66d189') in 0.0026862 seconds
Number of updated asset objects reloaded before import = 0Number of asset objects unloaded after import = 0

========================================================================
Received Prepare
Begin MonoManager ReloadAssembly
- Loaded All Assemblies, in  3.040 seconds
Refreshing native plugins compatible for Editor in 3.01 ms, found 4 plugins.
Native extension for iOS target not found
Native extension for Android target not found
Native extension for WindowsStandalone target not found
Native extension for WebGL target not found
Mono: successfully reloaded assembly
- Finished resetting the current domain, in  0.952 seconds
Domain Reload Profiling: 3997ms
	BeginReloadAssembly (1079ms)
		ExecutionOrderSort (0ms)
		DisableScriptedObjects (127ms)
		BackupInstance (0ms)
		ReleaseScriptingObjects (1ms)
		CreateAndSetChildDomain (489ms)
	RebuildCommonClasses (55ms)
	RebuildNativeTypeToScriptingClass (11ms)
	initialDomainReloadingComplete (50ms)
	LoadAllAssembliesAndSetupDomain (1848ms)
		LoadAssemblies (1838ms)
		RebuildTransferFunctionScriptingTraits (0ms)
		AnalyzeDomain (312ms)
			TypeCache.Refresh (24ms)
				TypeCache.ScanAssembly (1ms)
			BuildScriptInfoCaches (259ms)
			ResolveRequiredComponents (15ms)
	FinalizeReload (953ms)
		ReleaseScriptCaches (0ms)
		RebuildScriptCaches (0ms)
		SetupLoadedEditorAssemblies (769ms)
			LogAssemblyErrors (0ms)
			InitializePlatformSupportModulesInManaged (15ms)
			SetLoadedEditorAssemblies (9ms)
			BeforeProcessingInitializeOnLoad (201ms)
			ProcessInitializeOnLoadAttributes (466ms)
			ProcessInitializeOnLoadMethodAttributes (75ms)
			AfterProcessingInitializeOnLoad (2ms)
			EditorAssembliesLoaded (1ms)
		ExecutionOrderSort2 (0ms)
		AwakeInstancesAfterBackupRestoration (17ms)
Refreshing native plugins compatible for Editor in 2.69 ms, found 4 plugins.
Preloading 0 native plugins for Editor in 0.00 ms.
Unloading 31 Unused Serialized files (Serialized files now loaded: 0)
Unloading 6721 unused Assets / (7.4 MB). Loaded Objects now: 7445.
Memory consumption went from 151.0 MB to 143.6 MB.
Total: 16.962800 ms (FindLiveObjects: 1.225200 ms CreateObjectMapping: 1.080400 ms MarkObjects: 8.343600 ms  DeleteObjects: 6.310000 ms)

Prepare: number of updated asset objects reloaded= 0
========================================================================
Received Import Request.
  Time since last request: 27.529218 seconds.
  path: Assets/Scrips/MainMenu.cs
  artifactKey: Guid(870d56ecdd91e614384b2cf4dbaaace4) Importer(815301076,1909f56bfc062723c751e8b465ee728b)
Start importing Assets/Scrips/MainMenu.cs using Guid(870d56ecdd91e614384b2cf4dbaaace4) Importer(815301076,1909f56bfc062723c751e8b465ee728b) (PreviewImporter) -> (artifact id: 'abc8ef39dfc6dc53a367a85d179abcb0') in 0.0116858 seconds
Number of updated asset objects reloaded before import = 0Number of asset objects unloaded after import = 0

========================================================================
Received Import Request.
  Time since last request: 34.914071 seconds.
  path: Assets/TextMesh Pro/Fonts/LiberationSans.ttf
  artifactKey: Guid(e3265ab4bf004d28a9537516768c1c75) Importer(815301076,1909f56bfc062723c751e8b465ee728b)
Start importing Assets/TextMesh Pro/Fonts/LiberationSans.ttf using Guid(e3265ab4bf004d28a9537516768c1c75) Importer(815301076,1909f56bfc062723c751e8b465ee728b) (PreviewImporter) -> (artifact id: 'e7820dabdd0757531fb4c7591fdc4096') in 0.8412935 seconds
Number of updated asset objects reloaded before import = 0Number of asset objects unloaded after import = 4

========================================================================
Received Prepare
Begin MonoManager ReloadAssembly
- Loaded All Assemblies, in  2.235 seconds
Refreshing native plugins compatible for Editor in 2.69 ms, found 4 plugins.
Native extension for iOS target not found
Native extension for Android target not found
Native extension for WindowsStandalone target not found
Native extension for WebGL target not found
Mono: successfully reloaded assembly
- Finished resetting the current domain, in  0.875 seconds
Domain Reload Profiling: 3117ms
	BeginReloadAssembly (494ms)
		ExecutionOrderSort (0ms)
		DisableScriptedObjects (79ms)
		BackupInstance (0ms)
		ReleaseScriptingObjects (1ms)
		CreateAndSetChildDomain (164ms)
	RebuildCommonClasses (47ms)
	RebuildNativeTypeToScriptingClass (13ms)
	initialDomainReloadingComplete (31ms)
	LoadAllAssembliesAndSetupDomain (1656ms)
		LoadAssemblies (1199ms)
		RebuildTransferFunctionScriptingTraits (0ms)
		AnalyzeDomain (613ms)
			TypeCache.Refresh (35ms)
				TypeCache.ScanAssembly (0ms)
			BuildScriptInfoCaches (536ms)
			ResolveRequiredComponents (14ms)
	FinalizeReload (876ms)
		ReleaseScriptCaches (0ms)
		RebuildScriptCaches (0ms)
		SetupLoadedEditorAssemblies (700ms)
			LogAssemblyErrors (0ms)
			InitializePlatformSupportModulesInManaged (13ms)
			SetLoadedEditorAssemblies (8ms)
			BeforeProcessingInitializeOnLoad (179ms)
			ProcessInitializeOnLoadAttributes (425ms)
			ProcessInitializeOnLoadMethodAttributes (71ms)
			AfterProcessingInitializeOnLoad (2ms)
			EditorAssembliesLoaded (0ms)
		ExecutionOrderSort2 (0ms)
		AwakeInstancesAfterBackupRestoration (19ms)
Refreshing native plugins compatible for Editor in 1.88 ms, found 4 plugins.
Preloading 0 native plugins for Editor in 0.00 ms.
Unloading 31 Unused Serialized files (Serialized files now loaded: 0)
Unloading 6721 unused Assets / (6.6 MB). Loaded Objects now: 7513.
Memory consumption went from 154.1 MB to 147.5 MB.
Total: 17.218000 ms (FindLiveObjects: 0.876200 ms CreateObjectMapping: 1.220000 ms MarkObjects: 10.160700 ms  DeleteObjects: 4.957800 ms)

Prepare: number of updated asset objects reloaded= 0
========================================================================
Received Prepare
Refreshing native plugins compatible for Editor in 1.80 ms, found 4 plugins.
Preloading 0 native plugins for Editor in 0.00 ms.
Unloading 31 Unused Serialized files (Serialized files now loaded: 0)
Unloading 6710 unused Assets / (8.9 MB). Loaded Objects now: 7513.
Memory consumption went from 156.0 MB to 147.0 MB.
Total: 304.583600 ms (FindLiveObjects: 3.992000 ms CreateObjectMapping: 1.035900 ms MarkObjects: 288.272500 ms  DeleteObjects: 11.280500 ms)

Prepare: number of updated asset objects reloaded= 0
========================================================================
Received Import Request.
  Time since last request: 211.611654 seconds.
  path: Assets/Scrips/MainMenu.cs
  artifactKey: Guid(870d56ecdd91e614384b2cf4dbaaace4) Importer(815301076,1909f56bfc062723c751e8b465ee728b)
Start importing Assets/Scrips/MainMenu.cs using Guid(870d56ecdd91e614384b2cf4dbaaace4) Importer(815301076,1909f56bfc062723c751e8b465ee728b) (PreviewImporter) -> (artifact id: '52994ad16b308f9450cd919cbc20fbbb') in 0.0409161 seconds
Number of updated asset objects reloaded before import = 0Number of asset objects unloaded after import = 0

========================================================================
Received Prepare
Begin MonoManager ReloadAssembly
- Loaded All Assemblies, in  2.540 seconds
Refreshing native plugins compatible for Editor in 2.57 ms, found 4 plugins.
Native extension for iOS target not found
Native extension for Android target not found
Native extension for WindowsStandalone target not found
Native extension for WebGL target not found
Mono: successfully reloaded assembly
- Finished resetting the current domain, in  0.860 seconds
Domain Reload Profiling: 3405ms
	BeginReloadAssembly (686ms)
		ExecutionOrderSort (0ms)
		DisableScriptedObjects (89ms)
		BackupInstance (0ms)
		ReleaseScriptingObjects (1ms)
		CreateAndSetChildDomain (281ms)
	RebuildCommonClasses (45ms)
	RebuildNativeTypeToScriptingClass (12ms)
	initialDomainReloadingComplete (34ms)
	LoadAllAssembliesAndSetupDomain (1767ms)
		LoadAssemblies (1461ms)
		RebuildTransferFunctionScriptingTraits (0ms)
		AnalyzeDomain (493ms)
			TypeCache.Refresh (62ms)
				TypeCache.ScanAssembly (2ms)
			BuildScriptInfoCaches (389ms)
			ResolveRequiredComponents (19ms)
	FinalizeReload (861ms)
		ReleaseScriptCaches (0ms)
		RebuildScriptCaches (0ms)
		SetupLoadedEditorAssemblies (694ms)
			LogAssemblyErrors (0ms)
			InitializePlatformSupportModulesInManaged (13ms)
			SetLoadedEditorAssemblies (7ms)
			BeforeProcessingInitializeOnLoad (185ms)
			ProcessInitializeOnLoadAttributes (420ms)
			ProcessInitializeOnLoadMethodAttributes (66ms)
			AfterProcessingInitializeOnLoad (2ms)
			EditorAssembliesLoaded (0ms)
		ExecutionOrderSort2 (0ms)
		AwakeInstancesAfterBackupRestoration (16ms)
Refreshing native plugins compatible for Editor in 1.35 ms, found 4 plugins.
Preloading 0 native plugins for Editor in 0.00 ms.
Unloading 31 Unused Serialized files (Serialized files now loaded: 0)
Unloading 6721 unused Assets / (7.0 MB). Loaded Objects now: 7515.
Memory consumption went from 154.1 MB to 147.1 MB.
Total: 11.888300 ms (FindLiveObjects: 0.809200 ms CreateObjectMapping: 1.098200 ms MarkObjects: 5.909500 ms  DeleteObjects: 4.069400 ms)

Prepare: number of updated asset objects reloaded= 0
========================================================================
Received Prepare
Refreshing native plugins compatible for Editor in 1.65 ms, found 4 plugins.
Preloading 0 native plugins for Editor in 0.00 ms.
Unloading 31 Unused Serialized files (Serialized files now loaded: 0)
Unloading 6710 unused Assets / (7.0 MB). Loaded Objects now: 7515.
Memory consumption went from 156.1 MB to 149.0 MB.
Total: 35.276600 ms (FindLiveObjects: 1.242100 ms CreateObjectMapping: 1.059000 ms MarkObjects: 27.812100 ms  DeleteObjects: 5.161000 ms)

Prepare: number of updated asset objects reloaded= 0
========================================================================
Received Prepare
Begin MonoManager ReloadAssembly
- Loaded All Assemblies, in  1.921 seconds
Refreshing native plugins compatible for Editor in 2.50 ms, found 4 plugins.
Native extension for iOS target not found
Native extension for Android target not found
Native extension for WindowsStandalone target not found
Native extension for WebGL target not found
Mono: successfully reloaded assembly
- Finished resetting the current domain, in  0.884 seconds
Domain Reload Profiling: 2807ms
	BeginReloadAssembly (453ms)
		ExecutionOrderSort (0ms)
		DisableScriptedObjects (44ms)
		BackupInstance (0ms)
		ReleaseScriptingObjects (0ms)
		CreateAndSetChildDomain (127ms)
	RebuildCommonClasses (62ms)
	RebuildNativeTypeToScriptingClass (12ms)
	initialDomainReloadingComplete (42ms)
	LoadAllAssembliesAndSetupDomain (1353ms)
		LoadAssemblies (1318ms)
		RebuildTransferFunctionScriptingTraits (0ms)
		AnalyzeDomain (236ms)
			TypeCache.Refresh (15ms)
				TypeCache.ScanAssembly (0ms)
			BuildScriptInfoCaches (201ms)
			ResolveRequiredComponents (11ms)
	FinalizeReload (884ms)
		ReleaseScriptCaches (0ms)
		RebuildScriptCaches (0ms)
		SetupLoadedEditorAssemblies (713ms)
			LogAssemblyErrors (0ms)
			InitializePlatformSupportModulesInManaged (14ms)
			SetLoadedEditorAssemblies (8ms)
			BeforeProcessingInitializeOnLoad (186ms)
			ProcessInitializeOnLoadAttributes (429ms)
			ProcessInitializeOnLoadMethodAttributes (74ms)
			AfterProcessingInitializeOnLoad (2ms)
			EditorAssembliesLoaded (0ms)
		ExecutionOrderSort2 (0ms)
		AwakeInstancesAfterBackupRestoration (21ms)
Refreshing native plugins compatible for Editor in 1.69 ms, found 4 plugins.
Preloading 0 native plugins for Editor in 0.00 ms.
Unloading 31 Unused Serialized files (Serialized files now loaded: 0)
Unloading 6721 unused Assets / (7.0 MB). Loaded Objects now: 7517.
Memory consumption went from 157.8 MB to 150.8 MB.
Total: 14.090000 ms (FindLiveObjects: 0.851400 ms CreateObjectMapping: 0.863700 ms MarkObjects: 7.585600 ms  DeleteObjects: 4.786700 ms)

Prepare: number of updated asset objects reloaded= 0
========================================================================
Received Prepare
Refreshing native plugins compatible for Editor in 1.98 ms, found 4 plugins.
Preloading 0 native plugins for Editor in 0.00 ms.
Unloading 31 Unused Serialized files (Serialized files now loaded: 0)
Unloading 6710 unused Assets / (6.5 MB). Loaded Objects now: 7517.
Memory consumption went from 159.9 MB to 153.3 MB.
Total: 14.866500 ms (FindLiveObjects: 1.080800 ms CreateObjectMapping: 1.562500 ms MarkObjects: 7.372700 ms  DeleteObjects: 4.848600 ms)

Prepare: number of updated asset objects reloaded= 0
========================================================================
Received Prepare
Begin MonoManager ReloadAssembly
- Loaded All Assemblies, in  1.349 seconds
Refreshing native plugins compatible for Editor in 2.51 ms, found 4 plugins.
Native extension for iOS target not found
Native extension for Android target not found
Native extension for WindowsStandalone target not found
Native extension for WebGL target not found
Mono: successfully reloaded assembly
- Finished resetting the current domain, in  0.937 seconds
Domain Reload Profiling: 2293ms
	BeginReloadAssembly (288ms)
		ExecutionOrderSort (0ms)
		DisableScriptedObjects (18ms)
		BackupInstance (0ms)
		ReleaseScriptingObjects (0ms)
		CreateAndSetChildDomain (82ms)
	RebuildCommonClasses (46ms)
	RebuildNativeTypeToScriptingClass (13ms)
	initialDomainReloadingComplete (33ms)
	LoadAllAssembliesAndSetupDomain (975ms)
		LoadAssemblies (682ms)
		RebuildTransferFunctionScriptingTraits (0ms)
		AnalyzeDomain (417ms)
			TypeCache.Refresh (27ms)
				TypeCache.ScanAssembly (1ms)
			BuildScriptInfoCaches (368ms)
			ResolveRequiredComponents (14ms)
	FinalizeReload (938ms)
		ReleaseScriptCaches (0ms)
		RebuildScriptCaches (0ms)
		SetupLoadedEditorAssemblies (768ms)
			LogAssemblyErrors (0ms)
			InitializePlatformSupportModulesInManaged (13ms)
			SetLoadedEditorAssemblies (8ms)
			BeforeProcessingInitializeOnLoad (207ms)
			ProcessInitializeOnLoadAttributes (463ms)
			ProcessInitializeOnLoadMethodAttributes (72ms)
			AfterProcessingInitializeOnLoad (4ms)
			EditorAssembliesLoaded (1ms)
		ExecutionOrderSort2 (0ms)
		AwakeInstancesAfterBackupRestoration (19ms)
Refreshing native plugins compatible for Editor in 1.30 ms, found 4 plugins.
Preloading 0 native plugins for Editor in 0.00 ms.
Unloading 31 Unused Serialized files (Serialized files now loaded: 0)
Unloading 6721 unused Assets / (6.9 MB). Loaded Objects now: 7519.
Memory consumption went from 161.6 MB to 154.7 MB.
Total: 11.973500 ms (FindLiveObjects: 0.815700 ms CreateObjectMapping: 0.637000 ms MarkObjects: 5.895100 ms  DeleteObjects: 4.623400 ms)

Prepare: number of updated asset objects reloaded= 0
========================================================================
Received Prepare
Begin MonoManager ReloadAssembly
- Loaded All Assemblies, in  0.939 seconds
Refreshing native plugins compatible for Editor in 1.74 ms, found 4 plugins.
Native extension for iOS target not found
Native extension for Android target not found
Native extension for WindowsStandalone target not found
Native extension for WebGL target not found
Mono: successfully reloaded assembly
- Finished resetting the current domain, in  1.021 seconds
Domain Reload Profiling: 1962ms
	BeginReloadAssembly (258ms)
		ExecutionOrderSort (0ms)
		DisableScriptedObjects (17ms)
		BackupInstance (0ms)
		ReleaseScriptingObjects (0ms)
		CreateAndSetChildDomain (71ms)
	RebuildCommonClasses (43ms)
	RebuildNativeTypeToScriptingClass (12ms)
	initialDomainReloadingComplete (31ms)
	LoadAllAssembliesAndSetupDomain (597ms)
		LoadAssemblies (504ms)
		RebuildTransferFunctionScriptingTraits (0ms)
		AnalyzeDomain (211ms)
			TypeCache.Refresh (7ms)
				TypeCache.ScanAssembly (0ms)
			BuildScriptInfoCaches (188ms)
			ResolveRequiredComponents (11ms)
	FinalizeReload (1021ms)
		ReleaseScriptCaches (0ms)
		RebuildScriptCaches (0ms)
		SetupLoadedEditorAssemblies (838ms)
			LogAssemblyErrors (0ms)
			InitializePlatformSupportModulesInManaged (14ms)
			SetLoadedEditorAssemblies (8ms)
			BeforeProcessingInitializeOnLoad (258ms)
			ProcessInitializeOnLoadAttributes (489ms)
			ProcessInitializeOnLoadMethodAttributes (66ms)
			AfterProcessingInitializeOnLoad (3ms)
			EditorAssembliesLoaded (0ms)
		ExecutionOrderSort2 (0ms)
		AwakeInstancesAfterBackupRestoration (19ms)
Refreshing native plugins compatible for Editor in 1.45 ms, found 4 plugins.
Preloading 0 native plugins for Editor in 0.00 ms.
Unloading 31 Unused Serialized files (Serialized files now loaded: 0)
Unloading 6721 unused Assets / (7.2 MB). Loaded Objects now: 7521.
Memory consumption went from 163.6 MB to 156.3 MB.
Total: 16.519700 ms (FindLiveObjects: 0.880200 ms CreateObjectMapping: 1.072000 ms MarkObjects: 8.402000 ms  DeleteObjects: 6.162900 ms)

Prepare: number of updated asset objects reloaded= 0
========================================================================
Received Import Request.
  Time since last request: 1422.751421 seconds.
  path: Assets/UISprite/Button/Text Only Buttons/Text_Only_Settings_02.png
  artifactKey: Guid(45aba3060125a484a831d713168a7b71) Importer(815301076,1909f56bfc062723c751e8b465ee728b)
Start importing Assets/UISprite/Button/Text Only Buttons/Text_Only_Settings_02.png using Guid(45aba3060125a484a831d713168a7b71) Importer(815301076,1909f56bfc062723c751e8b465ee728b) (PreviewImporter) -> (artifact id: '4448b759a5a16a5afa5b1e2a1a8ad581') in 1.2489175 seconds
Number of updated asset objects reloaded before import = 0Number of asset objects unloaded after import = 3

========================================================================
Received Import Request.
  Time since last request: 51.805457 seconds.
  path: Assets/UISprite/Button/Text Only Buttons/Text_Only_Settings_03.png
  artifactKey: Guid(16b73f45b0f14114eaac3fa54ecd647a) Importer(815301076,1909f56bfc062723c751e8b465ee728b)
Start importing Assets/UISprite/Button/Text Only Buttons/Text_Only_Settings_03.png using Guid(16b73f45b0f14114eaac3fa54ecd647a) Importer(815301076,1909f56bfc062723c751e8b465ee728b) (PreviewImporter) -> (artifact id: '182b28176f10bf5bb0f9738d9b57f7dc') in 0.0277001 seconds
Number of updated asset objects reloaded before import = 0Number of asset objects unloaded after import = 3

========================================================================
Received Import Request.
  Time since last request: 13.013212 seconds.
  path: Assets/UISprite/Button/Text Only Buttons/Text_Only_Settings_01.png
  artifactKey: Guid(0537cbe569d0b3b4abb06ae57f0f3502) Importer(815301076,1909f56bfc062723c751e8b465ee728b)
Start importing Assets/UISprite/Button/Text Only Buttons/Text_Only_Settings_01.png using Guid(0537cbe569d0b3b4abb06ae57f0f3502) Importer(815301076,1909f56bfc062723c751e8b465ee728b) (PreviewImporter) -> (artifact id: 'a2350935b81cebc7b5b2bcd4fc09b3e0') in 0.0244081 seconds
Number of updated asset objects reloaded before import = 0Number of asset objects unloaded after import = 3

========================================================================
Received Import Request.
  Time since last request: 65.774424 seconds.
  path: Assets/UISprite/Button/Buttons With Icons/Exit_Button_02.png
  artifactKey: Guid(9906543cc03acd049a64848d1c645ae7) Importer(815301076,1909f56bfc062723c751e8b465ee728b)
Start importing Assets/UISprite/Button/Buttons With Icons/Exit_Button_02.png using Guid(9906543cc03acd049a64848d1c645ae7) Importer(815301076,1909f56bfc062723c751e8b465ee728b) (PreviewImporter) -> (artifact id: '5a43f68a4f3fb159e43ba1b697f5b3d5') in 0.026065 seconds
Number of updated asset objects reloaded before import = 0Number of asset objects unloaded after import = 3

========================================================================
Received Prepare
Refreshing native plugins compatible for Editor in 1.50 ms, found 4 plugins.
Preloading 0 native plugins for Editor in 0.00 ms.
Unloading 31 Unused Serialized files (Serialized files now loaded: 0)
Unloading 6710 unused Assets / (6.5 MB). Loaded Objects now: 7522.
Memory consumption went from 154.5 MB to 148.1 MB.
Total: 121.342200 ms (FindLiveObjects: 2.127100 ms CreateObjectMapping: 1.403300 ms MarkObjects: 111.689100 ms  DeleteObjects: 6.119800 ms)

Prepare: number of updated asset objects reloaded= 0
========================================================================
Received Prepare
Begin MonoManager ReloadAssembly
- Loaded All Assemblies, in  3.382 seconds
Refreshing native plugins compatible for Editor in 2.20 ms, found 4 plugins.
Native extension for iOS target not found
Native extension for Android target not found
Native extension for WindowsStandalone target not found
Native extension for WebGL target not found
Mono: successfully reloaded assembly
- Finished resetting the current domain, in  0.977 seconds
Domain Reload Profiling: 4363ms
	BeginReloadAssembly (894ms)
		ExecutionOrderSort (0ms)
		DisableScriptedObjects (106ms)
		BackupInstance (0ms)
		ReleaseScriptingObjects (1ms)
		CreateAndSetChildDomain (400ms)
	RebuildCommonClasses (52ms)
	RebuildNativeTypeToScriptingClass (12ms)
	initialDomainReloadingComplete (43ms)
	LoadAllAssembliesAndSetupDomain (2384ms)
		LoadAssemblies (2236ms)
		RebuildTransferFunctionScriptingTraits (0ms)
		AnalyzeDomain (381ms)
			TypeCache.Refresh (54ms)
				TypeCache.ScanAssembly (1ms)
			BuildScriptInfoCaches (305ms)
			ResolveRequiredComponents (13ms)
	FinalizeReload (978ms)
		ReleaseScriptCaches (0ms)
		RebuildScriptCaches (0ms)
		SetupLoadedEditorAssemblies (798ms)
			LogAssemblyErrors (0ms)
			InitializePlatformSupportModulesInManaged (16ms)
			SetLoadedEditorAssemblies (7ms)
			BeforeProcessingInitializeOnLoad (221ms)
			ProcessInitializeOnLoadAttributes (481ms)
			ProcessInitializeOnLoadMethodAttributes (70ms)
			AfterProcessingInitializeOnLoad (2ms)
			EditorAssembliesLoaded (1ms)
		ExecutionOrderSort2 (0ms)
		AwakeInstancesAfterBackupRestoration (19ms)
Refreshing native plugins compatible for Editor in 1.96 ms, found 4 plugins.
Preloading 0 native plugins for Editor in 0.00 ms.
Unloading 31 Unused Serialized files (Serialized files now loaded: 0)
Unloading 6721 unused Assets / (7.2 MB). Loaded Objects now: 7523.
Memory consumption went from 156.1 MB to 148.9 MB.
Total: 14.810100 ms (FindLiveObjects: 0.865800 ms CreateObjectMapping: 0.719400 ms MarkObjects: 8.439300 ms  DeleteObjects: 4.782600 ms)

Prepare: number of updated asset objects reloaded= 0
========================================================================
Received Prepare
Begin MonoManager ReloadAssembly
- Loaded All Assemblies, in  1.538 seconds
Refreshing native plugins compatible for Editor in 2.54 ms, found 4 plugins.
Native extension for iOS target not found
Native extension for Android target not found
Native extension for WindowsStandalone target not found
Native extension for WebGL target not found
Mono: successfully reloaded assembly
- Finished resetting the current domain, in  0.945 seconds
Domain Reload Profiling: 2495ms
	BeginReloadAssembly (348ms)
		ExecutionOrderSort (0ms)
		DisableScriptedObjects (33ms)
		BackupInstance (0ms)
		ReleaseScriptingObjects (1ms)
		CreateAndSetChildDomain (100ms)
	RebuildCommonClasses (37ms)
	RebuildNativeTypeToScriptingClass (15ms)
	initialDomainReloadingComplete (28ms)
	LoadAllAssembliesAndSetupDomain (1122ms)
		LoadAssemblies (745ms)
		RebuildTransferFunctionScriptingTraits (0ms)
		AnalyzeDomain (505ms)
			TypeCache.Refresh (32ms)
				TypeCache.ScanAssembly (0ms)
			BuildScriptInfoCaches (424ms)
			ResolveRequiredComponents (18ms)
	FinalizeReload (946ms)
		ReleaseScriptCaches (0ms)
		RebuildScriptCaches (0ms)
		SetupLoadedEditorAssemblies (771ms)
			LogAssemblyErrors (0ms)
			InitializePlatformSupportModulesInManaged (16ms)
			SetLoadedEditorAssemblies (8ms)
			BeforeProcessingInitializeOnLoad (246ms)
			ProcessInitializeOnLoadAttributes (419ms)
			ProcessInitializeOnLoadMethodAttributes (80ms)
			AfterProcessingInitializeOnLoad (2ms)
			EditorAssembliesLoaded (0ms)
		ExecutionOrderSort2 (0ms)
		AwakeInstancesAfterBackupRestoration (18ms)
Refreshing native plugins compatible for Editor in 1.42 ms, found 4 plugins.
Preloading 0 native plugins for Editor in 0.00 ms.
Unloading 31 Unused Serialized files (Serialized files now loaded: 0)
Unloading 6721 unused Assets / (6.9 MB). Loaded Objects now: 7525.
Memory consumption went from 158.0 MB to 151.1 MB.
Total: 16.071800 ms (FindLiveObjects: 0.819400 ms CreateObjectMapping: 1.217700 ms MarkObjects: 8.426100 ms  DeleteObjects: 5.606000 ms)

Prepare: number of updated asset objects reloaded= 0
========================================================================
Received Prepare
Begin MonoManager ReloadAssembly
- Loaded All Assemblies, in  1.459 seconds
Refreshing native plugins compatible for Editor in 1.30 ms, found 4 plugins.
Native extension for iOS target not found
Native extension for Android target not found
Native extension for WindowsStandalone target not found
Native extension for WebGL target not found
Mono: successfully reloaded assembly
- Finished resetting the current domain, in  0.955 seconds
Domain Reload Profiling: 2422ms
	BeginReloadAssembly (372ms)
		ExecutionOrderSort (0ms)
		DisableScriptedObjects (39ms)
		BackupInstance (0ms)
		ReleaseScriptingObjects (0ms)
		CreateAndSetChildDomain (131ms)
	RebuildCommonClasses (62ms)
	RebuildNativeTypeToScriptingClass (15ms)
	initialDomainReloadingComplete (36ms)
	LoadAllAssembliesAndSetupDomain (982ms)
		LoadAssemblies (800ms)
		RebuildTransferFunctionScriptingTraits (0ms)
		AnalyzeDomain (298ms)
			TypeCache.Refresh (10ms)
				TypeCache.ScanAssembly (0ms)
			BuildScriptInfoCaches (265ms)
			ResolveRequiredComponents (15ms)
	FinalizeReload (956ms)
		ReleaseScriptCaches (0ms)
		RebuildScriptCaches (0ms)
		SetupLoadedEditorAssemblies (767ms)
			LogAssemblyErrors (0ms)
			InitializePlatformSupportModulesInManaged (14ms)
			SetLoadedEditorAssemblies (8ms)
			BeforeProcessingInitializeOnLoad (215ms)
			ProcessInitializeOnLoadAttributes (457ms)
			ProcessInitializeOnLoadMethodAttributes (71ms)
			AfterProcessingInitializeOnLoad (2ms)
			EditorAssembliesLoaded (0ms)
		ExecutionOrderSort2 (0ms)
		AwakeInstancesAfterBackupRestoration (18ms)
Refreshing native plugins compatible for Editor in 1.81 ms, found 4 plugins.
Preloading 0 native plugins for Editor in 0.00 ms.
Unloading 31 Unused Serialized files (Serialized files now loaded: 0)
Unloading 6721 unused Assets / (7.3 MB). Loaded Objects now: 7527.
Memory consumption went from 159.9 MB to 152.6 MB.
Total: 14.083200 ms (FindLiveObjects: 0.877800 ms CreateObjectMapping: 1.072100 ms MarkObjects: 6.046900 ms  DeleteObjects: 6.084100 ms)

Prepare: number of updated asset objects reloaded= 0
========================================================================
Received Prepare
Begin MonoManager ReloadAssembly
- Loaded All Assemblies, in  1.689 seconds
Refreshing native plugins compatible for Editor in 2.33 ms, found 4 plugins.
Native extension for iOS target not found
Native extension for Android target not found
Native extension for WindowsStandalone target not found
Native extension for WebGL target not found
Mono: successfully reloaded assembly
- Finished resetting the current domain, in  1.011 seconds
Domain Reload Profiling: 2706ms
	BeginReloadAssembly (365ms)
		ExecutionOrderSort (0ms)
		DisableScriptedObjects (41ms)
		BackupInstance (0ms)
		ReleaseScriptingObjects (1ms)
		CreateAndSetChildDomain (109ms)
	RebuildCommonClasses (41ms)
	RebuildNativeTypeToScriptingClass (12ms)
	initialDomainReloadingComplete (29ms)
	LoadAllAssembliesAndSetupDomain (1247ms)
		LoadAssemblies (965ms)
		RebuildTransferFunctionScriptingTraits (0ms)
		AnalyzeDomain (410ms)
			TypeCache.Refresh (29ms)
				TypeCache.ScanAssembly (0ms)
			BuildScriptInfoCaches (360ms)
			ResolveRequiredComponents (12ms)
	FinalizeReload (1012ms)
		ReleaseScriptCaches (0ms)
		RebuildScriptCaches (0ms)
		SetupLoadedEditorAssemblies (824ms)
			LogAssemblyErrors (0ms)
			InitializePlatformSupportModulesInManaged (15ms)
			SetLoadedEditorAssemblies (8ms)
			BeforeProcessingInitializeOnLoad (187ms)
			ProcessInitializeOnLoadAttributes (523ms)
			ProcessInitializeOnLoadMethodAttributes (89ms)
			AfterProcessingInitializeOnLoad (2ms)
			EditorAssembliesLoaded (0ms)
		ExecutionOrderSort2 (0ms)
		AwakeInstancesAfterBackupRestoration (21ms)
Refreshing native plugins compatible for Editor in 1.95 ms, found 4 plugins.
Preloading 0 native plugins for Editor in 0.00 ms.
Unloading 31 Unused Serialized files (Serialized files now loaded: 0)
Unloading 6721 unused Assets / (8.1 MB). Loaded Objects now: 7529.
Memory consumption went from 161.8 MB to 153.8 MB.
Total: 18.161400 ms (FindLiveObjects: 1.056200 ms CreateObjectMapping: 1.094800 ms MarkObjects: 8.912700 ms  DeleteObjects: 7.094500 ms)

Prepare: number of updated asset objects reloaded= 0
========================================================================
Received Import Request.
  Time since last request: 902.602122 seconds.
  path: Assets/UISprite/Number SDF.asset
  artifactKey: Guid(3ee58761a2d7beb4ebd19116dbf3d861) Importer(815301076,1909f56bfc062723c751e8b465ee728b)
Start importing Assets/UISprite/Number SDF.asset using Guid(3ee58761a2d7beb4ebd19116dbf3d861) Importer(815301076,1909f56bfc062723c751e8b465ee728b) (PreviewImporter) -> (artifact id: '4f308ed537cf44826c72812f5c529dff') in 2.5592695 seconds
Number of updated asset objects reloaded before import = 0Number of asset objects unloaded after import = 6

========================================================================
Received Import Request.
  Time since last request: 470.976920 seconds.
  path: Assets/Audio
  artifactKey: Guid(032c822ca6715354eb24f154e918d60a) Importer(815301076,1909f56bfc062723c751e8b465ee728b)
Start importing Assets/Audio using Guid(032c822ca6715354eb24f154e918d60a) Importer(815301076,1909f56bfc062723c751e8b465ee728b) (PreviewImporter) -> (artifact id: 'dd266b2b4b5769cb049ba9276d2d84f5') in 0.0506656 seconds
Number of updated asset objects reloaded before import = 0Number of asset objects unloaded after import = 0

========================================================================
Received Import Request.
  Time since last request: 7.683280 seconds.
  path: Assets/Audio/retro-laser-1-236669.mp3
  artifactKey: Guid(708428f224cff1c43b51640b7c4fcdef) Importer(815301076,1909f56bfc062723c751e8b465ee728b)
Start importing Assets/Audio/retro-laser-1-236669.mp3 using Guid(708428f224cff1c43b51640b7c4fcdef) Importer(815301076,1909f56bfc062723c751e8b465ee728b) (PreviewImporter) -> (artifact id: '57ec4585095123cab881c60b75b74a03') in 1.5727417 seconds
Number of updated asset objects reloaded before import = 0Number of asset objects unloaded after import = 2

========================================================================
Received Import Request.
  Time since last request: 281.610299 seconds.
  path: Assets/Audio/laser-shot-ingame-230500.mp3
  artifactKey: Guid(aa75aa225f2a87949a9ea194ae8d9d98) Importer(815301076,1909f56bfc062723c751e8b465ee728b)
Start importing Assets/Audio/laser-shot-ingame-230500.mp3 using Guid(aa75aa225f2a87949a9ea194ae8d9d98) Importer(815301076,1909f56bfc062723c751e8b465ee728b) (PreviewImporter) -> (artifact id: 'ec929223429114619eda1ae6388ed40f') in 0.1043441 seconds
Number of updated asset objects reloaded before import = 0Number of asset objects unloaded after import = 2

========================================================================
Received Import Request.
  Time since last request: 177.068292 seconds.
  path: Assets/Audio/masseffect-ambient-196361.mp3
  artifactKey: Guid(57ff2fec1d24f234fba094ba6a005e6c) Importer(815301076,1909f56bfc062723c751e8b465ee728b)
Start importing Assets/Audio/masseffect-ambient-196361.mp3 using Guid(57ff2fec1d24f234fba094ba6a005e6c) Importer(815301076,1909f56bfc062723c751e8b465ee728b) (PreviewImporter) -> (artifact id: '4835c58d0030bdc51836b6bc411fb722') in 0.1369575 seconds
Number of updated asset objects reloaded before import = 0Number of asset objects unloaded after import = 2

========================================================================
Received Import Request.
  Time since last request: 541.775771 seconds.
  path: Assets/Audio/game-minecraft-gaming-background-music-402451.mp3
  artifactKey: Guid(4694b7f0be68fb24ea0f019863bee5e2) Importer(815301076,1909f56bfc062723c751e8b465ee728b)
Start importing Assets/Audio/game-minecraft-gaming-background-music-402451.mp3 using Guid(4694b7f0be68fb24ea0f019863bee5e2) Importer(815301076,1909f56bfc062723c751e8b465ee728b) (PreviewImporter) -> (artifact id: 'aa386a06aa40d2fbebb0dee09510fcc1') in 0.1348462 seconds
Number of updated asset objects reloaded before import = 0Number of asset objects unloaded after import = 2

========================================================================
Received Import Request.
  Time since last request: 73.314617 seconds.
  path: Assets/Audio/Âm thanh chơi game.mp3
  artifactKey: Guid(708428f224cff1c43b51640b7c4fcdef) Importer(815301076,1909f56bfc062723c751e8b465ee728b)
Start importing Assets/Audio/Âm thanh chơi game.mp3 using Guid(708428f224cff1c43b51640b7c4fcdef) Importer(815301076,1909f56bfc062723c751e8b465ee728b) (PreviewImporter) -> (artifact id: 'd050cfd9046e72d077040e1f35f9b57d') in 0.0624026 seconds
Number of updated asset objects reloaded before import = 0Number of asset objects unloaded after import = 2

========================================================================
Received Import Request.
  Time since last request: 41.597381 seconds.
  path: Assets/Audio/Âm thanh chơi game chính.mp3
  artifactKey: Guid(4694b7f0be68fb24ea0f019863bee5e2) Importer(815301076,1909f56bfc062723c751e8b465ee728b)
Start importing Assets/Audio/Âm thanh chơi game chính.mp3 using Guid(4694b7f0be68fb24ea0f019863bee5e2) Importer(815301076,1909f56bfc062723c751e8b465ee728b) (PreviewImporter) -> (artifact id: '1c704e0e1fbd542fb20371293d369ee3') in 0.0322218 seconds
Number of updated asset objects reloaded before import = 0Number of asset objects unloaded after import = 2

========================================================================
Received Import Request.
  Time since last request: 13.885392 seconds.
  path: Assets/Audio/Âm thanh  player.mp3
  artifactKey: Guid(708428f224cff1c43b51640b7c4fcdef) Importer(815301076,1909f56bfc062723c751e8b465ee728b)
Start importing Assets/Audio/Âm thanh  player.mp3 using Guid(708428f224cff1c43b51640b7c4fcdef) Importer(815301076,1909f56bfc062723c751e8b465ee728b) (PreviewImporter) -> (artifact id: '43b125fb87f86fd44da0d8645038eb8a') in 0.02338 seconds
Number of updated asset objects reloaded before import = 0Number of asset objects unloaded after import = 2

========================================================================
Received Import Request.
  Time since last request: 9.798706 seconds.
  path: Assets/Audio/Âm thanh kẻ địch.mp3
  artifactKey: Guid(aa75aa225f2a87949a9ea194ae8d9d98) Importer(815301076,1909f56bfc062723c751e8b465ee728b)
Start importing Assets/Audio/Âm thanh kẻ địch.mp3 using Guid(aa75aa225f2a87949a9ea194ae8d9d98) Importer(815301076,1909f56bfc062723c751e8b465ee728b) (PreviewImporter) -> (artifact id: '24d69d07bb9846234dfeb8e0cd8ec7a5') in 0.0243581 seconds
Number of updated asset objects reloaded before import = 0Number of asset objects unloaded after import = 2

========================================================================
Received Import Request.
  Time since last request: 85.933380 seconds.
  path: Assets/Audio/game-music-loop-7-145285.mp3
  artifactKey: Guid(3f28cdd6a4a410a4e8046ef30c60aba1) Importer(815301076,1909f56bfc062723c751e8b465ee728b)
Start importing Assets/Audio/game-music-loop-7-145285.mp3 using Guid(3f28cdd6a4a410a4e8046ef30c60aba1) Importer(815301076,1909f56bfc062723c751e8b465ee728b) (PreviewImporter) -> (artifact id: '18fb13f370a2fc0d8687a1e1419d5abd') in 0.1081571 seconds
Number of updated asset objects reloaded before import = 0Number of asset objects unloaded after import = 2

========================================================================
Received Import Request.
  Time since last request: 258.468493 seconds.
  path: Assets/Audio/gaming-game-minecraft-background-music-372242.mp3
  artifactKey: Guid(1505aa7d61b42604c8b2d6eeb48f1c19) Importer(815301076,1909f56bfc062723c751e8b465ee728b)
Start importing Assets/Audio/gaming-game-minecraft-background-music-372242.mp3 using Guid(1505aa7d61b42604c8b2d6eeb48f1c19) Importer(815301076,1909f56bfc062723c751e8b465ee728b) (PreviewImporter) -> (artifact id: 'a666f51658402bd9a0eab3ddd6c3c26b') in 0.0951087 seconds
Number of updated asset objects reloaded before import = 0Number of asset objects unloaded after import = 2

========================================================================
Received Import Request.
  Time since last request: 95.280319 seconds.
  path: Assets/Audio/game-gaming-minecraft-background-music-379533.mp3
  artifactKey: Guid(98cd41edd50dc184785ffb9c19437d0c) Importer(815301076,1909f56bfc062723c751e8b465ee728b)
Start importing Assets/Audio/game-gaming-minecraft-background-music-379533.mp3 using Guid(98cd41edd50dc184785ffb9c19437d0c) Importer(815301076,1909f56bfc062723c751e8b465ee728b) (PreviewImporter) -> (artifact id: '9e78ecb6a2b3f0e3d19aa47ac9734ad3') in 0.0833767 seconds
Number of updated asset objects reloaded before import = 0Number of asset objects unloaded after import = 2

========================================================================
Received Import Request.
  Time since last request: 47.629391 seconds.
  path: Assets/Audio/Âm thanh sảnh chờ.mp3
  artifactKey: Guid(98cd41edd50dc184785ffb9c19437d0c) Importer(815301076,1909f56bfc062723c751e8b465ee728b)
Start importing Assets/Audio/Âm thanh sảnh chờ.mp3 using Guid(98cd41edd50dc184785ffb9c19437d0c) Importer(815301076,1909f56bfc062723c751e8b465ee728b) (PreviewImporter) -> (artifact id: '5562ef55eeeeb6c46dcafc8b694469de') in 0.0780542 seconds
Number of updated asset objects reloaded before import = 0Number of asset objects unloaded after import = 2

========================================================================
Received Import Request.
  Time since last request: 277.705232 seconds.
  path: Assets/Audio/button-394464.mp3
  artifactKey: Guid(5557a1ddc465fea4f8205a292173392b) Importer(815301076,1909f56bfc062723c751e8b465ee728b)
Start importing Assets/Audio/button-394464.mp3 using Guid(5557a1ddc465fea4f8205a292173392b) Importer(815301076,1909f56bfc062723c751e8b465ee728b) (PreviewImporter) -> (artifact id: 'efd3c5e608f0f3ae2379fd84271d4f06') in 0.1415414 seconds
Number of updated asset objects reloaded before import = 0Number of asset objects unloaded after import = 2

========================================================================
Received Import Request.
  Time since last request: 6.171634 seconds.
  path: Assets/Audio/button.mp3
  artifactKey: Guid(5557a1ddc465fea4f8205a292173392b) Importer(815301076,1909f56bfc062723c751e8b465ee728b)
Start importing Assets/Audio/button.mp3 using Guid(5557a1ddc465fea4f8205a292173392b) Importer(815301076,1909f56bfc062723c751e8b465ee728b) (PreviewImporter) -> (artifact id: 'd7f982b922c808150de0c2341527657b') in 0.023923 seconds
Number of updated asset objects reloaded before import = 0Number of asset objects unloaded after import = 2

========================================================================
Received Import Request.
  Time since last request: 1335.857004 seconds.
  path: Assets/Audio/boom3.wav
  artifactKey: Guid(d2ffc61ca0f028b448921a8c7974b5ab) Importer(815301076,1909f56bfc062723c751e8b465ee728b)
Start importing Assets/Audio/boom3.wav using Guid(d2ffc61ca0f028b448921a8c7974b5ab) Importer(815301076,1909f56bfc062723c751e8b465ee728b) (PreviewImporter) -> (artifact id: '34761277484beba2cb4328bfa3986be2') in 0.2077641 seconds
Number of updated asset objects reloaded before import = 0Number of asset objects unloaded after import = 2

========================================================================
Received Import Request.
  Time since last request: 62.679405 seconds.
  path: Assets/Audio/boom14.wav
  artifactKey: Guid(7fec700b29d93744383d4f37690b0c91) Importer(815301076,1909f56bfc062723c751e8b465ee728b)
Start importing Assets/Audio/boom14.wav using Guid(7fec700b29d93744383d4f37690b0c91) Importer(815301076,1909f56bfc062723c751e8b465ee728b) (PreviewImporter) -> (artifact id: '1abb55f76d9ee64680a319e53130e454') in 0.0494434 seconds
Number of updated asset objects reloaded before import = 0Number of asset objects unloaded after import = 2

========================================================================
Received Import Request.
  Time since last request: 15.102689 seconds.
  path: Assets/Audio/Enemy nổ.wav
  artifactKey: Guid(7fec700b29d93744383d4f37690b0c91) Importer(815301076,1909f56bfc062723c751e8b465ee728b)
Start importing Assets/Audio/Enemy nổ.wav using Guid(7fec700b29d93744383d4f37690b0c91) Importer(815301076,1909f56bfc062723c751e8b465ee728b) (PreviewImporter) -> (artifact id: 'ccf15903a8b429b3118ce4ff7e5ba050') in 0.0193458 seconds
Number of updated asset objects reloaded before import = 0Number of asset objects unloaded after import = 2

========================================================================
Received Import Request.
  Time since last request: 37.445543 seconds.
  path: Assets/Audio/boss nổ.wav
  artifactKey: Guid(d2ffc61ca0f028b448921a8c7974b5ab) Importer(815301076,1909f56bfc062723c751e8b465ee728b)
Start importing Assets/Audio/boss nổ.wav using Guid(d2ffc61ca0f028b448921a8c7974b5ab) Importer(815301076,1909f56bfc062723c751e8b465ee728b) (PreviewImporter) -> (artifact id: '019b4efeed68436bee9fe228cbf71f88') in 0.0175148 seconds
Number of updated asset objects reloaded before import = 0Number of asset objects unloaded after import = 2

========================================================================
Received Prepare
Begin MonoManager ReloadAssembly
- Loaded All Assemblies, in  4.330 seconds
Refreshing native plugins compatible for Editor in 2.84 ms, found 4 plugins.
Native extension for iOS target not found
Native extension for Android target not found
Native extension for WindowsStandalone target not found
Native extension for WebGL target not found
Mono: successfully reloaded assembly
- Finished resetting the current domain, in  1.123 seconds
Domain Reload Profiling: 5463ms
	BeginReloadAssembly (1916ms)
		ExecutionOrderSort (1ms)
		DisableScriptedObjects (502ms)
		BackupInstance (0ms)
		ReleaseScriptingObjects (9ms)
		CreateAndSetChildDomain (541ms)
	RebuildCommonClasses (59ms)
	RebuildNativeTypeToScriptingClass (13ms)
	initialDomainReloadingComplete (45ms)
	LoadAllAssembliesAndSetupDomain (2307ms)
		LoadAssemblies (2114ms)
		RebuildTransferFunctionScriptingTraits (0ms)
		AnalyzeDomain (467ms)
			TypeCache.Refresh (20ms)
				TypeCache.ScanAssembly (0ms)
			BuildScriptInfoCaches (419ms)
			ResolveRequiredComponents (12ms)
	FinalizeReload (1124ms)
		ReleaseScriptCaches (0ms)
		RebuildScriptCaches (0ms)
		SetupLoadedEditorAssemblies (928ms)
			LogAssemblyErrors (0ms)
			InitializePlatformSupportModulesInManaged (19ms)
			SetLoadedEditorAssemblies (8ms)
			BeforeProcessingInitializeOnLoad (219ms)
			ProcessInitializeOnLoadAttributes (595ms)
			ProcessInitializeOnLoadMethodAttributes (83ms)
			AfterProcessingInitializeOnLoad (3ms)
			EditorAssembliesLoaded (2ms)
		ExecutionOrderSort2 (0ms)
		AwakeInstancesAfterBackupRestoration (19ms)
Refreshing native plugins compatible for Editor in 1.47 ms, found 4 plugins.
Preloading 0 native plugins for Editor in 0.00 ms.
Unloading 31 Unused Serialized files (Serialized files now loaded: 0)
Unloading 6721 unused Assets / (9.2 MB). Loaded Objects now: 7556.
Memory consumption went from 156.2 MB to 147.1 MB.
Total: 20.155300 ms (FindLiveObjects: 1.076000 ms CreateObjectMapping: 0.916200 ms MarkObjects: 9.096100 ms  DeleteObjects: 9.063800 ms)

Prepare: number of updated asset objects reloaded= 0
========================================================================
Received Import Request.
  Time since last request: 379.913022 seconds.
  path: Assets/Scenes/MainMenu.unity
  artifactKey: Guid(fe61ea83af75638498ccb16ae70f8acb) Importer(815301076,1909f56bfc062723c751e8b465ee728b)
Start importing Assets/Scenes/MainMenu.unity using Guid(fe61ea83af75638498ccb16ae70f8acb) Importer(815301076,1909f56bfc062723c751e8b465ee728b) (PreviewImporter) -> (artifact id: 'd759da39dd746002d61aecc1196f37fd') in 0.0682622 seconds
Number of updated asset objects reloaded before import = 0Number of asset objects unloaded after import = 0

========================================================================
Received Import Request.
  Time since last request: 5.465395 seconds.
  path: Assets/Scenes/GameScene.unity
  artifactKey: Guid(8c9cfa26abfee488c85f1582747f6a02) Importer(815301076,1909f56bfc062723c751e8b465ee728b)
Start importing Assets/Scenes/GameScene.unity using Guid(8c9cfa26abfee488c85f1582747f6a02) Importer(815301076,1909f56bfc062723c751e8b465ee728b) (PreviewImporter) -> (artifact id: 'ab186fa9308f962dc9592fcfe8b5253b') in 0.0019544 seconds
Number of updated asset objects reloaded before import = 0Number of asset objects unloaded after import = 0

========================================================================
Received Prepare
Begin MonoManager ReloadAssembly
- Loaded All Assemblies, in  2.284 seconds
Refreshing native plugins compatible for Editor in 2.60 ms, found 4 plugins.
Native extension for iOS target not found
Native extension for Android target not found
Native extension for WindowsStandalone target not found
Native extension for WebGL target not found
Mono: successfully reloaded assembly
- Finished resetting the current domain, in  1.160 seconds
Domain Reload Profiling: 3449ms
	BeginReloadAssembly (905ms)
		ExecutionOrderSort (0ms)
		DisableScriptedObjects (103ms)
		BackupInstance (0ms)
		ReleaseScriptingObjects (3ms)
		CreateAndSetChildDomain (357ms)
	RebuildCommonClasses (45ms)
	RebuildNativeTypeToScriptingClass (12ms)
	initialDomainReloadingComplete (45ms)
	LoadAllAssembliesAndSetupDomain (1279ms)
		LoadAssemblies (1199ms)
		RebuildTransferFunctionScriptingTraits (0ms)
		AnalyzeDomain (309ms)
			TypeCache.Refresh (15ms)
				TypeCache.ScanAssembly (0ms)
			BuildScriptInfoCaches (269ms)
			ResolveRequiredComponents (13ms)
	FinalizeReload (1162ms)
		ReleaseScriptCaches (0ms)
		RebuildScriptCaches (0ms)
		SetupLoadedEditorAssemblies (949ms)
			LogAssemblyErrors (0ms)
			InitializePlatformSupportModulesInManaged (16ms)
			SetLoadedEditorAssemblies (8ms)
			BeforeProcessingInitializeOnLoad (258ms)
			ProcessInitializeOnLoadAttributes (550ms)
			ProcessInitializeOnLoadMethodAttributes (111ms)
			AfterProcessingInitializeOnLoad (4ms)
			EditorAssembliesLoaded (2ms)
		ExecutionOrderSort2 (0ms)
		AwakeInstancesAfterBackupRestoration (29ms)
Refreshing native plugins compatible for Editor in 2.15 ms, found 4 plugins.
Preloading 0 native plugins for Editor in 0.00 ms.
Unloading 31 Unused Serialized files (Serialized files now loaded: 0)
Unloading 6721 unused Assets / (7.8 MB). Loaded Objects now: 7558.
Memory consumption went from 156.1 MB to 148.3 MB.
Total: 16.288000 ms (FindLiveObjects: 1.154200 ms CreateObjectMapping: 1.026100 ms MarkObjects: 7.483900 ms  DeleteObjects: 6.620900 ms)

Prepare: number of updated asset objects reloaded= 0
========================================================================
Received Import Request.
  Time since last request: 70.288088 seconds.
  path: Assets/Scenes/GameScene.unity
  artifactKey: Guid(8c9cfa26abfee488c85f1582747f6a02) Importer(815301076,1909f56bfc062723c751e8b465ee728b)
Start importing Assets/Scenes/GameScene.unity using Guid(8c9cfa26abfee488c85f1582747f6a02) Importer(815301076,1909f56bfc062723c751e8b465ee728b) (PreviewImporter) -> (artifact id: '4be4cffbaf2efba89a5155d73763226d') in 0.0133203 seconds
Number of updated asset objects reloaded before import = 0Number of asset objects unloaded after import = 0

========================================================================
Received Prepare
Begin MonoManager ReloadAssembly
- Loaded All Assemblies, in  2.072 seconds
Refreshing native plugins compatible for Editor in 2.78 ms, found 4 plugins.
Native extension for iOS target not found
Native extension for Android target not found
Native extension for WindowsStandalone target not found
Native extension for WebGL target not found
Mono: successfully reloaded assembly
- Finished resetting the current domain, in  1.066 seconds
Domain Reload Profiling: 3143ms
	BeginReloadAssembly (521ms)
		ExecutionOrderSort (0ms)
		DisableScriptedObjects (50ms)
		BackupInstance (0ms)
		ReleaseScriptingObjects (1ms)
		CreateAndSetChildDomain (153ms)
	RebuildCommonClasses (66ms)
	RebuildNativeTypeToScriptingClass (11ms)
	initialDomainReloadingComplete (56ms)
	LoadAllAssembliesAndSetupDomain (1422ms)
		LoadAssemblies (1360ms)
		RebuildTransferFunctionScriptingTraits (0ms)
		AnalyzeDomain (282ms)
			TypeCache.Refresh (12ms)
				TypeCache.ScanAssembly (0ms)
			BuildScriptInfoCaches (247ms)
			ResolveRequiredComponents (14ms)
	FinalizeReload (1067ms)
		ReleaseScriptCaches (0ms)
		RebuildScriptCaches (0ms)
		SetupLoadedEditorAssemblies (835ms)
			LogAssemblyErrors (0ms)
			InitializePlatformSupportModulesInManaged (18ms)
			SetLoadedEditorAssemblies (8ms)
			BeforeProcessingInitializeOnLoad (239ms)
			ProcessInitializeOnLoadAttributes (502ms)
			ProcessInitializeOnLoadMethodAttributes (65ms)
			AfterProcessingInitializeOnLoad (3ms)
			EditorAssembliesLoaded (1ms)
		ExecutionOrderSort2 (0ms)
		AwakeInstancesAfterBackupRestoration (18ms)
Refreshing native plugins compatible for Editor in 2.34 ms, found 4 plugins.
Preloading 0 native plugins for Editor in 0.00 ms.
Unloading 31 Unused Serialized files (Serialized files now loaded: 0)
Unloading 6721 unused Assets / (9.2 MB). Loaded Objects now: 7560.
Memory consumption went from 156.1 MB to 146.9 MB.
Total: 18.596000 ms (FindLiveObjects: 1.432900 ms CreateObjectMapping: 0.844200 ms MarkObjects: 7.634000 ms  DeleteObjects: 8.682300 ms)

Prepare: number of updated asset objects reloaded= 0
========================================================================
Received Import Request.
  Time since last request: 59.509027 seconds.
  path: Assets/Scenes/MainMenu.unity
  artifactKey: Guid(fe61ea83af75638498ccb16ae70f8acb) Importer(815301076,1909f56bfc062723c751e8b465ee728b)
Start importing Assets/Scenes/MainMenu.unity using Guid(fe61ea83af75638498ccb16ae70f8acb) Importer(815301076,1909f56bfc062723c751e8b465ee728b) (PreviewImporter) -> (artifact id: '7be25b867ee3c87826043dd601b65201') in 0.0192929 seconds
Number of updated asset objects reloaded before import = 0Number of asset objects unloaded after import = 0

========================================================================
Received Prepare
Begin MonoManager ReloadAssembly
- Loaded All Assemblies, in  1.988 seconds
Refreshing native plugins compatible for Editor in 3.43 ms, found 4 plugins.
Native extension for iOS target not found
Native extension for Android target not found
Native extension for WindowsStandalone target not found
Native extension for WebGL target not found
Mono: successfully reloaded assembly
- Finished resetting the current domain, in  1.077 seconds
Domain Reload Profiling: 3081ms
	BeginReloadAssembly (452ms)
		ExecutionOrderSort (0ms)
		DisableScriptedObjects (42ms)
		BackupInstance (0ms)
		ReleaseScriptingObjects (1ms)
		CreateAndSetChildDomain (126ms)
	RebuildCommonClasses (47ms)
	RebuildNativeTypeToScriptingClass (12ms)
	initialDomainReloadingComplete (38ms)
	LoadAllAssembliesAndSetupDomain (1455ms)
		LoadAssemblies (1173ms)
		RebuildTransferFunctionScriptingTraits (0ms)
		AnalyzeDomain (463ms)
			TypeCache.Refresh (18ms)
				TypeCache.ScanAssembly (0ms)
			BuildScriptInfoCaches (391ms)
			ResolveRequiredComponents (24ms)
	FinalizeReload (1077ms)
		ReleaseScriptCaches (0ms)
		RebuildScriptCaches (0ms)
		SetupLoadedEditorAssemblies (875ms)
			LogAssemblyErrors (0ms)
			InitializePlatformSupportModulesInManaged (17ms)
			SetLoadedEditorAssemblies (8ms)
			BeforeProcessingInitializeOnLoad (189ms)
			ProcessInitializeOnLoadAttributes (551ms)
			ProcessInitializeOnLoadMethodAttributes (101ms)
			AfterProcessingInitializeOnLoad (3ms)
			EditorAssembliesLoaded (6ms)
		ExecutionOrderSort2 (0ms)
		AwakeInstancesAfterBackupRestoration (37ms)
Refreshing native plugins compatible for Editor in 2.05 ms, found 4 plugins.
Preloading 0 native plugins for Editor in 0.00 ms.
Unloading 31 Unused Serialized files (Serialized files now loaded: 0)
Unloading 6721 unused Assets / (6.9 MB). Loaded Objects now: 7562.
Memory consumption went from 156.2 MB to 149.3 MB.
Total: 14.025000 ms (FindLiveObjects: 0.815500 ms CreateObjectMapping: 0.513000 ms MarkObjects: 7.437600 ms  DeleteObjects: 5.256800 ms)

Prepare: number of updated asset objects reloaded= 0
========================================================================
Received Prepare
Refreshing native plugins compatible for Editor in 4.97 ms, found 4 plugins.
Preloading 0 native plugins for Editor in 0.00 ms.
Unloading 31 Unused Serialized files (Serialized files now loaded: 0)
Unloading 6711 unused Assets / (8.3 MB). Loaded Objects now: 7563.
Memory consumption went from 158.2 MB to 149.9 MB.
Total: 202.933800 ms (FindLiveObjects: 10.047700 ms CreateObjectMapping: 1.117000 ms MarkObjects: 183.902500 ms  DeleteObjects: 7.855400 ms)

Prepare: number of updated asset objects reloaded= 0
========================================================================
Received Import Request.
  Time since last request: 163.171466 seconds.
  path: Assets/Scrips/UIButtonSound.cs
  artifactKey: Guid(330ee69542264894ca2056a287509df2) Importer(815301076,1909f56bfc062723c751e8b465ee728b)
Start importing Assets/Scrips/UIButtonSound.cs using Guid(330ee69542264894ca2056a287509df2) Importer(815301076,1909f56bfc062723c751e8b465ee728b) (PreviewImporter) -> (artifact id: '3e0e5ed542a7e2d27d3036c682f9c8e5') in 0.119622 seconds
Number of updated asset objects reloaded before import = 0Number of asset objects unloaded after import = 0

========================================================================
Received Prepare
Begin MonoManager ReloadAssembly
- Loaded All Assemblies, in  3.254 seconds
Refreshing native plugins compatible for Editor in 3.12 ms, found 4 plugins.
Native extension for iOS target not found
Native extension for Android target not found
Native extension for WindowsStandalone target not found
Native extension for WebGL target not found
Mono: successfully reloaded assembly
- Finished resetting the current domain, in  1.007 seconds
Domain Reload Profiling: 4267ms
	BeginReloadAssembly (1394ms)
		ExecutionOrderSort (1ms)
		DisableScriptedObjects (339ms)
		BackupInstance (0ms)
		ReleaseScriptingObjects (1ms)
		CreateAndSetChildDomain (469ms)
	RebuildCommonClasses (58ms)
	RebuildNativeTypeToScriptingClass (13ms)
	initialDomainReloadingComplete (41ms)
	LoadAllAssembliesAndSetupDomain (1753ms)
		LoadAssemblies (1402ms)
		RebuildTransferFunctionScriptingTraits (0ms)
		AnalyzeDomain (653ms)
			TypeCache.Refresh (79ms)
				TypeCache.ScanAssembly (1ms)
			BuildScriptInfoCaches (530ms)
			ResolveRequiredComponents (16ms)
	FinalizeReload (1008ms)
		ReleaseScriptCaches (0ms)
		RebuildScriptCaches (0ms)
		SetupLoadedEditorAssemblies (804ms)
			LogAssemblyErrors (0ms)
			InitializePlatformSupportModulesInManaged (17ms)
			SetLoadedEditorAssemblies (8ms)
			BeforeProcessingInitializeOnLoad (212ms)
			ProcessInitializeOnLoadAttributes (483ms)
			ProcessInitializeOnLoadMethodAttributes (82ms)
			AfterProcessingInitializeOnLoad (2ms)
			EditorAssembliesLoaded (1ms)
		ExecutionOrderSort2 (0ms)
		AwakeInstancesAfterBackupRestoration (20ms)
Refreshing native plugins compatible for Editor in 1.44 ms, found 4 plugins.
Preloading 0 native plugins for Editor in 0.00 ms.
Unloading 31 Unused Serialized files (Serialized files now loaded: 0)
Unloading 6722 unused Assets / (7.0 MB). Loaded Objects now: 7565.
Memory consumption went from 156.2 MB to 149.3 MB.
Total: 17.031700 ms (FindLiveObjects: 1.145400 ms CreateObjectMapping: 1.808000 ms MarkObjects: 7.450800 ms  DeleteObjects: 6.624600 ms)

Prepare: number of updated asset objects reloaded= 0
========================================================================
Received Import Request.
  Time since last request: 28.684125 seconds.
  path: Assets/Scrips/UIButtonSound.cs
  artifactKey: Guid(330ee69542264894ca2056a287509df2) Importer(815301076,1909f56bfc062723c751e8b465ee728b)
Start importing Assets/Scrips/UIButtonSound.cs using Guid(330ee69542264894ca2056a287509df2) Importer(815301076,1909f56bfc062723c751e8b465ee728b) (PreviewImporter) -> (artifact id: '1d0d4d694cde6dcebc2be1c4454cc2f7') in 0.0170557 seconds
Number of updated asset objects reloaded before import = 0Number of asset objects unloaded after import = 0

========================================================================
Received Prepare
Refreshing native plugins compatible for Editor in 1.66 ms, found 4 plugins.
Preloading 0 native plugins for Editor in 0.00 ms.
Unloading 31 Unused Serialized files (Serialized files now loaded: 0)
Unloading 6711 unused Assets / (7.1 MB). Loaded Objects now: 7565.
Memory consumption went from 156.4 MB to 149.2 MB.
Total: 247.760200 ms (FindLiveObjects: 3.212200 ms CreateObjectMapping: 0.897700 ms MarkObjects: 234.223700 ms  DeleteObjects: 9.424100 ms)

Prepare: number of updated asset objects reloaded= 0
========================================================================
Received Import Request.
  Time since last request: 264.332850 seconds.
  path: Assets/Scrips/UIButtonSound.cs
  artifactKey: Guid(330ee69542264894ca2056a287509df2) Importer(815301076,1909f56bfc062723c751e8b465ee728b)
Start importing Assets/Scrips/UIButtonSound.cs using Guid(330ee69542264894ca2056a287509df2) Importer(815301076,1909f56bfc062723c751e8b465ee728b) (PreviewImporter) -> (artifact id: '638150144dec8c7671733597e27605cd') in 0.0409429 seconds
Number of updated asset objects reloaded before import = 0Number of asset objects unloaded after import = 0

========================================================================
Received Prepare
Begin MonoManager ReloadAssembly
- Loaded All Assemblies, in  4.665 seconds
Refreshing native plugins compatible for Editor in 2.83 ms, found 4 plugins.
Native extension for iOS target not found
Native extension for Android target not found
Native extension for WindowsStandalone target not found
Native extension for WebGL target not found
Mono: successfully reloaded assembly
- Finished resetting the current domain, in  1.093 seconds
Domain Reload Profiling: 5762ms
	BeginReloadAssembly (1312ms)
		ExecutionOrderSort (0ms)
		DisableScriptedObjects (241ms)
		BackupInstance (0ms)
		ReleaseScriptingObjects (2ms)
		CreateAndSetChildDomain (516ms)
	RebuildCommonClasses (56ms)
	RebuildNativeTypeToScriptingClass (14ms)
	initialDomainReloadingComplete (44ms)
	LoadAllAssembliesAndSetupDomain (3242ms)
		LoadAssemblies (3006ms)
		RebuildTransferFunctionScriptingTraits (0ms)
		AnalyzeDomain (539ms)
			TypeCache.Refresh (146ms)
				TypeCache.ScanAssembly (1ms)
			BuildScriptInfoCaches (370ms)
			ResolveRequiredComponents (14ms)
	FinalizeReload (1094ms)
		ReleaseScriptCaches (0ms)
		RebuildScriptCaches (0ms)
		SetupLoadedEditorAssemblies (870ms)
			LogAssemblyErrors (0ms)
			InitializePlatformSupportModulesInManaged (20ms)
			SetLoadedEditorAssemblies (7ms)
			BeforeProcessingInitializeOnLoad (201ms)
			ProcessInitializeOnLoadAttributes (519ms)
			ProcessInitializeOnLoadMethodAttributes (116ms)
			AfterProcessingInitializeOnLoad (3ms)
			EditorAssembliesLoaded (5ms)
		ExecutionOrderSort2 (0ms)
		AwakeInstancesAfterBackupRestoration (21ms)
Refreshing native plugins compatible for Editor in 1.63 ms, found 4 plugins.
Preloading 0 native plugins for Editor in 0.00 ms.
Unloading 31 Unused Serialized files (Serialized files now loaded: 0)
Unloading 6722 unused Assets / (7.7 MB). Loaded Objects now: 7567.
Memory consumption went from 156.3 MB to 148.6 MB.
Total: 14.980600 ms (FindLiveObjects: 0.856900 ms CreateObjectMapping: 0.949800 ms MarkObjects: 6.846900 ms  DeleteObjects: 6.325000 ms)

Prepare: number of updated asset objects reloaded= 0
========================================================================
Received Prepare
Refreshing native plugins compatible for Editor in 1.58 ms, found 4 plugins.
Preloading 0 native plugins for Editor in 0.00 ms.
Unloading 31 Unused Serialized files (Serialized files now loaded: 0)
Unloading 6711 unused Assets / (7.6 MB). Loaded Objects now: 7567.
Memory consumption went from 158.3 MB to 150.6 MB.
Total: 125.350200 ms (FindLiveObjects: 2.436200 ms CreateObjectMapping: 1.076500 ms MarkObjects: 114.614600 ms  DeleteObjects: 7.220300 ms)

Prepare: number of updated asset objects reloaded= 0
========================================================================
Received Import Request.
  Time since last request: 216.842720 seconds.
  path: Assets/Scrips/UIButtonSound.cs
  artifactKey: Guid(330ee69542264894ca2056a287509df2) Importer(815301076,1909f56bfc062723c751e8b465ee728b)
Start importing Assets/Scrips/UIButtonSound.cs using Guid(330ee69542264894ca2056a287509df2) Importer(815301076,1909f56bfc062723c751e8b465ee728b) (PreviewImporter) -> (artifact id: '00000000000000000000000000000000') in 0.0721538 seconds
Import Error Code:(4)
Message: Build asset version error: assets/scrips/uibuttonsound.cs in SourceAssetDB has modification time of '2025-09-25T04:38:11.5226114Z' while content on disk has modification time of '2025-09-25T04:38:12.7241183Z'
  ERROR: Build asset version error: assets/scrips/uibuttonsound.cs in SourceAssetDB has modification time of '2025-09-25T04:38:11.5226114Z' while content on disk has modification time of '2025-09-25T04:38:12.7241183Z'
Number of updated asset objects reloaded before import = 0Number of asset objects unloaded after import = 0

========================================================================
Received Import Request.
  Time since last request: 3.205734 seconds.
  path: Assets/Scrips/UIButtonSound.cs
  artifactKey: Guid(330ee69542264894ca2056a287509df2) Importer(815301076,1909f56bfc062723c751e8b465ee728b)
Start importing Assets/Scrips/UIButtonSound.cs using Guid(330ee69542264894ca2056a287509df2) Importer(815301076,1909f56bfc062723c751e8b465ee728b) (PreviewImporter) -> (artifact id: '00000000000000000000000000000000') in 0.0041661 seconds
Import Error Code:(4)
Message: Build asset version error: assets/scrips/uibuttonsound.cs in SourceAssetDB has modification time of '2025-09-25T04:38:11.5226114Z' while content on disk has modification time of '2025-09-25T04:38:12.7241183Z'
  ERROR: Build asset version error: assets/scrips/uibuttonsound.cs in SourceAssetDB has modification time of '2025-09-25T04:38:11.5226114Z' while content on disk has modification time of '2025-09-25T04:38:12.7241183Z'
Number of updated asset objects reloaded before import = 0Number of asset objects unloaded after import = 0

========================================================================
Received Prepare
Begin MonoManager ReloadAssembly
- Loaded All Assemblies, in  3.708 seconds
Refreshing native plugins compatible for Editor in 2.88 ms, found 4 plugins.
Native extension for iOS target not found
Native extension for Android target not found
Native extension for WindowsStandalone target not found
Native extension for WebGL target not found
Mono: successfully reloaded assembly
- Finished resetting the current domain, in  2.124 seconds
Domain Reload Profiling: 5843ms
	BeginReloadAssembly (1584ms)
		ExecutionOrderSort (1ms)
		DisableScriptedObjects (174ms)
		BackupInstance (0ms)
		ReleaseScriptingObjects (5ms)
		CreateAndSetChildDomain (946ms)
	RebuildCommonClasses (45ms)
	RebuildNativeTypeToScriptingClass (13ms)
	initialDomainReloadingComplete (42ms)
	LoadAllAssembliesAndSetupDomain (2034ms)
		LoadAssemblies (1548ms)
		RebuildTransferFunctionScriptingTraits (0ms)
		AnalyzeDomain (711ms)
			TypeCache.Refresh (84ms)
				TypeCache.ScanAssembly (2ms)
			BuildScriptInfoCaches (549ms)
			ResolveRequiredComponents (25ms)
	FinalizeReload (2126ms)
		ReleaseScriptCaches (0ms)
		RebuildScriptCaches (0ms)
		SetupLoadedEditorAssemblies (1665ms)
			LogAssemblyErrors (0ms)
			InitializePlatformSupportModulesInManaged (58ms)
			SetLoadedEditorAssemblies (19ms)
			BeforeProcessingInitializeOnLoad (755ms)
			ProcessInitializeOnLoadAttributes (685ms)
			ProcessInitializeOnLoadMethodAttributes (143ms)
			AfterProcessingInitializeOnLoad (3ms)
			EditorAssembliesLoaded (2ms)
		ExecutionOrderSort2 (0ms)
		AwakeInstancesAfterBackupRestoration (27ms)
Refreshing native plugins compatible for Editor in 1.51 ms, found 4 plugins.
Preloading 0 native plugins for Editor in 0.00 ms.
Unloading 31 Unused Serialized files (Serialized files now loaded: 0)
Unloading 6722 unused Assets / (7.4 MB). Loaded Objects now: 7569.
Memory consumption went from 158.2 MB to 150.7 MB.
Total: 16.563700 ms (FindLiveObjects: 0.909600 ms CreateObjectMapping: 0.893900 ms MarkObjects: 8.420400 ms  DeleteObjects: 6.337000 ms)

Prepare: number of updated asset objects reloaded= 0
========================================================================
Received Prepare
Begin MonoManager ReloadAssembly
- Loaded All Assemblies, in  1.683 seconds
Refreshing native plugins compatible for Editor in 3.22 ms, found 4 plugins.
Native extension for iOS target not found
Native extension for Android target not found
Native extension for WindowsStandalone target not found
Native extension for WebGL target not found
Mono: successfully reloaded assembly
- Finished resetting the current domain, in  0.979 seconds
Domain Reload Profiling: 2668ms
	BeginReloadAssembly (689ms)
		ExecutionOrderSort (0ms)
		DisableScriptedObjects (32ms)
		BackupInstance (0ms)
		ReleaseScriptingObjects (1ms)
		CreateAndSetChildDomain (166ms)
	RebuildCommonClasses (51ms)
	RebuildNativeTypeToScriptingClass (12ms)
	initialDomainReloadingComplete (36ms)
	LoadAllAssembliesAndSetupDomain (901ms)
		LoadAssemblies (997ms)
		RebuildTransferFunctionScriptingTraits (0ms)
		AnalyzeDomain (299ms)
			TypeCache.Refresh (9ms)
				TypeCache.ScanAssembly (0ms)
			BuildScriptInfoCaches (265ms)
			ResolveRequiredComponents (13ms)
	FinalizeReload (979ms)
		ReleaseScriptCaches (0ms)
		RebuildScriptCaches (0ms)
		SetupLoadedEditorAssemblies (706ms)
			LogAssemblyErrors (0ms)
			InitializePlatformSupportModulesInManaged (17ms)
			SetLoadedEditorAssemblies (7ms)
			BeforeProcessingInitializeOnLoad (190ms)
			ProcessInitializeOnLoadAttributes (420ms)
			ProcessInitializeOnLoadMethodAttributes (69ms)
			AfterProcessingInitializeOnLoad (2ms)
			EditorAssembliesLoaded (0ms)
		ExecutionOrderSort2 (0ms)
		AwakeInstancesAfterBackupRestoration (18ms)
Refreshing native plugins compatible for Editor in 1.42 ms, found 4 plugins.
Preloading 0 native plugins for Editor in 0.00 ms.
Unloading 31 Unused Serialized files (Serialized files now loaded: 0)
Unloading 6722 unused Assets / (8.9 MB). Loaded Objects now: 7571.
Memory consumption went from 160.1 MB to 151.2 MB.
Total: 16.175300 ms (FindLiveObjects: 0.913200 ms CreateObjectMapping: 1.254600 ms MarkObjects: 6.681000 ms  DeleteObjects: 7.324600 ms)

Prepare: number of updated asset objects reloaded= 0
========================================================================
Received Import Request.
  Time since last request: 34.714395 seconds.
  path: Assets/Scrips/UIButtonSound.cs
  artifactKey: Guid(330ee69542264894ca2056a287509df2) Importer(815301076,1909f56bfc062723c751e8b465ee728b)
Start importing Assets/Scrips/UIButtonSound.cs using Guid(330ee69542264894ca2056a287509df2) Importer(815301076,1909f56bfc062723c751e8b465ee728b) (PreviewImporter) -> (artifact id: '3770da683f7df8e24b010add1aead9c8') in 0.0136487 seconds
Number of updated asset objects reloaded before import = 0Number of asset objects unloaded after import = 0

========================================================================
Received Prepare
Begin MonoManager ReloadAssembly
- Loaded All Assemblies, in  2.791 seconds
Refreshing native plugins compatible for Editor in 3.01 ms, found 4 plugins.
Native extension for iOS target not found
Native extension for Android target not found
Native extension for WindowsStandalone target not found
Native extension for WebGL target not found
Mono: successfully reloaded assembly
- Finished resetting the current domain, in  1.136 seconds
Domain Reload Profiling: 3932ms
	BeginReloadAssembly (1140ms)
		ExecutionOrderSort (0ms)
		DisableScriptedObjects (557ms)
		BackupInstance (0ms)
		ReleaseScriptingObjects (1ms)
		CreateAndSetChildDomain (204ms)
	RebuildCommonClasses (49ms)
	RebuildNativeTypeToScriptingClass (12ms)
	initialDomainReloadingComplete (37ms)
	LoadAllAssembliesAndSetupDomain (1558ms)
		LoadAssemblies (1339ms)
		RebuildTransferFunctionScriptingTraits (0ms)
		AnalyzeDomain (422ms)
			TypeCache.Refresh (49ms)
				TypeCache.ScanAssembly (0ms)
			BuildScriptInfoCaches (353ms)
			ResolveRequiredComponents (13ms)
	FinalizeReload (1137ms)
		ReleaseScriptCaches (0ms)
		RebuildScriptCaches (0ms)
		SetupLoadedEditorAssemblies (938ms)
			LogAssemblyErrors (0ms)
			InitializePlatformSupportModulesInManaged (23ms)
			SetLoadedEditorAssemblies (6ms)
			BeforeProcessingInitializeOnLoad (276ms)
			ProcessInitializeOnLoadAttributes (544ms)
			ProcessInitializeOnLoadMethodAttributes (85ms)
			AfterProcessingInitializeOnLoad (2ms)
			EditorAssembliesLoaded (1ms)
		ExecutionOrderSort2 (0ms)
		AwakeInstancesAfterBackupRestoration (24ms)
Refreshing native plugins compatible for Editor in 1.52 ms, found 4 plugins.
Preloading 0 native plugins for Editor in 0.00 ms.
Unloading 31 Unused Serialized files (Serialized files now loaded: 0)
Unloading 6722 unused Assets / (6.8 MB). Loaded Objects now: 7573.
Memory consumption went from 158.3 MB to 151.5 MB.
Total: 17.720100 ms (FindLiveObjects: 1.176100 ms CreateObjectMapping: 1.095800 ms MarkObjects: 9.359000 ms  DeleteObjects: 6.085600 ms)

Prepare: number of updated asset objects reloaded= 0
========================================================================
Received Import Request.
  Time since last request: 356.754537 seconds.
  path: Assets/Scenes/GameScene.unity
  artifactKey: Guid(8c9cfa26abfee488c85f1582747f6a02) Importer(815301076,1909f56bfc062723c751e8b465ee728b)
Start importing Assets/Scenes/GameScene.unity using Guid(8c9cfa26abfee488c85f1582747f6a02) Importer(815301076,1909f56bfc062723c751e8b465ee728b) (PreviewImporter) -> (artifact id: '3e0fd14cc3b37484e74f5baa992ba109') in 0.234123 seconds
Number of updated asset objects reloaded before import = 0Number of asset objects unloaded after import = 0

========================================================================
Received Prepare
Begin MonoManager ReloadAssembly
- Loaded All Assemblies, in  5.294 seconds
Refreshing native plugins compatible for Editor in 3.59 ms, found 4 plugins.
Native extension for iOS target not found
Native extension for Android target not found
Native extension for WindowsStandalone target not found
Native extension for WebGL target not found
Mono: successfully reloaded assembly
- Finished resetting the current domain, in  1.257 seconds
Domain Reload Profiling: 6561ms
	BeginReloadAssembly (2065ms)
		ExecutionOrderSort (2ms)
		DisableScriptedObjects (475ms)
		BackupInstance (0ms)
		ReleaseScriptingObjects (6ms)
		CreateAndSetChildDomain (828ms)
	RebuildCommonClasses (67ms)
	RebuildNativeTypeToScriptingClass (15ms)
	initialDomainReloadingComplete (53ms)
	LoadAllAssembliesAndSetupDomain (3103ms)
		LoadAssemblies (2484ms)
		RebuildTransferFunctionScriptingTraits (0ms)
		AnalyzeDomain (959ms)
			TypeCache.Refresh (76ms)
				TypeCache.ScanAssembly (0ms)
			BuildScriptInfoCaches (853ms)
			ResolveRequiredComponents (18ms)
	FinalizeReload (1259ms)
		ReleaseScriptCaches (0ms)
		RebuildScriptCaches (0ms)
		SetupLoadedEditorAssemblies (1015ms)
			LogAssemblyErrors (0ms)
			InitializePlatformSupportModulesInManaged (24ms)
			SetLoadedEditorAssemblies (10ms)
			BeforeProcessingInitializeOnLoad (304ms)
			ProcessInitializeOnLoadAttributes (573ms)
			ProcessInitializeOnLoadMethodAttributes (99ms)
			AfterProcessingInitializeOnLoad (3ms)
			EditorAssembliesLoaded (2ms)
		ExecutionOrderSort2 (0ms)
		AwakeInstancesAfterBackupRestoration (21ms)
Refreshing native plugins compatible for Editor in 1.88 ms, found 4 plugins.
Preloading 0 native plugins for Editor in 0.00 ms.
Unloading 31 Unused Serialized files (Serialized files now loaded: 0)
Unloading 6722 unused Assets / (7.8 MB). Loaded Objects now: 7575.
Memory consumption went from 158.4 MB to 150.6 MB.
Total: 18.458600 ms (FindLiveObjects: 1.195300 ms CreateObjectMapping: 1.653500 ms MarkObjects: 8.812500 ms  DeleteObjects: 6.795000 ms)

Prepare: number of updated asset objects reloaded= 0
========================================================================
Received Import Request.
  Time since last request: 109.722409 seconds.
  path: Assets/Scenes/MainMenu.unity
  artifactKey: Guid(fe61ea83af75638498ccb16ae70f8acb) Importer(815301076,1909f56bfc062723c751e8b465ee728b)
Start importing Assets/Scenes/MainMenu.unity using Guid(fe61ea83af75638498ccb16ae70f8acb) Importer(815301076,1909f56bfc062723c751e8b465ee728b) (PreviewImporter) -> (artifact id: '29779a170c216b053ab3d7d5175e8bab') in 0.0230344 seconds
Number of updated asset objects reloaded before import = 0Number of asset objects unloaded after import = 0

========================================================================
Received Prepare
Begin MonoManager ReloadAssembly
- Loaded All Assemblies, in  3.027 seconds
Refreshing native plugins compatible for Editor in 3.14 ms, found 4 plugins.
Native extension for iOS target not found
Native extension for Android target not found
Native extension for WindowsStandalone target not found
Native extension for WebGL target not found
Mono: successfully reloaded assembly
- Finished resetting the current domain, in  0.926 seconds
Domain Reload Profiling: 3967ms
	BeginReloadAssembly (1194ms)
		ExecutionOrderSort (1ms)
		DisableScriptedObjects (503ms)
		BackupInstance (0ms)
		ReleaseScriptingObjects (3ms)
		CreateAndSetChildDomain (259ms)
	RebuildCommonClasses (48ms)
	RebuildNativeTypeToScriptingClass (11ms)
	initialDomainReloadingComplete (34ms)
	LoadAllAssembliesAndSetupDomain (1754ms)
		LoadAssemblies (1247ms)
		RebuildTransferFunctionScriptingTraits (0ms)
		AnalyzeDomain (689ms)
			TypeCache.Refresh (40ms)
				TypeCache.ScanAssembly (0ms)
			BuildScriptInfoCaches (603ms)
			ResolveRequiredComponents (16ms)
	FinalizeReload (927ms)
		ReleaseScriptCaches (0ms)
		RebuildScriptCaches (0ms)
		SetupLoadedEditorAssemblies (753ms)
			LogAssemblyErrors (0ms)
			InitializePlatformSupportModulesInManaged (17ms)
			SetLoadedEditorAssemblies (6ms)
			BeforeProcessingInitializeOnLoad (221ms)
			ProcessInitializeOnLoadAttributes (438ms)
			ProcessInitializeOnLoadMethodAttributes (67ms)
			AfterProcessingInitializeOnLoad (2ms)
			EditorAssembliesLoaded (1ms)
		ExecutionOrderSort2 (0ms)
		AwakeInstancesAfterBackupRestoration (18ms)
Refreshing native plugins compatible for Editor in 1.77 ms, found 4 plugins.
Preloading 0 native plugins for Editor in 0.00 ms.
Unloading 31 Unused Serialized files (Serialized files now loaded: 0)
Unloading 6722 unused Assets / (7.9 MB). Loaded Objects now: 7577.
Memory consumption went from 158.4 MB to 150.5 MB.
Total: 19.396800 ms (FindLiveObjects: 0.962100 ms CreateObjectMapping: 1.110200 ms MarkObjects: 8.773700 ms  DeleteObjects: 8.540400 ms)

Prepare: number of updated asset objects reloaded= 0
========================================================================
Received Prepare
Refreshing native plugins compatible for Editor in 2.47 ms, found 4 plugins.
Preloading 0 native plugins for Editor in 0.00 ms.
Unloading 31 Unused Serialized files (Serialized files now loaded: 0)
Unloading 6711 unused Assets / (8.9 MB). Loaded Objects now: 7577.
Memory consumption went from 160.4 MB to 151.5 MB.
Total: 338.001400 ms (FindLiveObjects: 4.281800 ms CreateObjectMapping: 1.195500 ms MarkObjects: 324.003700 ms  DeleteObjects: 8.516800 ms)

Prepare: number of updated asset objects reloaded= 0
========================================================================
Received Prepare
Begin MonoManager ReloadAssembly
- Loaded All Assemblies, in  2.908 seconds
Refreshing native plugins compatible for Editor in 2.67 ms, found 4 plugins.
Native extension for iOS target not found
Native extension for Android target not found
Native extension for WindowsStandalone target not found
Native extension for WebGL target not found
Mono: successfully reloaded assembly
- Finished resetting the current domain, in  1.198 seconds
Domain Reload Profiling: 4117ms
	BeginReloadAssembly (1391ms)
		ExecutionOrderSort (0ms)
		DisableScriptedObjects (115ms)
		BackupInstance (0ms)
		ReleaseScriptingObjects (1ms)
		CreateAndSetChildDomain (682ms)
	RebuildCommonClasses (46ms)
	RebuildNativeTypeToScriptingClass (12ms)
	initialDomainReloadingComplete (35ms)
	LoadAllAssembliesAndSetupDomain (1432ms)
		LoadAssemblies (1280ms)
		RebuildTransferFunctionScriptingTraits (0ms)
		AnalyzeDomain (591ms)
			TypeCache.Refresh (52ms)
				TypeCache.ScanAssembly (1ms)
			BuildScriptInfoCaches (482ms)
			ResolveRequiredComponents (29ms)
	FinalizeReload (1200ms)
		ReleaseScriptCaches (0ms)
		RebuildScriptCaches (0ms)
		SetupLoadedEditorAssemblies (985ms)
			LogAssemblyErrors (0ms)
			InitializePlatformSupportModulesInManaged (21ms)
			SetLoadedEditorAssemblies (7ms)
			BeforeProcessingInitializeOnLoad (257ms)
			ProcessInitializeOnLoadAttributes (563ms)
			ProcessInitializeOnLoadMethodAttributes (132ms)
			AfterProcessingInitializeOnLoad (4ms)
			EditorAssembliesLoaded (1ms)
		ExecutionOrderSort2 (0ms)
		AwakeInstancesAfterBackupRestoration (26ms)
Refreshing native plugins compatible for Editor in 1.64 ms, found 4 plugins.
Preloading 0 native plugins for Editor in 0.00 ms.
Unloading 31 Unused Serialized files (Serialized files now loaded: 0)
Unloading 6722 unused Assets / (7.7 MB). Loaded Objects now: 7579.
Memory consumption went from 162.1 MB to 154.4 MB.
Total: 18.860500 ms (FindLiveObjects: 1.397300 ms CreateObjectMapping: 1.547300 ms MarkObjects: 8.852300 ms  DeleteObjects: 7.060600 ms)

Prepare: number of updated asset objects reloaded= 0
========================================================================
Received Prepare
Begin MonoManager ReloadAssembly
- Loaded All Assemblies, in  1.113 seconds
Refreshing native plugins compatible for Editor in 2.30 ms, found 4 plugins.
Native extension for iOS target not found
Native extension for Android target not found
Native extension for WindowsStandalone target not found
Native extension for WebGL target not found
Mono: successfully reloaded assembly
- Finished resetting the current domain, in  0.866 seconds
Domain Reload Profiling: 1986ms
	BeginReloadAssembly (256ms)
		ExecutionOrderSort (0ms)
		DisableScriptedObjects (20ms)
		BackupInstance (0ms)
		ReleaseScriptingObjects (0ms)
		CreateAndSetChildDomain (70ms)
	RebuildCommonClasses (36ms)
	RebuildNativeTypeToScriptingClass (12ms)
	initialDomainReloadingComplete (30ms)
	LoadAllAssembliesAndSetupDomain (785ms)
		LoadAssemblies (616ms)
		RebuildTransferFunctionScriptingTraits (0ms)
		AnalyzeDomain (274ms)
			TypeCache.Refresh (10ms)
				TypeCache.ScanAssembly (0ms)
			BuildScriptInfoCaches (235ms)
			ResolveRequiredComponents (12ms)
	FinalizeReload (867ms)
		ReleaseScriptCaches (0ms)
		RebuildScriptCaches (0ms)
		SetupLoadedEditorAssemblies (689ms)
			LogAssemblyErrors (0ms)
			InitializePlatformSupportModulesInManaged (16ms)
			SetLoadedEditorAssemblies (6ms)
			BeforeProcessingInitializeOnLoad (177ms)
			ProcessInitializeOnLoadAttributes (419ms)
			ProcessInitializeOnLoadMethodAttributes (67ms)
			AfterProcessingInitializeOnLoad (2ms)
			EditorAssembliesLoaded (0ms)
		ExecutionOrderSort2 (0ms)
		AwakeInstancesAfterBackupRestoration (17ms)
Refreshing native plugins compatible for Editor in 1.47 ms, found 4 plugins.
Preloading 0 native plugins for Editor in 0.00 ms.
Unloading 31 Unused Serialized files (Serialized files now loaded: 0)
Unloading 6722 unused Assets / (7.6 MB). Loaded Objects now: 7581.
Memory consumption went from 164.1 MB to 156.4 MB.
Total: 15.901400 ms (FindLiveObjects: 0.862200 ms CreateObjectMapping: 1.019000 ms MarkObjects: 6.830400 ms  DeleteObjects: 7.187800 ms)

Prepare: number of updated asset objects reloaded= 0
========================================================================
Received Prepare
Begin MonoManager ReloadAssembly
- Loaded All Assemblies, in  2.864 seconds
Refreshing native plugins compatible for Editor in 5.02 ms, found 4 plugins.
Native extension for iOS target not found
Native extension for Android target not found
Native extension for WindowsStandalone target not found
Native extension for WebGL target not found
Mono: successfully reloaded assembly
- Finished resetting the current domain, in  0.962 seconds
Domain Reload Profiling: 3843ms
	BeginReloadAssembly (1297ms)
		ExecutionOrderSort (1ms)
		DisableScriptedObjects (307ms)
		BackupInstance (0ms)
		ReleaseScriptingObjects (6ms)
		CreateAndSetChildDomain (419ms)
	RebuildCommonClasses (54ms)
	RebuildNativeTypeToScriptingClass (13ms)
	initialDomainReloadingComplete (41ms)
	LoadAllAssembliesAndSetupDomain (1475ms)
		LoadAssemblies (1092ms)
		RebuildTransferFunctionScriptingTraits (0ms)
		AnalyzeDomain (582ms)
			TypeCache.Refresh (37ms)
				TypeCache.ScanAssembly (0ms)
			BuildScriptInfoCaches (500ms)
			ResolveRequiredComponents (19ms)
	FinalizeReload (962ms)
		ReleaseScriptCaches (0ms)
		RebuildScriptCaches (0ms)
		SetupLoadedEditorAssemblies (770ms)
			LogAssemblyErrors (0ms)
			InitializePlatformSupportModulesInManaged (18ms)
			SetLoadedEditorAssemblies (6ms)
			BeforeProcessingInitializeOnLoad (198ms)
			ProcessInitializeOnLoadAttributes (471ms)
			ProcessInitializeOnLoadMethodAttributes (73ms)
			AfterProcessingInitializeOnLoad (2ms)
			EditorAssembliesLoaded (1ms)
		ExecutionOrderSort2 (0ms)
		AwakeInstancesAfterBackupRestoration (19ms)
Refreshing native plugins compatible for Editor in 1.93 ms, found 4 plugins.
Preloading 0 native plugins for Editor in 0.00 ms.
Unloading 31 Unused Serialized files (Serialized files now loaded: 0)
Unloading 6722 unused Assets / (8.3 MB). Loaded Objects now: 7583.
Memory consumption went from 166.0 MB to 157.7 MB.
Total: 26.817500 ms (FindLiveObjects: 1.627600 ms CreateObjectMapping: 1.825900 ms MarkObjects: 12.921700 ms  DeleteObjects: 10.438300 ms)

Prepare: number of updated asset objects reloaded= 0
========================================================================
Received Import Request.
  Time since last request: 442.261239 seconds.
  path: Assets/Scenes/GameScene.unity
  artifactKey: Guid(8c9cfa26abfee488c85f1582747f6a02) Importer(815301076,1909f56bfc062723c751e8b465ee728b)
Start importing Assets/Scenes/GameScene.unity using Guid(8c9cfa26abfee488c85f1582747f6a02) Importer(815301076,1909f56bfc062723c751e8b465ee728b) (PreviewImporter) -> (artifact id: 'a75ca7fa1d901960906a8cafeb7a64ec') in 0.0322549 seconds
Number of updated asset objects reloaded before import = 0Number of asset objects unloaded after import = 0

========================================================================
Received Prepare
Refreshing native plugins compatible for Editor in 2.00 ms, found 4 plugins.
Preloading 0 native plugins for Editor in 0.00 ms.
Unloading 31 Unused Serialized files (Serialized files now loaded: 0)
Unloading 6711 unused Assets / (6.0 MB). Loaded Objects now: 7583.
Memory consumption went from 158.7 MB to 152.6 MB.
Total: 210.323900 ms (FindLiveObjects: 3.008200 ms CreateObjectMapping: 1.130900 ms MarkObjects: 196.870400 ms  DeleteObjects: 9.309800 ms)

Prepare: number of updated asset objects reloaded= 0
========================================================================
Received Prepare
Begin MonoManager ReloadAssembly
- Loaded All Assemblies, in  4.942 seconds
Refreshing native plugins compatible for Editor in 3.16 ms, found 4 plugins.
Native extension for iOS target not found
Native extension for Android target not found
Native extension for WindowsStandalone target not found
Native extension for WebGL target not found
Mono: successfully reloaded assembly
- Finished resetting the current domain, in  1.523 seconds
Domain Reload Profiling: 6472ms
	BeginReloadAssembly (3227ms)
		ExecutionOrderSort (0ms)
		DisableScriptedObjects (180ms)
		BackupInstance (0ms)
		ReleaseScriptingObjects (1ms)
		CreateAndSetChildDomain (1337ms)
	RebuildCommonClasses (84ms)
	RebuildNativeTypeToScriptingClass (21ms)
	initialDomainReloadingComplete (69ms)
	LoadAllAssembliesAndSetupDomain (1547ms)
		LoadAssemblies (2518ms)
		RebuildTransferFunctionScriptingTraits (0ms)
		AnalyzeDomain (461ms)
			TypeCache.Refresh (37ms)
				TypeCache.ScanAssembly (1ms)
			BuildScriptInfoCaches (357ms)
			ResolveRequiredComponents (22ms)
	FinalizeReload (1524ms)
		ReleaseScriptCaches (0ms)
		RebuildScriptCaches (0ms)
		SetupLoadedEditorAssemblies (1300ms)
			LogAssemblyErrors (0ms)
			InitializePlatformSupportModulesInManaged (25ms)
			SetLoadedEditorAssemblies (8ms)
			BeforeProcessingInitializeOnLoad (314ms)
			ProcessInitializeOnLoadAttributes (867ms)
			ProcessInitializeOnLoadMethodAttributes (82ms)
			AfterProcessingInitializeOnLoad (2ms)
			EditorAssembliesLoaded (1ms)
		ExecutionOrderSort2 (0ms)
		AwakeInstancesAfterBackupRestoration (24ms)
Refreshing native plugins compatible for Editor in 1.82 ms, found 4 plugins.
Preloading 0 native plugins for Editor in 0.00 ms.
Unloading 31 Unused Serialized files (Serialized files now loaded: 0)
Unloading 6722 unused Assets / (8.5 MB). Loaded Objects now: 7585.
Memory consumption went from 160.4 MB to 151.9 MB.
Total: 15.959400 ms (FindLiveObjects: 0.858000 ms CreateObjectMapping: 0.895200 ms MarkObjects: 7.091300 ms  DeleteObjects: 7.112900 ms)

Prepare: number of updated asset objects reloaded= 0
========================================================================
Received Prepare
Begin MonoManager ReloadAssembly
- Loaded All Assemblies, in  3.055 seconds
Refreshing native plugins compatible for Editor in 3.24 ms, found 4 plugins.
Native extension for iOS target not found
Native extension for Android target not found
Native extension for WindowsStandalone target not found
Native extension for WebGL target not found
Mono: successfully reloaded assembly
- Finished resetting the current domain, in  1.260 seconds
Domain Reload Profiling: 4325ms
	BeginReloadAssembly (856ms)
		ExecutionOrderSort (1ms)
		DisableScriptedObjects (100ms)
		BackupInstance (0ms)
		ReleaseScriptingObjects (2ms)
		CreateAndSetChildDomain (289ms)
	RebuildCommonClasses (46ms)
	RebuildNativeTypeToScriptingClass (12ms)
	initialDomainReloadingComplete (46ms)
	LoadAllAssembliesAndSetupDomain (2103ms)
		LoadAssemblies (1992ms)
		RebuildTransferFunctionScriptingTraits (0ms)
		AnalyzeDomain (399ms)
			TypeCache.Refresh (17ms)
				TypeCache.ScanAssembly (0ms)
			BuildScriptInfoCaches (349ms)
			ResolveRequiredComponents (15ms)
	FinalizeReload (1261ms)
		ReleaseScriptCaches (0ms)
		RebuildScriptCaches (0ms)
		SetupLoadedEditorAssemblies (963ms)
			LogAssemblyErrors (0ms)
			InitializePlatformSupportModulesInManaged (24ms)
			SetLoadedEditorAssemblies (7ms)
			BeforeProcessingInitializeOnLoad (219ms)
			ProcessInitializeOnLoadAttributes (616ms)
			ProcessInitializeOnLoadMethodAttributes (91ms)
			AfterProcessingInitializeOnLoad (2ms)
			EditorAssembliesLoaded (2ms)
		ExecutionOrderSort2 (0ms)
		AwakeInstancesAfterBackupRestoration (20ms)
Refreshing native plugins compatible for Editor in 1.62 ms, found 4 plugins.
Preloading 0 native plugins for Editor in 0.00 ms.
Unloading 31 Unused Serialized files (Serialized files now loaded: 0)
Unloading 6722 unused Assets / (9.6 MB). Loaded Objects now: 7587.
Memory consumption went from 162.3 MB to 152.7 MB.
Total: 16.740300 ms (FindLiveObjects: 1.026000 ms CreateObjectMapping: 0.502200 ms MarkObjects: 6.622300 ms  DeleteObjects: 8.587100 ms)

Prepare: number of updated asset objects reloaded= 0
========================================================================
Received Import Request.
  Time since last request: 368.472128 seconds.
  path: Assets/Scenes/MainMenu.unity
  artifactKey: Guid(fe61ea83af75638498ccb16ae70f8acb) Importer(815301076,1909f56bfc062723c751e8b465ee728b)
Start importing Assets/Scenes/MainMenu.unity using Guid(fe61ea83af75638498ccb16ae70f8acb) Importer(815301076,1909f56bfc062723c751e8b465ee728b) (PreviewImporter) -> (artifact id: '53c145b9b14ac9b2a3415516612368cb') in 0.0619139 seconds
Number of updated asset objects reloaded before import = 0Number of asset objects unloaded after import = 0

========================================================================
Received Prepare
Begin MonoManager ReloadAssembly
- Loaded All Assemblies, in  3.478 seconds
Refreshing native plugins compatible for Editor in 3.56 ms, found 4 plugins.
Native extension for iOS target not found
Native extension for Android target not found
Native extension for WindowsStandalone target not found
Native extension for WebGL target not found
Mono: successfully reloaded assembly
- Finished resetting the current domain, in  1.667 seconds
Domain Reload Profiling: 5154ms
	BeginReloadAssembly (780ms)
		ExecutionOrderSort (0ms)
		DisableScriptedObjects (120ms)
		BackupInstance (0ms)
		ReleaseScriptingObjects (1ms)
		CreateAndSetChildDomain (271ms)
	RebuildCommonClasses (50ms)
	RebuildNativeTypeToScriptingClass (13ms)
	initialDomainReloadingComplete (56ms)
	LoadAllAssembliesAndSetupDomain (2588ms)
		LoadAssemblies (2394ms)
		RebuildTransferFunctionScriptingTraits (0ms)
		AnalyzeDomain (409ms)
			TypeCache.Refresh (24ms)
				TypeCache.ScanAssembly (0ms)
			BuildScriptInfoCaches (358ms)
			ResolveRequiredComponents (14ms)
	FinalizeReload (1668ms)
		ReleaseScriptCaches (0ms)
		RebuildScriptCaches (0ms)
		SetupLoadedEditorAssemblies (1357ms)
			LogAssemblyErrors (0ms)
			InitializePlatformSupportModulesInManaged (28ms)
			SetLoadedEditorAssemblies (9ms)
			BeforeProcessingInitializeOnLoad (325ms)
			ProcessInitializeOnLoadAttributes (923ms)
			ProcessInitializeOnLoadMethodAttributes (68ms)
			AfterProcessingInitializeOnLoad (2ms)
			EditorAssembliesLoaded (1ms)
		ExecutionOrderSort2 (0ms)
		AwakeInstancesAfterBackupRestoration (18ms)
Refreshing native plugins compatible for Editor in 2.43 ms, found 4 plugins.
Preloading 0 native plugins for Editor in 0.00 ms.
Unloading 31 Unused Serialized files (Serialized files now loaded: 0)
Unloading 6722 unused Assets / (8.8 MB). Loaded Objects now: 7589.
Memory consumption went from 158.5 MB to 149.8 MB.
Total: 18.610000 ms (FindLiveObjects: 1.179900 ms CreateObjectMapping: 0.509200 ms MarkObjects: 9.218400 ms  DeleteObjects: 7.699700 ms)

Prepare: number of updated asset objects reloaded= 0
========================================================================
Received Prepare
Refreshing native plugins compatible for Editor in 2.40 ms, found 4 plugins.
Preloading 0 native plugins for Editor in 0.00 ms.
Unloading 31 Unused Serialized files (Serialized files now loaded: 0)
Unloading 6711 unused Assets / (8.4 MB). Loaded Objects now: 7589.
Memory consumption went from 160.6 MB to 152.2 MB.
Total: 238.250700 ms (FindLiveObjects: 4.310500 ms CreateObjectMapping: 1.082700 ms MarkObjects: 225.359100 ms  DeleteObjects: 7.495700 ms)

Prepare: number of updated asset objects reloaded= 0
========================================================================
Received Prepare
Begin MonoManager ReloadAssembly
- Loaded All Assemblies, in  5.560 seconds
Refreshing native plugins compatible for Editor in 2.59 ms, found 4 plugins.
Native extension for iOS target not found
Native extension for Android target not found
Native extension for WindowsStandalone target not found
Native extension for WebGL target not found
Mono: successfully reloaded assembly
- Finished resetting the current domain, in  0.986 seconds
Domain Reload Profiling: 6549ms
	BeginReloadAssembly (1851ms)
		ExecutionOrderSort (0ms)
		DisableScriptedObjects (219ms)
		BackupInstance (0ms)
		ReleaseScriptingObjects (2ms)
		CreateAndSetChildDomain (466ms)
	RebuildCommonClasses (226ms)
	RebuildNativeTypeToScriptingClass (15ms)
	initialDomainReloadingComplete (60ms)
	LoadAllAssembliesAndSetupDomain (3412ms)
		LoadAssemblies (4032ms)
		RebuildTransferFunctionScriptingTraits (0ms)
		AnalyzeDomain (328ms)
			TypeCache.Refresh (37ms)
				TypeCache.ScanAssembly (1ms)
			BuildScriptInfoCaches (263ms)
			ResolveRequiredComponents (14ms)
	FinalizeReload (987ms)
		ReleaseScriptCaches (0ms)
		RebuildScriptCaches (0ms)
		SetupLoadedEditorAssemblies (788ms)
			LogAssemblyErrors (0ms)
			InitializePlatformSupportModulesInManaged (17ms)
			SetLoadedEditorAssemblies (6ms)
			BeforeProcessingInitializeOnLoad (193ms)
			ProcessInitializeOnLoadAttributes (489ms)
			ProcessInitializeOnLoadMethodAttributes (79ms)
			AfterProcessingInitializeOnLoad (2ms)
			EditorAssembliesLoaded (0ms)
		ExecutionOrderSort2 (0ms)
		AwakeInstancesAfterBackupRestoration (19ms)
Refreshing native plugins compatible for Editor in 2.55 ms, found 4 plugins.
Preloading 0 native plugins for Editor in 0.00 ms.
Unloading 31 Unused Serialized files (Serialized files now loaded: 0)
Unloading 6722 unused Assets / (8.7 MB). Loaded Objects now: 7591.
Memory consumption went from 162.4 MB to 153.6 MB.
Total: 19.076900 ms (FindLiveObjects: 0.996100 ms CreateObjectMapping: 1.078800 ms MarkObjects: 9.405400 ms  DeleteObjects: 7.593400 ms)

Prepare: number of updated asset objects reloaded= 0
========================================================================
Received Prepare
Refreshing native plugins compatible for Editor in 1.70 ms, found 4 plugins.
Preloading 0 native plugins for Editor in 0.00 ms.
Unloading 31 Unused Serialized files (Serialized files now loaded: 0)
Unloading 6711 unused Assets / (8.4 MB). Loaded Objects now: 7591.
Memory consumption went from 164.4 MB to 155.9 MB.
Total: 172.990300 ms (FindLiveObjects: 2.919200 ms CreateObjectMapping: 0.944200 ms MarkObjects: 160.804700 ms  DeleteObjects: 8.318900 ms)

Prepare: number of updated asset objects reloaded= 0
========================================================================
Received Prepare
Begin MonoManager ReloadAssembly
- Loaded All Assemblies, in  4.785 seconds
Refreshing native plugins compatible for Editor in 3.69 ms, found 4 plugins.
Native extension for iOS target not found
Native extension for Android target not found
Native extension for WindowsStandalone target not found
Native extension for WebGL target not found
Mono: successfully reloaded assembly
- Finished resetting the current domain, in  0.963 seconds
Domain Reload Profiling: 5756ms
	BeginReloadAssembly (1973ms)
		ExecutionOrderSort (0ms)
		DisableScriptedObjects (250ms)
		BackupInstance (0ms)
		ReleaseScriptingObjects (3ms)
		CreateAndSetChildDomain (1061ms)
	RebuildCommonClasses (57ms)
	RebuildNativeTypeToScriptingClass (12ms)
	initialDomainReloadingComplete (44ms)
	LoadAllAssembliesAndSetupDomain (2706ms)
		LoadAssemblies (2067ms)
		RebuildTransferFunctionScriptingTraits (0ms)
		AnalyzeDomain (999ms)
			TypeCache.Refresh (125ms)
				TypeCache.ScanAssembly (8ms)
			BuildScriptInfoCaches (771ms)
			ResolveRequiredComponents (30ms)
	FinalizeReload (964ms)
		ReleaseScriptCaches (0ms)
		RebuildScriptCaches (0ms)
		SetupLoadedEditorAssemblies (771ms)
			LogAssemblyErrors (0ms)
			InitializePlatformSupportModulesInManaged (19ms)
			SetLoadedEditorAssemblies (7ms)
			BeforeProcessingInitializeOnLoad (196ms)
			ProcessInitializeOnLoadAttributes (470ms)
			ProcessInitializeOnLoadMethodAttributes (76ms)
			AfterProcessingInitializeOnLoad (2ms)
			EditorAssembliesLoaded (1ms)
		ExecutionOrderSort2 (0ms)
		AwakeInstancesAfterBackupRestoration (24ms)
Refreshing native plugins compatible for Editor in 1.50 ms, found 4 plugins.
Preloading 0 native plugins for Editor in 0.00 ms.
Unloading 31 Unused Serialized files (Serialized files now loaded: 0)
Unloading 6722 unused Assets / (7.0 MB). Loaded Objects now: 7593.
Memory consumption went from 166.1 MB to 159.1 MB.
Total: 13.589500 ms (FindLiveObjects: 0.880500 ms CreateObjectMapping: 0.912300 ms MarkObjects: 6.994200 ms  DeleteObjects: 4.800100 ms)

Prepare: number of updated asset objects reloaded= 0
========================================================================
Received Prepare
Refreshing native plugins compatible for Editor in 1.33 ms, found 4 plugins.
Preloading 0 native plugins for Editor in 0.00 ms.
Unloading 31 Unused Serialized files (Serialized files now loaded: 0)
Unloading 6711 unused Assets / (7.9 MB). Loaded Objects now: 7593.
Memory consumption went from 168.2 MB to 160.2 MB.
Total: 32.565800 ms (FindLiveObjects: 1.901400 ms CreateObjectMapping: 0.747500 ms MarkObjects: 24.465400 ms  DeleteObjects: 5.449100 ms)

Prepare: number of updated asset objects reloaded= 0
========================================================================
Received Prepare
Begin MonoManager ReloadAssembly
- Loaded All Assemblies, in  4.026 seconds
Refreshing native plugins compatible for Editor in 3.24 ms, found 4 plugins.
Native extension for iOS target not found
Native extension for Android target not found
Native extension for WindowsStandalone target not found
Native extension for WebGL target not found
Mono: successfully reloaded assembly
- Finished resetting the current domain, in  1.332 seconds
Domain Reload Profiling: 5363ms
	BeginReloadAssembly (1918ms)
		ExecutionOrderSort (1ms)
		DisableScriptedObjects (288ms)
		BackupInstance (0ms)
		ReleaseScriptingObjects (4ms)
		CreateAndSetChildDomain (741ms)
	RebuildCommonClasses (62ms)
	RebuildNativeTypeToScriptingClass (13ms)
	initialDomainReloadingComplete (157ms)
	LoadAllAssembliesAndSetupDomain (1880ms)
		LoadAssemblies (2066ms)
		RebuildTransferFunctionScriptingTraits (0ms)
		AnalyzeDomain (310ms)
			TypeCache.Refresh (29ms)
				TypeCache.ScanAssembly (1ms)
			BuildScriptInfoCaches (258ms)
			ResolveRequiredComponents (14ms)
	FinalizeReload (1333ms)
		ReleaseScriptCaches (0ms)
		RebuildScriptCaches (0ms)
		SetupLoadedEditorAssemblies (1057ms)
			LogAssemblyErrors (0ms)
			InitializePlatformSupportModulesInManaged (25ms)
			SetLoadedEditorAssemblies (9ms)
			BeforeProcessingInitializeOnLoad (243ms)
			ProcessInitializeOnLoadAttributes (668ms)
			ProcessInitializeOnLoadMethodAttributes (108ms)
			AfterProcessingInitializeOnLoad (3ms)
			EditorAssembliesLoaded (2ms)
		ExecutionOrderSort2 (0ms)
		AwakeInstancesAfterBackupRestoration (30ms)
Refreshing native plugins compatible for Editor in 1.80 ms, found 4 plugins.
Preloading 0 native plugins for Editor in 0.00 ms.
Unloading 31 Unused Serialized files (Serialized files now loaded: 0)
Unloading 6722 unused Assets / (7.4 MB). Loaded Objects now: 7595.
Memory consumption went from 169.9 MB to 162.5 MB.
Total: 15.940900 ms (FindLiveObjects: 0.770500 ms CreateObjectMapping: 1.314300 ms MarkObjects: 8.366300 ms  DeleteObjects: 5.487300 ms)

Prepare: number of updated asset objects reloaded= 0
========================================================================
Received Prepare
Refreshing native plugins compatible for Editor in 2.20 ms, found 4 plugins.
Preloading 0 native plugins for Editor in 0.00 ms.
Unloading 31 Unused Serialized files (Serialized files now loaded: 0)
Unloading 6711 unused Assets / (7.7 MB). Loaded Objects now: 7595.
Memory consumption went from 172.0 MB to 164.3 MB.
Total: 239.141100 ms (FindLiveObjects: 3.650800 ms CreateObjectMapping: 0.925400 ms MarkObjects: 225.919200 ms  DeleteObjects: 8.643400 ms)

Prepare: number of updated asset objects reloaded= 0
========================================================================
Received Prepare
Begin MonoManager ReloadAssembly
- Loaded All Assemblies, in  4.862 seconds
Refreshing native plugins compatible for Editor in 2.43 ms, found 4 plugins.
Native extension for iOS target not found
Native extension for Android target not found
Native extension for WindowsStandalone target not found
Native extension for WebGL target not found
Mono: successfully reloaded assembly
- Finished resetting the current domain, in  0.994 seconds
Domain Reload Profiling: 5860ms
	BeginReloadAssembly (1408ms)
		ExecutionOrderSort (0ms)
		DisableScriptedObjects (463ms)
		BackupInstance (0ms)
		ReleaseScriptingObjects (2ms)
		CreateAndSetChildDomain (430ms)
	RebuildCommonClasses (51ms)
	RebuildNativeTypeToScriptingClass (11ms)
	initialDomainReloadingComplete (43ms)
	LoadAllAssembliesAndSetupDomain (3352ms)
		LoadAssemblies (3207ms)
		RebuildTransferFunctionScriptingTraits (0ms)
		AnalyzeDomain (396ms)
			TypeCache.Refresh (68ms)
				TypeCache.ScanAssembly (1ms)
			BuildScriptInfoCaches (281ms)
			ResolveRequiredComponents (27ms)
	FinalizeReload (995ms)
		ReleaseScriptCaches (0ms)
		RebuildScriptCaches (0ms)
		SetupLoadedEditorAssemblies (811ms)
			LogAssemblyErrors (0ms)
			InitializePlatformSupportModulesInManaged (18ms)
			SetLoadedEditorAssemblies (7ms)
			BeforeProcessingInitializeOnLoad (220ms)
			ProcessInitializeOnLoadAttributes (485ms)
			ProcessInitializeOnLoadMethodAttributes (77ms)
			AfterProcessingInitializeOnLoad (3ms)
			EditorAssembliesLoaded (1ms)
		ExecutionOrderSort2 (0ms)
		AwakeInstancesAfterBackupRestoration (18ms)
Refreshing native plugins compatible for Editor in 1.74 ms, found 4 plugins.
Preloading 0 native plugins for Editor in 0.00 ms.
Unloading 31 Unused Serialized files (Serialized files now loaded: 0)
Unloading 6722 unused Assets / (7.3 MB). Loaded Objects now: 7597.
Memory consumption went from 173.8 MB to 166.5 MB.
Total: 16.026700 ms (FindLiveObjects: 1.158500 ms CreateObjectMapping: 1.073800 ms MarkObjects: 8.220600 ms  DeleteObjects: 5.570300 ms)

Prepare: number of updated asset objects reloaded= 0
========================================================================
Received Import Request.
  Time since last request: 635.188216 seconds.
  path: Assets/Scenes/GameScene.unity
  artifactKey: Guid(8c9cfa26abfee488c85f1582747f6a02) Importer(815301076,1909f56bfc062723c751e8b465ee728b)
Start importing Assets/Scenes/GameScene.unity using Guid(8c9cfa26abfee488c85f1582747f6a02) Importer(815301076,1909f56bfc062723c751e8b465ee728b) (PreviewImporter) -> (artifact id: '3b05b9be61faf8cd526568c860153c1e') in 0.0307289 seconds
Number of updated asset objects reloaded before import = 0Number of asset objects unloaded after import = 0

========================================================================
Received Import Request.
  Time since last request: 15.456533 seconds.
  path: Assets/Prefabs/Boss.prefab
  artifactKey: Guid(7411950ed9b13b44c9469c39a1069770) Importer(815301076,1909f56bfc062723c751e8b465ee728b)
Start importing Assets/Prefabs/Boss.prefab using Guid(7411950ed9b13b44c9469c39a1069770) Importer(815301076,1909f56bfc062723c751e8b465ee728b) (PreviewImporter) -> (artifact id: '0441ab7b6e450c2f860bf258cbce7176') in 0.9234014 seconds
Number of updated asset objects reloaded before import = 0Number of asset objects unloaded after import = 77

========================================================================
Received Import Request.
  Time since last request: 70.637892 seconds.
  path: Assets/Audio/Âm thanh player.mp3
  artifactKey: Guid(708428f224cff1c43b51640b7c4fcdef) Importer(815301076,1909f56bfc062723c751e8b465ee728b)
Start importing Assets/Audio/Âm thanh player.mp3 using Guid(708428f224cff1c43b51640b7c4fcdef) Importer(815301076,1909f56bfc062723c751e8b465ee728b) (PreviewImporter) -> (artifact id: 'ebee1c80b51325d9816f224e966ab912') in 0.1535599 seconds
Number of updated asset objects reloaded before import = 0Number of asset objects unloaded after import = 2

========================================================================
Received Prepare
Begin MonoManager ReloadAssembly
- Loaded All Assemblies, in  3.850 seconds
Refreshing native plugins compatible for Editor in 7.46 ms, found 4 plugins.
Native extension for iOS target not found
Native extension for Android target not found
Native extension for WindowsStandalone target not found
Native extension for WebGL target not found
Mono: successfully reloaded assembly
- Finished resetting the current domain, in  1.961 seconds
Domain Reload Profiling: 5856ms
	BeginReloadAssembly (1484ms)
		ExecutionOrderSort (1ms)
		DisableScriptedObjects (198ms)
		BackupInstance (0ms)
		ReleaseScriptingObjects (5ms)
		CreateAndSetChildDomain (804ms)
	RebuildCommonClasses (44ms)
	RebuildNativeTypeToScriptingClass (13ms)
	initialDomainReloadingComplete (40ms)
	LoadAllAssembliesAndSetupDomain (2312ms)
		LoadAssemblies (1637ms)
		RebuildTransferFunctionScriptingTraits (0ms)
		AnalyzeDomain (872ms)
			TypeCache.Refresh (47ms)
				TypeCache.ScanAssembly (0ms)
			BuildScriptInfoCaches (678ms)
			ResolveRequiredComponents (21ms)
	FinalizeReload (1962ms)
		ReleaseScriptCaches (0ms)
		RebuildScriptCaches (0ms)
		SetupLoadedEditorAssemblies (1673ms)
			LogAssemblyErrors (0ms)
			InitializePlatformSupportModulesInManaged (43ms)
			SetLoadedEditorAssemblies (7ms)
			BeforeProcessingInitializeOnLoad (1067ms)
			ProcessInitializeOnLoadAttributes (478ms)
			ProcessInitializeOnLoadMethodAttributes (74ms)
			AfterProcessingInitializeOnLoad (2ms)
			EditorAssembliesLoaded (1ms)
		ExecutionOrderSort2 (0ms)
		AwakeInstancesAfterBackupRestoration (19ms)
Refreshing native plugins compatible for Editor in 2.18 ms, found 4 plugins.
Preloading 0 native plugins for Editor in 0.00 ms.
Unloading 31 Unused Serialized files (Serialized files now loaded: 0)
Unloading 6728 unused Assets / (7.1 MB). Loaded Objects now: 7622.
Memory consumption went from 160.7 MB to 153.5 MB.
Total: 13.784400 ms (FindLiveObjects: 0.890900 ms CreateObjectMapping: 0.774200 ms MarkObjects: 7.017300 ms  DeleteObjects: 5.099200 ms)

Prepare: number of updated asset objects reloaded= 0
========================================================================
Received Import Request.
  Time since last request: 40.090423 seconds.
  path: Assets/Prefabs/Player.prefab
  artifactKey: Guid(af412cc9c65c2564ba4ded3ef5b03e74) Importer(815301076,1909f56bfc062723c751e8b465ee728b)
Start importing Assets/Prefabs/Player.prefab using Guid(af412cc9c65c2564ba4ded3ef5b03e74) Importer(815301076,1909f56bfc062723c751e8b465ee728b) (PreviewImporter) -> (artifact id: 'f5f4ce16a4430f334d602a1b3183ae39') in 0.6181248 seconds
Number of updated asset objects reloaded before import = 0Number of asset objects unloaded after import = 31

========================================================================
Received Import Request.
  Time since last request: 13.734504 seconds.
  path: Assets/Prefabs/Player.prefab
  artifactKey: Guid(af412cc9c65c2564ba4ded3ef5b03e74) Importer(815301076,1909f56bfc062723c751e8b465ee728b)
Start importing Assets/Prefabs/Player.prefab using Guid(af412cc9c65c2564ba4ded3ef5b03e74) Importer(815301076,1909f56bfc062723c751e8b465ee728b) (PreviewImporter) -> (artifact id: 'a60849fbb1cd0c4d9a5bf740705f322d') in 0.0428634 seconds
Number of updated asset objects reloaded before import = 0Number of asset objects unloaded after import = 32

========================================================================
Received Import Request.
  Time since last request: 2.076641 seconds.
  path: Assets/Prefabs/Player.prefab
  artifactKey: Guid(af412cc9c65c2564ba4ded3ef5b03e74) Importer(815301076,1909f56bfc062723c751e8b465ee728b)
Start importing Assets/Prefabs/Player.prefab using Guid(af412cc9c65c2564ba4ded3ef5b03e74) Importer(815301076,1909f56bfc062723c751e8b465ee728b) (PreviewImporter) -> (artifact id: 'b5b934374d6a95ea4b6e458f1a115b08') in 0.0176247 seconds
Number of updated asset objects reloaded before import = 0Number of asset objects unloaded after import = 32

========================================================================
Received Prepare
Begin MonoManager ReloadAssembly
- Loaded All Assemblies, in  3.458 seconds
Refreshing native plugins compatible for Editor in 2.59 ms, found 4 plugins.
Native extension for iOS target not found
Native extension for Android target not found
Native extension for WindowsStandalone target not found
Native extension for WebGL target not found
Mono: successfully reloaded assembly
- Finished resetting the current domain, in  1.468 seconds
Domain Reload Profiling: 4959ms
	BeginReloadAssembly (1421ms)
		ExecutionOrderSort (0ms)
		DisableScriptedObjects (113ms)
		BackupInstance (0ms)
		ReleaseScriptingObjects (5ms)
		CreateAndSetChildDomain (774ms)
	RebuildCommonClasses (77ms)
	RebuildNativeTypeToScriptingClass (11ms)
	initialDomainReloadingComplete (47ms)
	LoadAllAssembliesAndSetupDomain (1933ms)
		LoadAssemblies (1571ms)
		RebuildTransferFunctionScriptingTraits (0ms)
		AnalyzeDomain (724ms)
			TypeCache.Refresh (33ms)
				TypeCache.ScanAssembly (0ms)
			BuildScriptInfoCaches (635ms)
			ResolveRequiredComponents (16ms)
	FinalizeReload (1470ms)
		ReleaseScriptCaches (0ms)
		RebuildScriptCaches (0ms)
		SetupLoadedEditorAssemblies (1184ms)
			LogAssemblyErrors (0ms)
			InitializePlatformSupportModulesInManaged (26ms)
			SetLoadedEditorAssemblies (8ms)
			BeforeProcessingInitializeOnLoad (243ms)
			ProcessInitializeOnLoadAttributes (770ms)
			ProcessInitializeOnLoadMethodAttributes (133ms)
			AfterProcessingInitializeOnLoad (2ms)
			EditorAssembliesLoaded (1ms)
		ExecutionOrderSort2 (0ms)
		AwakeInstancesAfterBackupRestoration (29ms)
Refreshing native plugins compatible for Editor in 1.39 ms, found 4 plugins.
Preloading 0 native plugins for Editor in 0.00 ms.
Unloading 31 Unused Serialized files (Serialized files now loaded: 0)
Unloading 6722 unused Assets / (8.2 MB). Loaded Objects now: 7647.
Memory consumption went from 162.4 MB to 154.2 MB.
Total: 14.652200 ms (FindLiveObjects: 0.836000 ms CreateObjectMapping: 0.918100 ms MarkObjects: 7.399200 ms  DeleteObjects: 5.496500 ms)

Prepare: number of updated asset objects reloaded= 0
========================================================================
Received Prepare
Refreshing native plugins compatible for Editor in 32.98 ms, found 4 plugins.
Preloading 0 native plugins for Editor in 0.00 ms.
Unloading 31 Unused Serialized files (Serialized files now loaded: 0)
Unloading 6711 unused Assets / (7.4 MB). Loaded Objects now: 7647.
Memory consumption went from 164.3 MB to 156.8 MB.
Total: 256.302400 ms (FindLiveObjects: 4.991600 ms CreateObjectMapping: 0.675100 ms MarkObjects: 244.935100 ms  DeleteObjects: 5.697300 ms)

Prepare: number of updated asset objects reloaded= 0
========================================================================
Received Import Request.
  Time since last request: 291.781205 seconds.
  path: Assets/Prefabs/Player.prefab
  artifactKey: Guid(af412cc9c65c2564ba4ded3ef5b03e74) Importer(815301076,1909f56bfc062723c751e8b465ee728b)
Start importing Assets/Prefabs/Player.prefab using Guid(af412cc9c65c2564ba4ded3ef5b03e74) Importer(815301076,1909f56bfc062723c751e8b465ee728b) (PreviewImporter) -> (artifact id: '5b94de969734dc6400fd18f2f68b607d') in 1.464187 seconds
Number of updated asset objects reloaded before import = 0Number of asset objects unloaded after import = 32

========================================================================
Received Prepare
Begin MonoManager ReloadAssembly
- Loaded All Assemblies, in  4.563 seconds
Refreshing native plugins compatible for Editor in 1.29 ms, found 4 plugins.
Native extension for iOS target not found
Native extension for Android target not found
Native extension for WindowsStandalone target not found
Native extension for WebGL target not found
Mono: successfully reloaded assembly
- Finished resetting the current domain, in  1.037 seconds
Domain Reload Profiling: 5607ms
	BeginReloadAssembly (1560ms)
		ExecutionOrderSort (0ms)
		DisableScriptedObjects (295ms)
		BackupInstance (0ms)
		ReleaseScriptingObjects (2ms)
		CreateAndSetChildDomain (720ms)
	RebuildCommonClasses (54ms)
	RebuildNativeTypeToScriptingClass (13ms)
	initialDomainReloadingComplete (50ms)
	LoadAllAssembliesAndSetupDomain (2892ms)
		LoadAssemblies (2681ms)
		RebuildTransferFunctionScriptingTraits (0ms)
		AnalyzeDomain (527ms)
			TypeCache.Refresh (58ms)
				TypeCache.ScanAssembly (1ms)
			BuildScriptInfoCaches (381ms)
			ResolveRequiredComponents (24ms)
	FinalizeReload (1038ms)
		ReleaseScriptCaches (0ms)
		RebuildScriptCaches (0ms)
		SetupLoadedEditorAssemblies (829ms)
			LogAssemblyErrors (0ms)
			InitializePlatformSupportModulesInManaged (19ms)
			SetLoadedEditorAssemblies (7ms)
			BeforeProcessingInitializeOnLoad (199ms)
			ProcessInitializeOnLoadAttributes (519ms)
			ProcessInitializeOnLoadMethodAttributes (81ms)
			AfterProcessingInitializeOnLoad (3ms)
			EditorAssembliesLoaded (1ms)
		ExecutionOrderSort2 (0ms)
		AwakeInstancesAfterBackupRestoration (20ms)
Refreshing native plugins compatible for Editor in 1.38 ms, found 4 plugins.
Preloading 0 native plugins for Editor in 0.00 ms.
Unloading 31 Unused Serialized files (Serialized files now loaded: 0)
Unloading 6722 unused Assets / (7.0 MB). Loaded Objects now: 7671.
Memory consumption went from 164.0 MB to 157.1 MB.
Total: 14.845100 ms (FindLiveObjects: 0.811000 ms CreateObjectMapping: 1.169600 ms MarkObjects: 7.999100 ms  DeleteObjects: 4.863400 ms)

Prepare: number of updated asset objects reloaded= 0
========================================================================
Received Prepare
Begin MonoManager ReloadAssembly
- Loaded All Assemblies, in  1.468 seconds
Refreshing native plugins compatible for Editor in 1.58 ms, found 4 plugins.
Native extension for iOS target not found
Native extension for Android target not found
Native extension for WindowsStandalone target not found
Native extension for WebGL target not found
Mono: successfully reloaded assembly
- Finished resetting the current domain, in  0.951 seconds
Domain Reload Profiling: 2427ms
	BeginReloadAssembly (277ms)
		ExecutionOrderSort (0ms)
		DisableScriptedObjects (19ms)
		BackupInstance (0ms)
		ReleaseScriptingObjects (0ms)
		CreateAndSetChildDomain (74ms)
	RebuildCommonClasses (35ms)
	RebuildNativeTypeToScriptingClass (12ms)
	initialDomainReloadingComplete (34ms)
	LoadAllAssembliesAndSetupDomain (1117ms)
		LoadAssemblies (766ms)
		RebuildTransferFunctionScriptingTraits (0ms)
		AnalyzeDomain (467ms)
			TypeCache.Refresh (48ms)
				TypeCache.ScanAssembly (0ms)
			BuildScriptInfoCaches (323ms)
			ResolveRequiredComponents (23ms)
	FinalizeReload (951ms)
		ReleaseScriptCaches (0ms)
		RebuildScriptCaches (0ms)
		SetupLoadedEditorAssemblies (756ms)
			LogAssemblyErrors (0ms)
			InitializePlatformSupportModulesInManaged (16ms)
			SetLoadedEditorAssemblies (7ms)
			BeforeProcessingInitializeOnLoad (203ms)
			ProcessInitializeOnLoadAttributes (448ms)
			ProcessInitializeOnLoadMethodAttributes (80ms)
			AfterProcessingInitializeOnLoad (2ms)
			EditorAssembliesLoaded (0ms)
		ExecutionOrderSort2 (0ms)
		AwakeInstancesAfterBackupRestoration (19ms)
Refreshing native plugins compatible for Editor in 1.51 ms, found 4 plugins.
Preloading 0 native plugins for Editor in 0.00 ms.
Unloading 31 Unused Serialized files (Serialized files now loaded: 0)
Unloading 6722 unused Assets / (7.3 MB). Loaded Objects now: 7673.
Memory consumption went from 165.8 MB to 158.4 MB.
Total: 14.075700 ms (FindLiveObjects: 1.346500 ms CreateObjectMapping: 1.097200 ms MarkObjects: 6.879800 ms  DeleteObjects: 4.748600 ms)

Prepare: number of updated asset objects reloaded= 0
========================================================================
Received Prepare
Refreshing native plugins compatible for Editor in 2.45 ms, found 4 plugins.
Preloading 0 native plugins for Editor in 0.00 ms.
Unloading 31 Unused Serialized files (Serialized files now loaded: 0)
Unloading 6711 unused Assets / (8.8 MB). Loaded Objects now: 7673.
Memory consumption went from 167.8 MB to 159.0 MB.
Total: 375.074300 ms (FindLiveObjects: 9.940300 ms CreateObjectMapping: 1.212500 ms MarkObjects: 354.366200 ms  DeleteObjects: 9.551800 ms)

Prepare: number of updated asset objects reloaded= 0
========================================================================
Received Import Request.
  Time since last request: 214.085962 seconds.
  path: Assets/Prefabs/Player.prefab
  artifactKey: Guid(af412cc9c65c2564ba4ded3ef5b03e74) Importer(815301076,1909f56bfc062723c751e8b465ee728b)
Start importing Assets/Prefabs/Player.prefab using Guid(af412cc9c65c2564ba4ded3ef5b03e74) Importer(815301076,1909f56bfc062723c751e8b465ee728b) (PreviewImporter) -> (artifact id: 'e44aba800e4f1038812b0975d0c7b8db') in 1.6285213 seconds
Number of updated asset objects reloaded before import = 0Number of asset objects unloaded after import = 32

========================================================================
Received Prepare
Begin MonoManager ReloadAssembly
- Loaded All Assemblies, in  4.302 seconds
Refreshing native plugins compatible for Editor in 2.94 ms, found 4 plugins.
Native extension for iOS target not found
Native extension for Android target not found
Native extension for WindowsStandalone target not found
Native extension for WebGL target not found
Mono: successfully reloaded assembly
- Finished resetting the current domain, in  1.075 seconds
Domain Reload Profiling: 5381ms
	BeginReloadAssembly (1860ms)
		ExecutionOrderSort (0ms)
		DisableScriptedObjects (218ms)
		BackupInstance (0ms)
		ReleaseScriptingObjects (4ms)
		CreateAndSetChildDomain (507ms)
	RebuildCommonClasses (56ms)
	RebuildNativeTypeToScriptingClass (13ms)
	initialDomainReloadingComplete (50ms)
	LoadAllAssembliesAndSetupDomain (2326ms)
		LoadAssemblies (2211ms)
		RebuildTransferFunctionScriptingTraits (0ms)
		AnalyzeDomain (515ms)
			TypeCache.Refresh (186ms)
				TypeCache.ScanAssembly (10ms)
			BuildScriptInfoCaches (280ms)
			ResolveRequiredComponents (15ms)
	FinalizeReload (1075ms)
		ReleaseScriptCaches (0ms)
		RebuildScriptCaches (0ms)
		SetupLoadedEditorAssemblies (838ms)
			LogAssemblyErrors (0ms)
			InitializePlatformSupportModulesInManaged (20ms)
			SetLoadedEditorAssemblies (7ms)
			BeforeProcessingInitializeOnLoad (217ms)
			ProcessInitializeOnLoadAttributes (475ms)
			ProcessInitializeOnLoadMethodAttributes (116ms)
			AfterProcessingInitializeOnLoad (3ms)
			EditorAssembliesLoaded (1ms)
		ExecutionOrderSort2 (0ms)
		AwakeInstancesAfterBackupRestoration (36ms)
Refreshing native plugins compatible for Editor in 1.83 ms, found 4 plugins.
Preloading 0 native plugins for Editor in 0.00 ms.
Unloading 31 Unused Serialized files (Serialized files now loaded: 0)
Unloading 6722 unused Assets / (8.5 MB). Loaded Objects now: 7697.
Memory consumption went from 165.7 MB to 157.2 MB.
Total: 15.755300 ms (FindLiveObjects: 1.198500 ms CreateObjectMapping: 0.536000 ms MarkObjects: 7.756000 ms  DeleteObjects: 6.262500 ms)

Prepare: number of updated asset objects reloaded= 0
========================================================================
Received Prepare
Begin MonoManager ReloadAssembly
- Loaded All Assemblies, in  2.344 seconds
Refreshing native plugins compatible for Editor in 2.69 ms, found 4 plugins.
Native extension for iOS target not found
Native extension for Android target not found
Native extension for WindowsStandalone target not found
Native extension for WebGL target not found
Mono: successfully reloaded assembly
- Finished resetting the current domain, in  1.102 seconds
Domain Reload Profiling: 3461ms
	BeginReloadAssembly (834ms)
		ExecutionOrderSort (0ms)
		DisableScriptedObjects (89ms)
		BackupInstance (0ms)
		ReleaseScriptingObjects (2ms)
		CreateAndSetChildDomain (256ms)
	RebuildCommonClasses (74ms)
	RebuildNativeTypeToScriptingClass (13ms)
	initialDomainReloadingComplete (55ms)
	LoadAllAssembliesAndSetupDomain (1382ms)
		LoadAssemblies (1191ms)
		RebuildTransferFunctionScriptingTraits (0ms)
		AnalyzeDomain (534ms)
			TypeCache.Refresh (29ms)
				TypeCache.ScanAssembly (0ms)
			BuildScriptInfoCaches (388ms)
			ResolveRequiredComponents (21ms)
	FinalizeReload (1104ms)
		ReleaseScriptCaches (0ms)
		RebuildScriptCaches (0ms)
		SetupLoadedEditorAssemblies (908ms)
			LogAssemblyErrors (0ms)
			InitializePlatformSupportModulesInManaged (19ms)
			SetLoadedEditorAssemblies (7ms)
			BeforeProcessingInitializeOnLoad (231ms)
			ProcessInitializeOnLoadAttributes (524ms)
			ProcessInitializeOnLoadMethodAttributes (121ms)
			AfterProcessingInitializeOnLoad (3ms)
			EditorAssembliesLoaded (3ms)
		ExecutionOrderSort2 (0ms)
		AwakeInstancesAfterBackupRestoration (24ms)
Refreshing native plugins compatible for Editor in 1.49 ms, found 4 plugins.
Preloading 0 native plugins for Editor in 0.00 ms.
Unloading 31 Unused Serialized files (Serialized files now loaded: 0)
Unloading 6722 unused Assets / (8.2 MB). Loaded Objects now: 7699.
Memory consumption went from 167.3 MB to 159.1 MB.
Total: 17.541600 ms (FindLiveObjects: 0.937600 ms CreateObjectMapping: 0.897500 ms MarkObjects: 7.684300 ms  DeleteObjects: 8.019800 ms)

Prepare: number of updated asset objects reloaded= 0
========================================================================
Received Prepare
Refreshing native plugins compatible for Editor in 3.21 ms, found 4 plugins.
Preloading 0 native plugins for Editor in 0.00 ms.
Unloading 31 Unused Serialized files (Serialized files now loaded: 0)
Unloading 6711 unused Assets / (8.6 MB). Loaded Objects now: 7699.
Memory consumption went from 169.3 MB to 160.7 MB.
Total: 287.851800 ms (FindLiveObjects: 3.501100 ms CreateObjectMapping: 1.066700 ms MarkObjects: 275.606500 ms  DeleteObjects: 7.674200 ms)

Prepare: number of updated asset objects reloaded= 0
========================================================================
Received Prepare
Begin MonoManager ReloadAssembly
- Loaded All Assemblies, in  4.407 seconds
Refreshing native plugins compatible for Editor in 2.85 ms, found 4 plugins.
Native extension for iOS target not found
Native extension for Android target not found
Native extension for WindowsStandalone target not found
Native extension for WebGL target not found
Mono: successfully reloaded assembly
- Finished resetting the current domain, in  1.738 seconds
Domain Reload Profiling: 6150ms
	BeginReloadAssembly (2187ms)
		ExecutionOrderSort (1ms)
		DisableScriptedObjects (235ms)
		BackupInstance (0ms)
		ReleaseScriptingObjects (3ms)
		CreateAndSetChildDomain (1383ms)
	RebuildCommonClasses (55ms)
	RebuildNativeTypeToScriptingClass (12ms)
	initialDomainReloadingComplete (50ms)
	LoadAllAssembliesAndSetupDomain (2107ms)
		LoadAssemblies (2020ms)
		RebuildTransferFunctionScriptingTraits (0ms)
		AnalyzeDomain (412ms)
			TypeCache.Refresh (46ms)
				TypeCache.ScanAssembly (1ms)
			BuildScriptInfoCaches (312ms)
			ResolveRequiredComponents (17ms)
	FinalizeReload (1739ms)
		ReleaseScriptCaches (0ms)
		RebuildScriptCaches (0ms)
		SetupLoadedEditorAssemblies (1487ms)
			LogAssemblyErrors (0ms)
			InitializePlatformSupportModulesInManaged (22ms)
			SetLoadedEditorAssemblies (7ms)
			BeforeProcessingInitializeOnLoad (467ms)
			ProcessInitializeOnLoadAttributes (911ms)
			ProcessInitializeOnLoadMethodAttributes (76ms)
			AfterProcessingInitializeOnLoad (2ms)
			EditorAssembliesLoaded (1ms)
		ExecutionOrderSort2 (0ms)
		AwakeInstancesAfterBackupRestoration (23ms)
Refreshing native plugins compatible for Editor in 1.43 ms, found 4 plugins.
Preloading 0 native plugins for Editor in 0.00 ms.
Unloading 31 Unused Serialized files (Serialized files now loaded: 0)
Unloading 6722 unused Assets / (8.3 MB). Loaded Objects now: 7701.
Memory consumption went from 171.2 MB to 162.9 MB.
Total: 15.181900 ms (FindLiveObjects: 0.883200 ms CreateObjectMapping: 0.971100 ms MarkObjects: 7.048000 ms  DeleteObjects: 6.277300 ms)

Prepare: number of updated asset objects reloaded= 0
========================================================================
Received Prepare
Begin MonoManager ReloadAssembly
- Loaded All Assemblies, in  1.308 seconds
Refreshing native plugins compatible for Editor in 2.73 ms, found 4 plugins.
Native extension for iOS target not found
Native extension for Android target not found
Native extension for WindowsStandalone target not found
Native extension for WebGL target not found
Mono: successfully reloaded assembly
- Finished resetting the current domain, in  0.991 seconds
Domain Reload Profiling: 2306ms
	BeginReloadAssembly (394ms)
		ExecutionOrderSort (0ms)
		DisableScriptedObjects (33ms)
		BackupInstance (0ms)
		ReleaseScriptingObjects (1ms)
		CreateAndSetChildDomain (111ms)
	RebuildCommonClasses (44ms)
	RebuildNativeTypeToScriptingClass (13ms)
	initialDomainReloadingComplete (34ms)
	LoadAllAssembliesAndSetupDomain (830ms)
		LoadAssemblies (684ms)
		RebuildTransferFunctionScriptingTraits (0ms)
		AnalyzeDomain (316ms)
			TypeCache.Refresh (26ms)
				TypeCache.ScanAssembly (0ms)
			BuildScriptInfoCaches (236ms)
			ResolveRequiredComponents (14ms)
	FinalizeReload (992ms)
		ReleaseScriptCaches (0ms)
		RebuildScriptCaches (0ms)
		SetupLoadedEditorAssemblies (772ms)
			LogAssemblyErrors (0ms)
			InitializePlatformSupportModulesInManaged (19ms)
			SetLoadedEditorAssemblies (7ms)
			BeforeProcessingInitializeOnLoad (207ms)
			ProcessInitializeOnLoadAttributes (466ms)
			ProcessInitializeOnLoadMethodAttributes (71ms)
			AfterProcessingInitializeOnLoad (2ms)
			EditorAssembliesLoaded (1ms)
		ExecutionOrderSort2 (0ms)
		AwakeInstancesAfterBackupRestoration (19ms)
Refreshing native plugins compatible for Editor in 1.76 ms, found 4 plugins.
Preloading 0 native plugins for Editor in 0.00 ms.
Unloading 31 Unused Serialized files (Serialized files now loaded: 0)
Unloading 6722 unused Assets / (7.1 MB). Loaded Objects now: 7703.
Memory consumption went from 173.1 MB to 166.0 MB.
Total: 20.011400 ms (FindLiveObjects: 2.177000 ms CreateObjectMapping: 1.079500 ms MarkObjects: 7.784400 ms  DeleteObjects: 8.967400 ms)

Prepare: number of updated asset objects reloaded= 0
========================================================================
Received Import Request.
  Time since last request: 642.635071 seconds.
  path: Assets/Prefabs/Enemy.prefab
  artifactKey: Guid(0f7a31712e2bde943a196ac63921bd20) Importer(815301076,1909f56bfc062723c751e8b465ee728b)
Start importing Assets/Prefabs/Enemy.prefab using Guid(0f7a31712e2bde943a196ac63921bd20) Importer(815301076,1909f56bfc062723c751e8b465ee728b) (PreviewImporter) -> (artifact id: '1f1f647d5dacf822be2cdfcfa272f3ee') in 1.3928722 seconds
Number of updated asset objects reloaded before import = 0Number of asset objects unloaded after import = 43

========================================================================
Received Prepare
Begin MonoManager ReloadAssembly
- Loaded All Assemblies, in  3.841 seconds
Refreshing native plugins compatible for Editor in 97.26 ms, found 4 plugins.
Native extension for iOS target not found
Native extension for Android target not found
Native extension for WindowsStandalone target not found
Native extension for WebGL target not found
Mono: successfully reloaded assembly
- Finished resetting the current domain, in  1.609 seconds
Domain Reload Profiling: 5463ms
	BeginReloadAssembly (1635ms)
		ExecutionOrderSort (1ms)
		DisableScriptedObjects (165ms)
		BackupInstance (0ms)
		ReleaseScriptingObjects (3ms)
		CreateAndSetChildDomain (968ms)
	RebuildCommonClasses (42ms)
	RebuildNativeTypeToScriptingClass (11ms)
	initialDomainReloadingComplete (41ms)
	LoadAllAssembliesAndSetupDomain (2123ms)
		LoadAssemblies (1782ms)
		RebuildTransferFunctionScriptingTraits (0ms)
		AnalyzeDomain (596ms)
			TypeCache.Refresh (37ms)
				TypeCache.ScanAssembly (0ms)
			BuildScriptInfoCaches (504ms)
			ResolveRequiredComponents (20ms)
	FinalizeReload (1611ms)
		ReleaseScriptCaches (0ms)
		RebuildScriptCaches (0ms)
		SetupLoadedEditorAssemblies (982ms)
			LogAssemblyErrors (0ms)
			InitializePlatformSupportModulesInManaged (42ms)
			SetLoadedEditorAssemblies (8ms)
			BeforeProcessingInitializeOnLoad (256ms)
			ProcessInitializeOnLoadAttributes (571ms)
			ProcessInitializeOnLoadMethodAttributes (100ms)
			AfterProcessingInitializeOnLoad (3ms)
			EditorAssembliesLoaded (2ms)
		ExecutionOrderSort2 (0ms)
		AwakeInstancesAfterBackupRestoration (28ms)
Refreshing native plugins compatible for Editor in 1.56 ms, found 4 plugins.
Preloading 0 native plugins for Editor in 0.00 ms.
Unloading 31 Unused Serialized files (Serialized files now loaded: 0)
Unloading 6722 unused Assets / (8.5 MB). Loaded Objects now: 7727.
Memory consumption went from 167.4 MB to 158.8 MB.
Total: 19.045700 ms (FindLiveObjects: 1.252100 ms CreateObjectMapping: 1.085800 ms MarkObjects: 9.112300 ms  DeleteObjects: 7.592400 ms)

Prepare: number of updated asset objects reloaded= 0
========================================================================
Received Import Request.
  Time since last request: 89.607944 seconds.
  path: Assets/Prefabs/Enemy.prefab
  artifactKey: Guid(0f7a31712e2bde943a196ac63921bd20) Importer(815301076,1909f56bfc062723c751e8b465ee728b)
Start importing Assets/Prefabs/Enemy.prefab using Guid(0f7a31712e2bde943a196ac63921bd20) Importer(815301076,1909f56bfc062723c751e8b465ee728b) (PreviewImporter) -> (artifact id: '1d1559ade4130e59ff517f95ca5f9f3c') in 1.102902 seconds
Number of updated asset objects reloaded before import = 0Number of asset objects unloaded after import = 44

========================================================================
Received Import Request.
  Time since last request: 11.538473 seconds.
  path: Assets/Prefabs/Enemy.prefab
  artifactKey: Guid(0f7a31712e2bde943a196ac63921bd20) Importer(815301076,1909f56bfc062723c751e8b465ee728b)
Start importing Assets/Prefabs/Enemy.prefab using Guid(0f7a31712e2bde943a196ac63921bd20) Importer(815301076,1909f56bfc062723c751e8b465ee728b) (PreviewImporter) -> (artifact id: 'daf06b7f5a9baeb6a69ec52e8fd33c06') in 0.0236029 seconds
Number of updated asset objects reloaded before import = 0Number of asset objects unloaded after import = 45

========================================================================
Received Import Request.
  Time since last request: 7.226915 seconds.
  path: Assets/Prefabs/Enemy.prefab
  artifactKey: Guid(0f7a31712e2bde943a196ac63921bd20) Importer(815301076,1909f56bfc062723c751e8b465ee728b)
Start importing Assets/Prefabs/Enemy.prefab using Guid(0f7a31712e2bde943a196ac63921bd20) Importer(815301076,1909f56bfc062723c751e8b465ee728b) (PreviewImporter) -> (artifact id: '1dce09b15c822ebed9184efa3f421d10') in 0.0257257 seconds
Number of updated asset objects reloaded before import = 0Number of asset objects unloaded after import = 45

========================================================================
Received Prepare
Begin MonoManager ReloadAssembly
- Loaded All Assemblies, in  5.544 seconds
Refreshing native plugins compatible for Editor in 3.81 ms, found 4 plugins.
Native extension for iOS target not found
Native extension for Android target not found
Native extension for WindowsStandalone target not found
Native extension for WebGL target not found
Mono: successfully reloaded assembly
- Finished resetting the current domain, in  1.169 seconds
Domain Reload Profiling: 6748ms
	BeginReloadAssembly (2284ms)
		ExecutionOrderSort (1ms)
		DisableScriptedObjects (177ms)
		BackupInstance (0ms)
		ReleaseScriptingObjects (6ms)
		CreateAndSetChildDomain (1360ms)
	RebuildCommonClasses (103ms)
	RebuildNativeTypeToScriptingClass (13ms)
	initialDomainReloadingComplete (53ms)
	LoadAllAssembliesAndSetupDomain (3125ms)
		LoadAssemblies (2128ms)
		RebuildTransferFunctionScriptingTraits (0ms)
		AnalyzeDomain (1404ms)
			TypeCache.Refresh (60ms)
				TypeCache.ScanAssembly (0ms)
			BuildScriptInfoCaches (1271ms)
			ResolveRequiredComponents (20ms)
	FinalizeReload (1171ms)
		ReleaseScriptCaches (0ms)
		RebuildScriptCaches (0ms)
		SetupLoadedEditorAssemblies (953ms)
			LogAssemblyErrors (0ms)
			InitializePlatformSupportModulesInManaged (19ms)
			SetLoadedEditorAssemblies (7ms)
			BeforeProcessingInitializeOnLoad (215ms)
			ProcessInitializeOnLoadAttributes (614ms)
			ProcessInitializeOnLoadMethodAttributes (94ms)
			AfterProcessingInitializeOnLoad (2ms)
			EditorAssembliesLoaded (2ms)
		ExecutionOrderSort2 (0ms)
		AwakeInstancesAfterBackupRestoration (25ms)
Refreshing native plugins compatible for Editor in 2.19 ms, found 4 plugins.
Preloading 0 native plugins for Editor in 0.00 ms.
Unloading 31 Unused Serialized files (Serialized files now loaded: 0)
Unloading 6722 unused Assets / (9.2 MB). Loaded Objects now: 7751.
Memory consumption went from 169.0 MB to 159.8 MB.
Total: 26.823700 ms (FindLiveObjects: 1.900200 ms CreateObjectMapping: 2.030700 ms MarkObjects: 12.107100 ms  DeleteObjects: 10.780200 ms)

Prepare: number of updated asset objects reloaded= 0
========================================================================
Received Prepare
Refreshing native plugins compatible for Editor in 2.29 ms, found 4 plugins.
Preloading 0 native plugins for Editor in 0.00 ms.
Unloading 31 Unused Serialized files (Serialized files now loaded: 0)
Unloading 6711 unused Assets / (7.4 MB). Loaded Objects now: 7751.
Memory consumption went from 170.8 MB to 163.4 MB.
Total: 281.054300 ms (FindLiveObjects: 3.427100 ms CreateObjectMapping: 0.783300 ms MarkObjects: 264.145100 ms  DeleteObjects: 12.696200 ms)

Prepare: number of updated asset objects reloaded= 0
========================================================================
Received Import Request.
  Time since last request: 327.030734 seconds.
  path: Assets/Prefabs/Enemy.prefab
  artifactKey: Guid(0f7a31712e2bde943a196ac63921bd20) Importer(815301076,1909f56bfc062723c751e8b465ee728b)
Start importing Assets/Prefabs/Enemy.prefab using Guid(0f7a31712e2bde943a196ac63921bd20) Importer(815301076,1909f56bfc062723c751e8b465ee728b) (PreviewImporter) -> (artifact id: '112a0b8a30f8173f398799a9abd8c43c') in 1.742654 seconds
Number of updated asset objects reloaded before import = 0Number of asset objects unloaded after import = 45

========================================================================
Received Prepare
Begin MonoManager ReloadAssembly
- Loaded All Assemblies, in  3.786 seconds
Refreshing native plugins compatible for Editor in 2.69 ms, found 4 plugins.
Native extension for iOS target not found
Native extension for Android target not found
Native extension for WindowsStandalone target not found
Native extension for WebGL target not found
Mono: successfully reloaded assembly
- Finished resetting the current domain, in  1.091 seconds
Domain Reload Profiling: 4883ms
	BeginReloadAssembly (2251ms)
		ExecutionOrderSort (0ms)
		DisableScriptedObjects (590ms)
		BackupInstance (0ms)
		ReleaseScriptingObjects (2ms)
		CreateAndSetChildDomain (1046ms)
	RebuildCommonClasses (52ms)
	RebuildNativeTypeToScriptingClass (12ms)
	initialDomainReloadingComplete (51ms)
	LoadAllAssembliesAndSetupDomain (1424ms)
		LoadAssemblies (1205ms)
		RebuildTransferFunctionScriptingTraits (0ms)
		AnalyzeDomain (497ms)
			TypeCache.Refresh (53ms)
				TypeCache.ScanAssembly (1ms)
			BuildScriptInfoCaches (390ms)
			ResolveRequiredComponents (22ms)
	FinalizeReload (1092ms)
		ReleaseScriptCaches (0ms)
		RebuildScriptCaches (0ms)
		SetupLoadedEditorAssemblies (873ms)
			LogAssemblyErrors (0ms)
			InitializePlatformSupportModulesInManaged (18ms)
			SetLoadedEditorAssemblies (7ms)
			BeforeProcessingInitializeOnLoad (228ms)
			ProcessInitializeOnLoadAttributes (531ms)
			ProcessInitializeOnLoadMethodAttributes (84ms)
			AfterProcessingInitializeOnLoad (3ms)
			EditorAssembliesLoaded (1ms)
		ExecutionOrderSort2 (0ms)
		AwakeInstancesAfterBackupRestoration (23ms)
Refreshing native plugins compatible for Editor in 1.46 ms, found 4 plugins.
Preloading 0 native plugins for Editor in 0.00 ms.
Unloading 31 Unused Serialized files (Serialized files now loaded: 0)
Unloading 6722 unused Assets / (8.9 MB). Loaded Objects now: 7775.
Memory consumption went from 170.5 MB to 161.7 MB.
Total: 21.310000 ms (FindLiveObjects: 0.901500 ms CreateObjectMapping: 1.046800 ms MarkObjects: 8.723000 ms  DeleteObjects: 10.635800 ms)

Prepare: number of updated asset objects reloaded= 0
========================================================================
Received Prepare
Begin MonoManager ReloadAssembly
- Loaded All Assemblies, in  1.135 seconds
Refreshing native plugins compatible for Editor in 2.41 ms, found 4 plugins.
Native extension for iOS target not found
Native extension for Android target not found
Native extension for WindowsStandalone target not found
Native extension for WebGL target not found
Mono: successfully reloaded assembly
- Finished resetting the current domain, in  1.136 seconds
Domain Reload Profiling: 2275ms
	BeginReloadAssembly (384ms)
		ExecutionOrderSort (0ms)
		DisableScriptedObjects (38ms)
		BackupInstance (0ms)
		ReleaseScriptingObjects (1ms)
		CreateAndSetChildDomain (144ms)
	RebuildCommonClasses (36ms)
	RebuildNativeTypeToScriptingClass (11ms)
	initialDomainReloadingComplete (35ms)
	LoadAllAssembliesAndSetupDomain (671ms)
		LoadAssemblies (496ms)
		RebuildTransferFunctionScriptingTraits (0ms)
		AnalyzeDomain (289ms)
			TypeCache.Refresh (25ms)
				TypeCache.ScanAssembly (0ms)
			BuildScriptInfoCaches (216ms)
			ResolveRequiredComponents (15ms)
	FinalizeReload (1137ms)
		ReleaseScriptCaches (0ms)
		RebuildScriptCaches (0ms)
		SetupLoadedEditorAssemblies (953ms)
			LogAssemblyErrors (0ms)
			InitializePlatformSupportModulesInManaged (15ms)
			SetLoadedEditorAssemblies (7ms)
			BeforeProcessingInitializeOnLoad (217ms)
			ProcessInitializeOnLoadAttributes (634ms)
			ProcessInitializeOnLoadMethodAttributes (77ms)
			AfterProcessingInitializeOnLoad (2ms)
			EditorAssembliesLoaded (1ms)
		ExecutionOrderSort2 (0ms)
		AwakeInstancesAfterBackupRestoration (21ms)
Refreshing native plugins compatible for Editor in 2.44 ms, found 4 plugins.
Preloading 0 native plugins for Editor in 0.00 ms.
Unloading 31 Unused Serialized files (Serialized files now loaded: 0)
Unloading 6722 unused Assets / (6.9 MB). Loaded Objects now: 7777.
Memory consumption went from 172.3 MB to 165.5 MB.
Total: 13.146600 ms (FindLiveObjects: 0.805900 ms CreateObjectMapping: 0.885500 ms MarkObjects: 6.104200 ms  DeleteObjects: 5.348700 ms)

Prepare: number of updated asset objects reloaded= 0
========================================================================
Received Prepare
Refreshing native plugins compatible for Editor in 8.56 ms, found 4 plugins.
Preloading 0 native plugins for Editor in 0.00 ms.
Unloading 31 Unused Serialized files (Serialized files now loaded: 0)
Unloading 6711 unused Assets / (7.9 MB). Loaded Objects now: 7777.
Memory consumption went from 174.3 MB to 166.5 MB.
Total: 874.182400 ms (FindLiveObjects: 8.127900 ms CreateObjectMapping: 1.231400 ms MarkObjects: 856.440800 ms  DeleteObjects: 8.378600 ms)

Prepare: number of updated asset objects reloaded= 0
========================================================================
Received Import Request.
  Time since last request: 505.420272 seconds.
  path: Assets/Prefabs/MiniBoss.prefab
  artifactKey: Guid(1e1412dfb7aa15044a1f108a0b2667a8) Importer(815301076,1909f56bfc062723c751e8b465ee728b)
Start importing Assets/Prefabs/MiniBoss.prefab using Guid(1e1412dfb7aa15044a1f108a0b2667a8) Importer(815301076,1909f56bfc062723c751e8b465ee728b) (PreviewImporter) -> (artifact id: '8a6524d4d97ba7c7a2987d7a067aa907') in 2.8308255 seconds
Number of updated asset objects reloaded before import = 0Number of asset objects unloaded after import = 112

========================================================================
Received Prepare
Begin MonoManager ReloadAssembly
- Loaded All Assemblies, in  5.670 seconds
Refreshing native plugins compatible for Editor in 2.78 ms, found 4 plugins.
Native extension for iOS target not found
Native extension for Android target not found
Native extension for WindowsStandalone target not found
Native extension for WebGL target not found
Mono: successfully reloaded assembly
- Finished resetting the current domain, in  2.034 seconds
Domain Reload Profiling: 7710ms
	BeginReloadAssembly (1666ms)
		ExecutionOrderSort (0ms)
		DisableScriptedObjects (197ms)
		BackupInstance (0ms)
		ReleaseScriptingObjects (4ms)
		CreateAndSetChildDomain (607ms)
	RebuildCommonClasses (104ms)
	RebuildNativeTypeToScriptingClass (18ms)
	initialDomainReloadingComplete (90ms)
	LoadAllAssembliesAndSetupDomain (3796ms)
		LoadAssemblies (3772ms)
		RebuildTransferFunctionScriptingTraits (0ms)
		AnalyzeDomain (644ms)
			TypeCache.Refresh (109ms)
				TypeCache.ScanAssembly (2ms)
			BuildScriptInfoCaches (487ms)
			ResolveRequiredComponents (21ms)
	FinalizeReload (2035ms)
		ReleaseScriptCaches (0ms)
		RebuildScriptCaches (0ms)
		SetupLoadedEditorAssemblies (1711ms)
			LogAssemblyErrors (0ms)
			InitializePlatformSupportModulesInManaged (21ms)
			SetLoadedEditorAssemblies (9ms)
			BeforeProcessingInitializeOnLoad (242ms)
			ProcessInitializeOnLoadAttributes (736ms)
			ProcessInitializeOnLoadMethodAttributes (653ms)
			AfterProcessingInitializeOnLoad (2ms)
			EditorAssembliesLoaded (49ms)
		ExecutionOrderSort2 (0ms)
		AwakeInstancesAfterBackupRestoration (84ms)
Refreshing native plugins compatible for Editor in 2.90 ms, found 4 plugins.
Preloading 0 native plugins for Editor in 0.00 ms.
Unloading 31 Unused Serialized files (Serialized files now loaded: 0)
Unloading 6728 unused Assets / (7.7 MB). Loaded Objects now: 7801.
Memory consumption went from 172.3 MB to 164.5 MB.
Total: 18.025600 ms (FindLiveObjects: 1.226800 ms CreateObjectMapping: 1.272200 ms MarkObjects: 9.908100 ms  DeleteObjects: 5.615700 ms)

Prepare: number of updated asset objects reloaded= 0
========================================================================
Received Prepare
Refreshing native plugins compatible for Editor in 1.92 ms, found 4 plugins.
Preloading 0 native plugins for Editor in 0.00 ms.
Unloading 31 Unused Serialized files (Serialized files now loaded: 0)
Unloading 6711 unused Assets / (8.2 MB). Loaded Objects now: 7801.
Memory consumption went from 174.1 MB to 165.9 MB.
Total: 215.341300 ms (FindLiveObjects: 3.214200 ms CreateObjectMapping: 1.044500 ms MarkObjects: 204.888800 ms  DeleteObjects: 6.191100 ms)

Prepare: number of updated asset objects reloaded= 0
========================================================================
Received Import Request.
  Time since last request: 109.334155 seconds.
  path: Assets/Prefabs/Enemy.prefab
  artifactKey: Guid(0f7a31712e2bde943a196ac63921bd20) Importer(815301076,1909f56bfc062723c751e8b465ee728b)
Start importing Assets/Prefabs/Enemy.prefab using Guid(0f7a31712e2bde943a196ac63921bd20) Importer(815301076,1909f56bfc062723c751e8b465ee728b) (PreviewImporter) -> (artifact id: 'edf8e9a625f39329f5b2a0bba148890b') in 2.7796079 seconds
Number of updated asset objects reloaded before import = 0Number of asset objects unloaded after import = 45

========================================================================
Received Prepare
Begin MonoManager ReloadAssembly
- Loaded All Assemblies, in  2.788 seconds
Refreshing native plugins compatible for Editor in 3.10 ms, found 4 plugins.
Native extension for iOS target not found
Native extension for Android target not found
Native extension for WindowsStandalone target not found
Native extension for WebGL target not found
Mono: successfully reloaded assembly
- Finished resetting the current domain, in  1.111 seconds
Domain Reload Profiling: 3909ms
	BeginReloadAssembly (810ms)
		ExecutionOrderSort (0ms)
		DisableScriptedObjects (67ms)
		BackupInstance (0ms)
		ReleaseScriptingObjects (2ms)
		CreateAndSetChildDomain (362ms)
	RebuildCommonClasses (64ms)
	RebuildNativeTypeToScriptingClass (12ms)
	initialDomainReloadingComplete (48ms)
	LoadAllAssembliesAndSetupDomain (1863ms)
		LoadAssemblies (1695ms)
		RebuildTransferFunctionScriptingTraits (0ms)
		AnalyzeDomain (443ms)
			TypeCache.Refresh (43ms)
				TypeCache.ScanAssembly (1ms)
			BuildScriptInfoCaches (346ms)
			ResolveRequiredComponents (18ms)
	FinalizeReload (1112ms)
		ReleaseScriptCaches (0ms)
		RebuildScriptCaches (0ms)
		SetupLoadedEditorAssemblies (898ms)
			LogAssemblyErrors (0ms)
			InitializePlatformSupportModulesInManaged (17ms)
			SetLoadedEditorAssemblies (7ms)
			BeforeProcessingInitializeOnLoad (214ms)
			ProcessInitializeOnLoadAttributes (567ms)
			ProcessInitializeOnLoadMethodAttributes (88ms)
			AfterProcessingInitializeOnLoad (3ms)
			EditorAssembliesLoaded (1ms)
		ExecutionOrderSort2 (0ms)
		AwakeInstancesAfterBackupRestoration (23ms)
Refreshing native plugins compatible for Editor in 1.34 ms, found 4 plugins.
Preloading 0 native plugins for Editor in 0.00 ms.
Unloading 31 Unused Serialized files (Serialized files now loaded: 0)
Unloading 6722 unused Assets / (8.4 MB). Loaded Objects now: 7825.
Memory consumption went from 173.8 MB to 165.4 MB.
Total: 15.238000 ms (FindLiveObjects: 0.827400 ms CreateObjectMapping: 0.961700 ms MarkObjects: 7.493200 ms  DeleteObjects: 5.953000 ms)

Prepare: number of updated asset objects reloaded= 0
========================================================================
Received Prepare
Begin MonoManager ReloadAssembly
- Loaded All Assemblies, in  1.808 seconds
Refreshing native plugins compatible for Editor in 1.33 ms, found 4 plugins.
Native extension for iOS target not found
Native extension for Android target not found
Native extension for WindowsStandalone target not found
Native extension for WebGL target not found
Mono: successfully reloaded assembly
- Finished resetting the current domain, in  0.994 seconds
Domain Reload Profiling: 2806ms
	BeginReloadAssembly (271ms)
		ExecutionOrderSort (0ms)
		DisableScriptedObjects (19ms)
		BackupInstance (0ms)
		ReleaseScriptingObjects (0ms)
		CreateAndSetChildDomain (71ms)
	RebuildCommonClasses (42ms)
	RebuildNativeTypeToScriptingClass (14ms)
	initialDomainReloadingComplete (37ms)
	LoadAllAssembliesAndSetupDomain (1448ms)
		LoadAssemblies (693ms)
		RebuildTransferFunctionScriptingTraits (0ms)
		AnalyzeDomain (875ms)
			TypeCache.Refresh (17ms)
				TypeCache.ScanAssembly (0ms)
			BuildScriptInfoCaches (281ms)
			ResolveRequiredComponents (49ms)
	FinalizeReload (995ms)
		ReleaseScriptCaches (0ms)
		RebuildScriptCaches (0ms)
		SetupLoadedEditorAssemblies (792ms)
			LogAssemblyErrors (0ms)
			InitializePlatformSupportModulesInManaged (18ms)
			SetLoadedEditorAssemblies (7ms)
			BeforeProcessingInitializeOnLoad (235ms)
			ProcessInitializeOnLoadAttributes (452ms)
			ProcessInitializeOnLoadMethodAttributes (76ms)
			AfterProcessingInitializeOnLoad (2ms)
			EditorAssembliesLoaded (1ms)
		ExecutionOrderSort2 (0ms)
		AwakeInstancesAfterBackupRestoration (21ms)
Refreshing native plugins compatible for Editor in 1.31 ms, found 4 plugins.
Preloading 0 native plugins for Editor in 0.00 ms.
Unloading 31 Unused Serialized files (Serialized files now loaded: 0)
Unloading 6722 unused Assets / (7.4 MB). Loaded Objects now: 7827.
Memory consumption went from 175.6 MB to 168.2 MB.
Total: 12.326300 ms (FindLiveObjects: 0.752700 ms CreateObjectMapping: 0.855800 ms MarkObjects: 5.956600 ms  DeleteObjects: 4.759100 ms)

Prepare: number of updated asset objects reloaded= 0
========================================================================
Received Import Request.
  Time since last request: 38.815498 seconds.
  path: Assets/Prefabs/MiniBoss.prefab
  artifactKey: Guid(1e1412dfb7aa15044a1f108a0b2667a8) Importer(815301076,1909f56bfc062723c751e8b465ee728b)
Start importing Assets/Prefabs/MiniBoss.prefab using Guid(1e1412dfb7aa15044a1f108a0b2667a8) Importer(815301076,1909f56bfc062723c751e8b465ee728b) (PreviewImporter) -> (artifact id: '52d763e0034c451b14b51f77571987c8') in 0.7530897 seconds
Number of updated asset objects reloaded before import = 0Number of asset objects unloaded after import = 112

========================================================================
Received Prepare
Begin MonoManager ReloadAssembly
- Loaded All Assemblies, in  0.878 seconds
Refreshing native plugins compatible for Editor in 1.25 ms, found 4 plugins.
Native extension for iOS target not found
Native extension for Android target not found
Native extension for WindowsStandalone target not found
Native extension for WebGL target not found
Mono: successfully reloaded assembly
- Finished resetting the current domain, in  0.976 seconds
Domain Reload Profiling: 1858ms
	BeginReloadAssembly (269ms)
		ExecutionOrderSort (0ms)
		DisableScriptedObjects (39ms)
		BackupInstance (0ms)
		ReleaseScriptingObjects (0ms)
		CreateAndSetChildDomain (74ms)
	RebuildCommonClasses (36ms)
	RebuildNativeTypeToScriptingClass (11ms)
	initialDomainReloadingComplete (26ms)
	LoadAllAssembliesAndSetupDomain (540ms)
		LoadAssemblies (400ms)
		RebuildTransferFunctionScriptingTraits (0ms)
		AnalyzeDomain (239ms)
			TypeCache.Refresh (13ms)
				TypeCache.ScanAssembly (0ms)
			BuildScriptInfoCaches (197ms)
			ResolveRequiredComponents (12ms)
	FinalizeReload (976ms)
		ReleaseScriptCaches (0ms)
		RebuildScriptCaches (0ms)
		SetupLoadedEditorAssemblies (786ms)
			LogAssemblyErrors (0ms)
			InitializePlatformSupportModulesInManaged (15ms)
			SetLoadedEditorAssemblies (8ms)
			BeforeProcessingInitializeOnLoad (218ms)
			ProcessInitializeOnLoadAttributes (458ms)
			ProcessInitializeOnLoadMethodAttributes (84ms)
			AfterProcessingInitializeOnLoad (2ms)
			EditorAssembliesLoaded (1ms)
		ExecutionOrderSort2 (0ms)
		AwakeInstancesAfterBackupRestoration (21ms)
Refreshing native plugins compatible for Editor in 2.31 ms, found 4 plugins.
Preloading 0 native plugins for Editor in 0.00 ms.
Unloading 31 Unused Serialized files (Serialized files now loaded: 0)
Unloading 6728 unused Assets / (7.3 MB). Loaded Objects now: 7851.
Memory consumption went from 175.4 MB to 168.1 MB.
Total: 17.700700 ms (FindLiveObjects: 0.945800 ms CreateObjectMapping: 1.120800 ms MarkObjects: 9.383700 ms  DeleteObjects: 6.249000 ms)

Prepare: number of updated asset objects reloaded= 0
========================================================================
Received Prepare
Begin MonoManager ReloadAssembly
- Loaded All Assemblies, in  2.963 seconds
Refreshing native plugins compatible for Editor in 3.45 ms, found 4 plugins.
Native extension for iOS target not found
Native extension for Android target not found
Native extension for WindowsStandalone target not found
Native extension for WebGL target not found
Mono: successfully reloaded assembly
- Finished resetting the current domain, in  1.048 seconds
Domain Reload Profiling: 4026ms
	BeginReloadAssembly (780ms)
		ExecutionOrderSort (0ms)
		DisableScriptedObjects (120ms)
		BackupInstance (0ms)
		ReleaseScriptingObjects (2ms)
		CreateAndSetChildDomain (256ms)
	RebuildCommonClasses (52ms)
	RebuildNativeTypeToScriptingClass (15ms)
	initialDomainReloadingComplete (49ms)
	LoadAllAssembliesAndSetupDomain (2082ms)
		LoadAssemblies (1663ms)
		RebuildTransferFunctionScriptingTraits (0ms)
		AnalyzeDomain (651ms)
			TypeCache.Refresh (70ms)
				TypeCache.ScanAssembly (0ms)
			BuildScriptInfoCaches (524ms)
			ResolveRequiredComponents (25ms)
	FinalizeReload (1049ms)
		ReleaseScriptCaches (0ms)
		RebuildScriptCaches (0ms)
		SetupLoadedEditorAssemblies (839ms)
			LogAssemblyErrors (0ms)
			InitializePlatformSupportModulesInManaged (21ms)
			SetLoadedEditorAssemblies (8ms)
			BeforeProcessingInitializeOnLoad (233ms)
			ProcessInitializeOnLoadAttributes (480ms)
			ProcessInitializeOnLoadMethodAttributes (93ms)
			AfterProcessingInitializeOnLoad (3ms)
			EditorAssembliesLoaded (2ms)
		ExecutionOrderSort2 (0ms)
		AwakeInstancesAfterBackupRestoration (32ms)
Refreshing native plugins compatible for Editor in 2.41 ms, found 4 plugins.
Preloading 0 native plugins for Editor in 0.00 ms.
Unloading 31 Unused Serialized files (Serialized files now loaded: 0)
Unloading 6722 unused Assets / (7.1 MB). Loaded Objects now: 7853.
Memory consumption went from 177.2 MB to 170.1 MB.
Total: 15.908100 ms (FindLiveObjects: 1.365400 ms CreateObjectMapping: 1.037300 ms MarkObjects: 8.141200 ms  DeleteObjects: 5.360900 ms)

Prepare: number of updated asset objects reloaded= 0
========================================================================
Received Prepare
Begin MonoManager ReloadAssembly
- Loaded All Assemblies, in  4.611 seconds
Refreshing native plugins compatible for Editor in 3.61 ms, found 4 plugins.
Native extension for iOS target not found
Native extension for Android target not found
Native extension for WindowsStandalone target not found
Native extension for WebGL target not found
Mono: successfully reloaded assembly
- Finished resetting the current domain, in  1.388 seconds
Domain Reload Profiling: 6008ms
	BeginReloadAssembly (2418ms)
		ExecutionOrderSort (1ms)
		DisableScriptedObjects (344ms)
		BackupInstance (0ms)
		ReleaseScriptingObjects (11ms)
		CreateAndSetChildDomain (1101ms)
	RebuildCommonClasses (93ms)
	RebuildNativeTypeToScriptingClass (12ms)
	initialDomainReloadingComplete (75ms)
	LoadAllAssembliesAndSetupDomain (2021ms)
		LoadAssemblies (1941ms)
		RebuildTransferFunctionScriptingTraits (0ms)
		AnalyzeDomain (415ms)
			TypeCache.Refresh (37ms)
				TypeCache.ScanAssembly (0ms)
			BuildScriptInfoCaches (336ms)
			ResolveRequiredComponents (16ms)
	FinalizeReload (1388ms)
		ReleaseScriptCaches (0ms)
		RebuildScriptCaches (0ms)
		SetupLoadedEditorAssemblies (1096ms)
			LogAssemblyErrors (0ms)
			InitializePlatformSupportModulesInManaged (21ms)
			SetLoadedEditorAssemblies (8ms)
			BeforeProcessingInitializeOnLoad (296ms)
			ProcessInitializeOnLoadAttributes (687ms)
			ProcessInitializeOnLoadMethodAttributes (80ms)
			AfterProcessingInitializeOnLoad (2ms)
			EditorAssembliesLoaded (1ms)
		ExecutionOrderSort2 (0ms)
		AwakeInstancesAfterBackupRestoration (22ms)
Refreshing native plugins compatible for Editor in 2.21 ms, found 4 plugins.
Preloading 0 native plugins for Editor in 0.00 ms.
Unloading 31 Unused Serialized files (Serialized files now loaded: 0)
Unloading 6722 unused Assets / (9.0 MB). Loaded Objects now: 7855.
Memory consumption went from 179.1 MB to 170.1 MB.
Total: 22.434700 ms (FindLiveObjects: 1.201800 ms CreateObjectMapping: 1.584800 ms MarkObjects: 10.277500 ms  DeleteObjects: 9.367000 ms)

Prepare: number of updated asset objects reloaded= 0
========================================================================
Received Prepare
Refreshing native plugins compatible for Editor in 2.99 ms, found 4 plugins.
Preloading 0 native plugins for Editor in 0.00 ms.
Unloading 31 Unused Serialized files (Serialized files now loaded: 0)
Unloading 6711 unused Assets / (8.4 MB). Loaded Objects now: 7855.
Memory consumption went from 181.1 MB to 172.7 MB.
Total: 345.323100 ms (FindLiveObjects: 4.606300 ms CreateObjectMapping: 1.575200 ms MarkObjects: 327.415100 ms  DeleteObjects: 11.723100 ms)

Prepare: number of updated asset objects reloaded= 0
========================================================================
Received Prepare
Begin MonoManager ReloadAssembly
- Loaded All Assemblies, in  3.239 seconds
Refreshing native plugins compatible for Editor in 2.99 ms, found 4 plugins.
Native extension for iOS target not found
Native extension for Android target not found
Native extension for WindowsStandalone target not found
Native extension for WebGL target not found
Mono: successfully reloaded assembly
- Finished resetting the current domain, in  1.770 seconds
Domain Reload Profiling: 5013ms
	BeginReloadAssembly (958ms)
		ExecutionOrderSort (0ms)
		DisableScriptedObjects (140ms)
		BackupInstance (0ms)
		ReleaseScriptingObjects (2ms)
		CreateAndSetChildDomain (338ms)
	RebuildCommonClasses (62ms)
	RebuildNativeTypeToScriptingClass (13ms)
	initialDomainReloadingComplete (58ms)
	LoadAllAssembliesAndSetupDomain (2152ms)
		LoadAssemblies (2077ms)
		RebuildTransferFunctionScriptingTraits (0ms)
		AnalyzeDomain (378ms)
			TypeCache.Refresh (54ms)
				TypeCache.ScanAssembly (1ms)
			BuildScriptInfoCaches (284ms)
			ResolveRequiredComponents (15ms)
	FinalizeReload (1771ms)
		ReleaseScriptCaches (0ms)
		RebuildScriptCaches (0ms)
		SetupLoadedEditorAssemblies (1551ms)
			LogAssemblyErrors (0ms)
			InitializePlatformSupportModulesInManaged (18ms)
			SetLoadedEditorAssemblies (7ms)
			BeforeProcessingInitializeOnLoad (228ms)
			ProcessInitializeOnLoadAttributes (1173ms)
			ProcessInitializeOnLoadMethodAttributes (119ms)
			AfterProcessingInitializeOnLoad (3ms)
			EditorAssembliesLoaded (1ms)
		ExecutionOrderSort2 (0ms)
		AwakeInstancesAfterBackupRestoration (26ms)
Refreshing native plugins compatible for Editor in 1.36 ms, found 4 plugins.
Preloading 0 native plugins for Editor in 0.00 ms.
Unloading 31 Unused Serialized files (Serialized files now loaded: 0)
Unloading 6722 unused Assets / (8.6 MB). Loaded Objects now: 7857.
Memory consumption went from 182.9 MB to 174.3 MB.
Total: 14.574900 ms (FindLiveObjects: 0.921900 ms CreateObjectMapping: 0.896800 ms MarkObjects: 7.073600 ms  DeleteObjects: 5.680000 ms)

Prepare: number of updated asset objects reloaded= 0
========================================================================
Received Prepare
Begin MonoManager ReloadAssembly
- Loaded All Assemblies, in  5.523 seconds
Refreshing native plugins compatible for Editor in 2.87 ms, found 4 plugins.
Native extension for iOS target not found
Native extension for Android target not found
Native extension for WindowsStandalone target not found
Native extension for WebGL target not found
Mono: successfully reloaded assembly
- Finished resetting the current domain, in  1.057 seconds
Domain Reload Profiling: 6594ms
	BeginReloadAssembly (1886ms)
		ExecutionOrderSort (2ms)
		DisableScriptedObjects (250ms)
		BackupInstance (0ms)
		ReleaseScriptingObjects (5ms)
		CreateAndSetChildDomain (634ms)
	RebuildCommonClasses (191ms)
	RebuildNativeTypeToScriptingClass (17ms)
	initialDomainReloadingComplete (54ms)
	LoadAllAssembliesAndSetupDomain (3386ms)
		LoadAssemblies (3414ms)
		RebuildTransferFunctionScriptingTraits (0ms)
		AnalyzeDomain (548ms)
			TypeCache.Refresh (41ms)
				TypeCache.ScanAssembly (0ms)
			BuildScriptInfoCaches (444ms)
			ResolveRequiredComponents (19ms)
	FinalizeReload (1058ms)
		ReleaseScriptCaches (0ms)
		RebuildScriptCaches (0ms)
		SetupLoadedEditorAssemblies (851ms)
			LogAssemblyErrors (0ms)
			InitializePlatformSupportModulesInManaged (18ms)
			SetLoadedEditorAssemblies (8ms)
			BeforeProcessingInitializeOnLoad (248ms)
			ProcessInitializeOnLoadAttributes (500ms)
			ProcessInitializeOnLoadMethodAttributes (74ms)
			AfterProcessingInitializeOnLoad (2ms)
			EditorAssembliesLoaded (1ms)
		ExecutionOrderSort2 (0ms)
		AwakeInstancesAfterBackupRestoration (21ms)
Refreshing native plugins compatible for Editor in 1.85 ms, found 4 plugins.
Preloading 0 native plugins for Editor in 0.00 ms.
Unloading 31 Unused Serialized files (Serialized files now loaded: 0)
Unloading 6722 unused Assets / (8.3 MB). Loaded Objects now: 7859.
Memory consumption went from 184.8 MB to 176.5 MB.
Total: 23.142500 ms (FindLiveObjects: 1.797800 ms CreateObjectMapping: 1.362800 ms MarkObjects: 10.815100 ms  DeleteObjects: 9.162800 ms)

Prepare: number of updated asset objects reloaded= 0
========================================================================
Received Import Request.
  Time since last request: 1221.842320 seconds.
  path: Assets/Prefabs/MiniBoss.prefab
  artifactKey: Guid(1e1412dfb7aa15044a1f108a0b2667a8) Importer(815301076,1909f56bfc062723c751e8b465ee728b)
Start importing Assets/Prefabs/MiniBoss.prefab using Guid(1e1412dfb7aa15044a1f108a0b2667a8) Importer(815301076,1909f56bfc062723c751e8b465ee728b) (PreviewImporter) -> (artifact id: 'ad6ec274616d3c27a4014108714a3139') in 0.9074115 seconds
Number of updated asset objects reloaded before import = 0Number of asset objects unloaded after import = 113

========================================================================
Received Import Request.
  Time since last request: 8.088295 seconds.
  path: Assets/Prefabs/MiniBoss.prefab
  artifactKey: Guid(1e1412dfb7aa15044a1f108a0b2667a8) Importer(815301076,1909f56bfc062723c751e8b465ee728b)
Start importing Assets/Prefabs/MiniBoss.prefab using Guid(1e1412dfb7aa15044a1f108a0b2667a8) Importer(815301076,1909f56bfc062723c751e8b465ee728b) (PreviewImporter) -> (artifact id: 'fb90f235058bd61c47b5539f0ed7c2f7') in 0.0282586 seconds
Number of updated asset objects reloaded before import = 0Number of asset objects unloaded after import = 114

========================================================================
Received Import Request.
  Time since last request: 1.587840 seconds.
  path: Assets/Prefabs/MiniBoss.prefab
  artifactKey: Guid(1e1412dfb7aa15044a1f108a0b2667a8) Importer(815301076,1909f56bfc062723c751e8b465ee728b)
Start importing Assets/Prefabs/MiniBoss.prefab using Guid(1e1412dfb7aa15044a1f108a0b2667a8) Importer(815301076,1909f56bfc062723c751e8b465ee728b) (PreviewImporter) -> (artifact id: 'e731570d4c80ee815f192d5b417c7320') in 0.0274941 seconds
Number of updated asset objects reloaded before import = 0Number of asset objects unloaded after import = 114

========================================================================
Received Import Request.
  Time since last request: 8.137688 seconds.
  path: Assets/Prefabs/MiniBoss.prefab
  artifactKey: Guid(1e1412dfb7aa15044a1f108a0b2667a8) Importer(815301076,1909f56bfc062723c751e8b465ee728b)
Start importing Assets/Prefabs/MiniBoss.prefab using Guid(1e1412dfb7aa15044a1f108a0b2667a8) Importer(815301076,1909f56bfc062723c751e8b465ee728b) (PreviewImporter) -> (artifact id: 'efd99a61538dc4d44389c52e1a1e0442') in 0.0273649 seconds
Number of updated asset objects reloaded before import = 0Number of asset objects unloaded after import = 114

========================================================================
Received Import Request.
  Time since last request: 0.330252 seconds.
  path: Assets/Prefabs/MiniBoss.prefab
  artifactKey: Guid(1e1412dfb7aa15044a1f108a0b2667a8) Importer(815301076,1909f56bfc062723c751e8b465ee728b)
Start importing Assets/Prefabs/MiniBoss.prefab using Guid(1e1412dfb7aa15044a1f108a0b2667a8) Importer(815301076,1909f56bfc062723c751e8b465ee728b) (PreviewImporter) -> (artifact id: '7572ebcd922bd88c9d92d660b9097df7') in 0.0227549 seconds
Number of updated asset objects reloaded before import = 0Number of asset objects unloaded after import = 114

========================================================================
Received Import Request.
  Time since last request: 0.979167 seconds.
  path: Assets/Prefabs/MiniBoss.prefab
  artifactKey: Guid(1e1412dfb7aa15044a1f108a0b2667a8) Importer(815301076,1909f56bfc062723c751e8b465ee728b)
Start importing Assets/Prefabs/MiniBoss.prefab using Guid(1e1412dfb7aa15044a1f108a0b2667a8) Importer(815301076,1909f56bfc062723c751e8b465ee728b) (PreviewImporter) -> (artifact id: 'b5a1e4b1f7027829ff326f3f63a6060a') in 0.0227534 seconds
Number of updated asset objects reloaded before import = 0Number of asset objects unloaded after import = 114

========================================================================
Received Import Request.
  Time since last request: 0.170147 seconds.
  path: Assets/Prefabs/MiniBoss.prefab
  artifactKey: Guid(1e1412dfb7aa15044a1f108a0b2667a8) Importer(815301076,1909f56bfc062723c751e8b465ee728b)
Start importing Assets/Prefabs/MiniBoss.prefab using Guid(1e1412dfb7aa15044a1f108a0b2667a8) Importer(815301076,1909f56bfc062723c751e8b465ee728b) (PreviewImporter) -> (artifact id: 'fd722abbc5ff13918cf170b9aaa874a9') in 0.0216649 seconds
Number of updated asset objects reloaded before import = 0Number of asset objects unloaded after import = 114

========================================================================
Received Prepare
Begin MonoManager ReloadAssembly
- Loaded All Assemblies, in  3.005 seconds
Refreshing native plugins compatible for Editor in 3.27 ms, found 4 plugins.
Native extension for iOS target not found
Native extension for Android target not found
Native extension for WindowsStandalone target not found
Native extension for WebGL target not found
Mono: successfully reloaded assembly
- Finished resetting the current domain, in  1.296 seconds
Domain Reload Profiling: 4307ms
	BeginReloadAssembly (1270ms)
		ExecutionOrderSort (0ms)
		DisableScriptedObjects (189ms)
		BackupInstance (0ms)
		ReleaseScriptingObjects (4ms)
		CreateAndSetChildDomain (493ms)
	RebuildCommonClasses (82ms)
	RebuildNativeTypeToScriptingClass (13ms)
	initialDomainReloadingComplete (71ms)
	LoadAllAssembliesAndSetupDomain (1574ms)
		LoadAssemblies (1432ms)
		RebuildTransferFunctionScriptingTraits (0ms)
		AnalyzeDomain (396ms)
			TypeCache.Refresh (33ms)
				TypeCache.ScanAssembly (0ms)
			BuildScriptInfoCaches (308ms)
			ResolveRequiredComponents (18ms)
	FinalizeReload (1297ms)
		ReleaseScriptCaches (0ms)
		RebuildScriptCaches (0ms)
		SetupLoadedEditorAssemblies (1040ms)
			LogAssemblyErrors (0ms)
			InitializePlatformSupportModulesInManaged (21ms)
			SetLoadedEditorAssemblies (8ms)
			BeforeProcessingInitializeOnLoad (261ms)
			ProcessInitializeOnLoadAttributes (651ms)
			ProcessInitializeOnLoadMethodAttributes (96ms)
			AfterProcessingInitializeOnLoad (2ms)
			EditorAssembliesLoaded (2ms)
		ExecutionOrderSort2 (0ms)
		AwakeInstancesAfterBackupRestoration (22ms)
Refreshing native plugins compatible for Editor in 1.85 ms, found 4 plugins.
Preloading 0 native plugins for Editor in 0.00 ms.
Unloading 31 Unused Serialized files (Serialized files now loaded: 0)
Unloading 6728 unused Assets / (8.2 MB). Loaded Objects now: 7883.
Memory consumption went from 177.2 MB to 169.0 MB.
Total: 22.761400 ms (FindLiveObjects: 1.596100 ms CreateObjectMapping: 1.044700 ms MarkObjects: 10.287600 ms  DeleteObjects: 9.829800 ms)

Prepare: number of updated asset objects reloaded= 0
========================================================================
Received Import Request.
  Time since last request: 123.984838 seconds.
  path: Assets/Audio/boom5.wav
  artifactKey: Guid(f17ce9deb4ed9244d8cb01c636c624f7) Importer(815301076,1909f56bfc062723c751e8b465ee728b)
Start importing Assets/Audio/boom5.wav using Guid(f17ce9deb4ed9244d8cb01c636c624f7) Importer(815301076,1909f56bfc062723c751e8b465ee728b) (PreviewImporter) -> (artifact id: '89e2fa5c3d480b39660c8bcefdf2aaed') in 0.5967645 seconds
Number of updated asset objects reloaded before import = 0Number of asset objects unloaded after import = 2

========================================================================
Received Import Request.
  Time since last request: 10.204990 seconds.
  path: Assets/Prefabs/Enemy.prefab
  artifactKey: Guid(0f7a31712e2bde943a196ac63921bd20) Importer(815301076,1909f56bfc062723c751e8b465ee728b)
Start importing Assets/Prefabs/Enemy.prefab using Guid(0f7a31712e2bde943a196ac63921bd20) Importer(815301076,1909f56bfc062723c751e8b465ee728b) (PreviewImporter) -> (artifact id: '80828611cb1f1147de3601dea28c341a') in 0.8489374 seconds
Number of updated asset objects reloaded before import = 0Number of asset objects unloaded after import = 45

========================================================================
Received Import Request.
  Time since last request: 27.043134 seconds.
  path: Assets/Audio/boss.wav
  artifactKey: Guid(f17ce9deb4ed9244d8cb01c636c624f7) Importer(815301076,1909f56bfc062723c751e8b465ee728b)
Start importing Assets/Audio/boss.wav using Guid(f17ce9deb4ed9244d8cb01c636c624f7) Importer(815301076,1909f56bfc062723c751e8b465ee728b) (PreviewImporter) -> (artifact id: 'ae01d9fe7227a4b326f8749c232f62b3') in 0.0174997 seconds
Number of updated asset objects reloaded before import = 0Number of asset objects unloaded after import = 2

========================================================================
Received Import Request.
  Time since last request: 39.327943 seconds.
  path: Assets/Prefabs/MiniBoss.prefab
  artifactKey: Guid(1e1412dfb7aa15044a1f108a0b2667a8) Importer(815301076,1909f56bfc062723c751e8b465ee728b)
Start importing Assets/Prefabs/MiniBoss.prefab using Guid(1e1412dfb7aa15044a1f108a0b2667a8) Importer(815301076,1909f56bfc062723c751e8b465ee728b) (PreviewImporter) -> (artifact id: '2b2d7a35d8e857e75707bdd54e9899ce') in 0.1725405 seconds
Number of updated asset objects reloaded before import = 0Number of asset objects unloaded after import = 114

========================================================================
Received Prepare
Begin MonoManager ReloadAssembly
- Loaded All Assemblies, in  3.711 seconds
Refreshing native plugins compatible for Editor in 2.87 ms, found 4 plugins.
Native extension for iOS target not found
Native extension for Android target not found
Native extension for WindowsStandalone target not found
Native extension for WebGL target not found
Mono: successfully reloaded assembly
- Finished resetting the current domain, in  1.031 seconds
Domain Reload Profiling: 4765ms
	BeginReloadAssembly (1251ms)
		ExecutionOrderSort (1ms)
		DisableScriptedObjects (162ms)
		BackupInstance (0ms)
		ReleaseScriptingObjects (3ms)
		CreateAndSetChildDomain (438ms)
	RebuildCommonClasses (67ms)
	RebuildNativeTypeToScriptingClass (13ms)
	initialDomainReloadingComplete (71ms)
	LoadAllAssembliesAndSetupDomain (2330ms)
		LoadAssemblies (1831ms)
		RebuildTransferFunctionScriptingTraits (0ms)
		AnalyzeDomain (944ms)
			TypeCache.Refresh (46ms)
				TypeCache.ScanAssembly (0ms)
			BuildScriptInfoCaches (585ms)
			ResolveRequiredComponents (28ms)
	FinalizeReload (1032ms)
		ReleaseScriptCaches (0ms)
		RebuildScriptCaches (0ms)
		SetupLoadedEditorAssemblies (821ms)
			LogAssemblyErrors (0ms)
			InitializePlatformSupportModulesInManaged (16ms)
			SetLoadedEditorAssemblies (7ms)
			BeforeProcessingInitializeOnLoad (202ms)
			ProcessInitializeOnLoadAttributes (505ms)
			ProcessInitializeOnLoadMethodAttributes (88ms)
			AfterProcessingInitializeOnLoad (2ms)
			EditorAssembliesLoaded (1ms)
		ExecutionOrderSort2 (0ms)
		AwakeInstancesAfterBackupRestoration (28ms)
Refreshing native plugins compatible for Editor in 1.27 ms, found 4 plugins.
Preloading 0 native plugins for Editor in 0.00 ms.
Unloading 31 Unused Serialized files (Serialized files now loaded: 0)
Unloading 6728 unused Assets / (8.2 MB). Loaded Objects now: 7907.
Memory consumption went from 178.9 MB to 170.6 MB.
Total: 17.162200 ms (FindLiveObjects: 1.010400 ms CreateObjectMapping: 0.927700 ms MarkObjects: 8.464700 ms  DeleteObjects: 6.756900 ms)

Prepare: number of updated asset objects reloaded= 0
========================================================================
Received Prepare
Begin MonoManager ReloadAssembly
- Loaded All Assemblies, in  1.869 seconds
Refreshing native plugins compatible for Editor in 2.63 ms, found 4 plugins.
Native extension for iOS target not found
Native extension for Android target not found
Native extension for WindowsStandalone target not found
Native extension for WebGL target not found
Mono: successfully reloaded assembly
- Finished resetting the current domain, in  1.015 seconds
Domain Reload Profiling: 2887ms
	BeginReloadAssembly (400ms)
		ExecutionOrderSort (0ms)
		DisableScriptedObjects (40ms)
		BackupInstance (0ms)
		ReleaseScriptingObjects (2ms)
		CreateAndSetChildDomain (119ms)
	RebuildCommonClasses (49ms)
	RebuildNativeTypeToScriptingClass (12ms)
	initialDomainReloadingComplete (39ms)
	LoadAllAssembliesAndSetupDomain (1371ms)
		LoadAssemblies (1053ms)
		RebuildTransferFunctionScriptingTraits (0ms)
		AnalyzeDomain (466ms)
			TypeCache.Refresh (64ms)
				TypeCache.ScanAssembly (0ms)
			BuildScriptInfoCaches (365ms)
			ResolveRequiredComponents (13ms)
	FinalizeReload (1016ms)
		ReleaseScriptCaches (0ms)
		RebuildScriptCaches (0ms)
		SetupLoadedEditorAssemblies (829ms)
			LogAssemblyErrors (0ms)
			InitializePlatformSupportModulesInManaged (14ms)
			SetLoadedEditorAssemblies (7ms)
			BeforeProcessingInitializeOnLoad (244ms)
			ProcessInitializeOnLoadAttributes (478ms)
			ProcessInitializeOnLoadMethodAttributes (83ms)
			AfterProcessingInitializeOnLoad (2ms)
			EditorAssembliesLoaded (1ms)
		ExecutionOrderSort2 (0ms)
		AwakeInstancesAfterBackupRestoration (20ms)
Refreshing native plugins compatible for Editor in 1.48 ms, found 4 plugins.
Preloading 0 native plugins for Editor in 0.00 ms.
Unloading 31 Unused Serialized files (Serialized files now loaded: 0)
Unloading 6722 unused Assets / (8.1 MB). Loaded Objects now: 7909.
Memory consumption went from 180.6 MB to 172.5 MB.
Total: 15.046800 ms (FindLiveObjects: 0.923800 ms CreateObjectMapping: 1.076500 ms MarkObjects: 6.655700 ms  DeleteObjects: 6.388200 ms)

Prepare: number of updated asset objects reloaded= 0
========================================================================
Received Prepare
Refreshing native plugins compatible for Editor in 2.08 ms, found 4 plugins.
Preloading 0 native plugins for Editor in 0.00 ms.
Unloading 31 Unused Serialized files (Serialized files now loaded: 0)
Unloading 6711 unused Assets / (9.2 MB). Loaded Objects now: 7909.
Memory consumption went from 182.6 MB to 173.4 MB.
Total: 212.645200 ms (FindLiveObjects: 3.909300 ms CreateObjectMapping: 1.054500 ms MarkObjects: 198.363200 ms  DeleteObjects: 9.315500 ms)

Prepare: number of updated asset objects reloaded= 0
========================================================================
Received Prepare
Begin MonoManager ReloadAssembly
- Loaded All Assemblies, in  5.928 seconds
Refreshing native plugins compatible for Editor in 1.32 ms, found 4 plugins.
Native extension for iOS target not found
Native extension for Android target not found
Native extension for WindowsStandalone target not found
Native extension for WebGL target not found
Mono: successfully reloaded assembly
- Finished resetting the current domain, in  1.035 seconds
Domain Reload Profiling: 6970ms
	BeginReloadAssembly (2212ms)
		ExecutionOrderSort (3ms)
		DisableScriptedObjects (261ms)
		BackupInstance (0ms)
		ReleaseScriptingObjects (4ms)
		CreateAndSetChildDomain (950ms)
	RebuildCommonClasses (54ms)
	RebuildNativeTypeToScriptingClass (15ms)
	initialDomainReloadingComplete (55ms)
	LoadAllAssembliesAndSetupDomain (3599ms)
		LoadAssemblies (3739ms)
		RebuildTransferFunctionScriptingTraits (0ms)
		AnalyzeDomain (533ms)
			TypeCache.Refresh (93ms)
				TypeCache.ScanAssembly (1ms)
			BuildScriptInfoCaches (385ms)
			ResolveRequiredComponents (16ms)
	FinalizeReload (1035ms)
		ReleaseScriptCaches (0ms)
		RebuildScriptCaches (0ms)
		SetupLoadedEditorAssemblies (809ms)
			LogAssemblyErrors (0ms)
			InitializePlatformSupportModulesInManaged (15ms)
			SetLoadedEditorAssemblies (7ms)
			BeforeProcessingInitializeOnLoad (213ms)
			ProcessInitializeOnLoadAttributes (484ms)
			ProcessInitializeOnLoadMethodAttributes (87ms)
			AfterProcessingInitializeOnLoad (2ms)
			EditorAssembliesLoaded (1ms)
		ExecutionOrderSort2 (0ms)
		AwakeInstancesAfterBackupRestoration (21ms)
Refreshing native plugins compatible for Editor in 2.24 ms, found 4 plugins.
Preloading 0 native plugins for Editor in 0.00 ms.
Unloading 31 Unused Serialized files (Serialized files now loaded: 0)
Unloading 6722 unused Assets / (8.9 MB). Loaded Objects now: 7911.
Memory consumption went from 184.3 MB to 175.5 MB.
Total: 20.120600 ms (FindLiveObjects: 1.267200 ms CreateObjectMapping: 1.352800 ms MarkObjects: 7.817400 ms  DeleteObjects: 9.679200 ms)

Prepare: number of updated asset objects reloaded= 0
========================================================================
Received Import Request.
  Time since last request: 290.832519 seconds.
  path: Assets/Audio/boom3 (1).wav
  artifactKey: Guid(3c9c4ee1e956c9344b1b55203fc676a4) Importer(815301076,1909f56bfc062723c751e8b465ee728b)
Start importing Assets/Audio/boom3 (1).wav using Guid(3c9c4ee1e956c9344b1b55203fc676a4) Importer(815301076,1909f56bfc062723c751e8b465ee728b) (PreviewImporter) -> (artifact id: '7994364b6241f4ac584adff2013f97a9') in 0.199317 seconds
Number of updated asset objects reloaded before import = 0Number of asset objects unloaded after import = 2

========================================================================
Received Import Request.
  Time since last request: 5.978554 seconds.
  path: Assets/Prefabs/Boss.prefab
  artifactKey: Guid(7411950ed9b13b44c9469c39a1069770) Importer(815301076,1909f56bfc062723c751e8b465ee728b)
Start importing Assets/Prefabs/Boss.prefab using Guid(7411950ed9b13b44c9469c39a1069770) Importer(815301076,1909f56bfc062723c751e8b465ee728b) (PreviewImporter) -> (artifact id: '7299da049c853a81c3acb594bff19f8a') in 0.6736797 seconds
Number of updated asset objects reloaded before import = 0Number of asset objects unloaded after import = 77

========================================================================
Received Prepare
Begin MonoManager ReloadAssembly
- Loaded All Assemblies, in  2.207 seconds
Refreshing native plugins compatible for Editor in 2.82 ms, found 4 plugins.
Native extension for iOS target not found
Native extension for Android target not found
Native extension for WindowsStandalone target not found
Native extension for WebGL target not found
Mono: successfully reloaded assembly
- Finished resetting the current domain, in  0.969 seconds
Domain Reload Profiling: 3196ms
	BeginReloadAssembly (1121ms)
		ExecutionOrderSort (0ms)
		DisableScriptedObjects (134ms)
		BackupInstance (0ms)
		ReleaseScriptingObjects (11ms)
		CreateAndSetChildDomain (575ms)
	RebuildCommonClasses (41ms)
	RebuildNativeTypeToScriptingClass (12ms)
	initialDomainReloadingComplete (38ms)
	LoadAllAssembliesAndSetupDomain (1015ms)
		LoadAssemblies (740ms)
		RebuildTransferFunctionScriptingTraits (0ms)
		AnalyzeDomain (406ms)
			TypeCache.Refresh (31ms)
				TypeCache.ScanAssembly (0ms)
			BuildScriptInfoCaches (318ms)
			ResolveRequiredComponents (16ms)
	FinalizeReload (970ms)
		ReleaseScriptCaches (0ms)
		RebuildScriptCaches (0ms)
		SetupLoadedEditorAssemblies (767ms)
			LogAssemblyErrors (0ms)
			InitializePlatformSupportModulesInManaged (17ms)
			SetLoadedEditorAssemblies (7ms)
			BeforeProcessingInitializeOnLoad (204ms)
			ProcessInitializeOnLoadAttributes (458ms)
			ProcessInitializeOnLoadMethodAttributes (78ms)
			AfterProcessingInitializeOnLoad (2ms)
			EditorAssembliesLoaded (1ms)
		ExecutionOrderSort2 (0ms)
		AwakeInstancesAfterBackupRestoration (22ms)
Refreshing native plugins compatible for Editor in 2.29 ms, found 4 plugins.
Preloading 0 native plugins for Editor in 0.00 ms.
Unloading 31 Unused Serialized files (Serialized files now loaded: 0)
Unloading 6728 unused Assets / (7.6 MB). Loaded Objects now: 7935.
Memory consumption went from 180.6 MB to 173.0 MB.
Total: 26.299300 ms (FindLiveObjects: 2.573800 ms CreateObjectMapping: 1.314800 ms MarkObjects: 12.290600 ms  DeleteObjects: 10.116400 ms)

Prepare: number of updated asset objects reloaded= 0
========================================================================
Received Prepare
Begin MonoManager ReloadAssembly
- Loaded All Assemblies, in  2.143 seconds
Refreshing native plugins compatible for Editor in 2.78 ms, found 4 plugins.
Native extension for iOS target not found
Native extension for Android target not found
Native extension for WindowsStandalone target not found
Native extension for WebGL target not found
Mono: successfully reloaded assembly
- Finished resetting the current domain, in  1.321 seconds
Domain Reload Profiling: 3469ms
	BeginReloadAssembly (832ms)
		ExecutionOrderSort (0ms)
		DisableScriptedObjects (85ms)
		BackupInstance (0ms)
		ReleaseScriptingObjects (2ms)
		CreateAndSetChildDomain (280ms)
	RebuildCommonClasses (85ms)
	RebuildNativeTypeToScriptingClass (14ms)
	initialDomainReloadingComplete (72ms)
	LoadAllAssembliesAndSetupDomain (1144ms)
		LoadAssemblies (1203ms)
		RebuildTransferFunctionScriptingTraits (0ms)
		AnalyzeDomain (271ms)
			TypeCache.Refresh (27ms)
				TypeCache.ScanAssembly (0ms)
			BuildScriptInfoCaches (207ms)
			ResolveRequiredComponents (13ms)
	FinalizeReload (1322ms)
		ReleaseScriptCaches (0ms)
		RebuildScriptCaches (0ms)
		SetupLoadedEditorAssemblies (1074ms)
			LogAssemblyErrors (0ms)
			InitializePlatformSupportModulesInManaged (21ms)
			SetLoadedEditorAssemblies (9ms)
			BeforeProcessingInitializeOnLoad (352ms)
			ProcessInitializeOnLoadAttributes (608ms)
			ProcessInitializeOnLoadMethodAttributes (80ms)
			AfterProcessingInitializeOnLoad (2ms)
			EditorAssembliesLoaded (1ms)
		ExecutionOrderSort2 (0ms)
		AwakeInstancesAfterBackupRestoration (23ms)
Refreshing native plugins compatible for Editor in 1.80 ms, found 4 plugins.
Preloading 0 native plugins for Editor in 0.00 ms.
Unloading 31 Unused Serialized files (Serialized files now loaded: 0)
Unloading 6722 unused Assets / (7.8 MB). Loaded Objects now: 7937.
Memory consumption went from 182.2 MB to 174.5 MB.
Total: 16.014200 ms (FindLiveObjects: 0.947700 ms CreateObjectMapping: 1.140500 ms MarkObjects: 8.202400 ms  DeleteObjects: 5.719400 ms)

Prepare: number of updated asset objects reloaded= 0
========================================================================
Received Import Request.
  Time since last request: 300.363121 seconds.
  path: Assets/Scenes/MainMenu.unity
  artifactKey: Guid(fe61ea83af75638498ccb16ae70f8acb) Importer(815301076,1909f56bfc062723c751e8b465ee728b)
Start importing Assets/Scenes/MainMenu.unity using Guid(fe61ea83af75638498ccb16ae70f8acb) Importer(815301076,1909f56bfc062723c751e8b465ee728b) (PreviewImporter) -> (artifact id: '60f34577c47a3d8bec817e1a6c08216f') in 0.316001 seconds
Number of updated asset objects reloaded before import = 0Number of asset objects unloaded after import = 0

========================================================================
Received Prepare
Refreshing native plugins compatible for Editor in 2.34 ms, found 4 plugins.
Preloading 0 native plugins for Editor in 0.00 ms.
Unloading 31 Unused Serialized files (Serialized files now loaded: 0)
Unloading 6712 unused Assets / (7.2 MB). Loaded Objects now: 7938.
Memory consumption went from 180.5 MB to 173.3 MB.
Total: 345.159200 ms (FindLiveObjects: 4.489800 ms CreateObjectMapping: 1.257300 ms MarkObjects: 325.269400 ms  DeleteObjects: 14.139600 ms)

Prepare: number of updated asset objects reloaded= 0
========================================================================
Received Import Request.
  Time since last request: 288.237341 seconds.
  path: Assets/Scrips/AudioSetting.cs
  artifactKey: Guid(9a57ee885b9e1d148a9c5fbab6b4bba2) Importer(815301076,1909f56bfc062723c751e8b465ee728b)
Start importing Assets/Scrips/AudioSetting.cs using Guid(9a57ee885b9e1d148a9c5fbab6b4bba2) Importer(815301076,1909f56bfc062723c751e8b465ee728b) (PreviewImporter) -> (artifact id: 'e3326930515299c7b1bfc40fefa90434') in 0.0369061 seconds
Number of updated asset objects reloaded before import = 0Number of asset objects unloaded after import = 0

========================================================================
Received Prepare
Begin MonoManager ReloadAssembly
- Loaded All Assemblies, in  3.974 seconds
Refreshing native plugins compatible for Editor in 1.22 ms, found 4 plugins.
Native extension for iOS target not found
Native extension for Android target not found
Native extension for WindowsStandalone target not found
Native extension for WebGL target not found
Mono: successfully reloaded assembly
- Finished resetting the current domain, in  1.111 seconds
Domain Reload Profiling: 5090ms
	BeginReloadAssembly (1765ms)
		ExecutionOrderSort (2ms)
		DisableScriptedObjects (322ms)
		BackupInstance (0ms)
		ReleaseScriptingObjects (6ms)
		CreateAndSetChildDomain (512ms)
	RebuildCommonClasses (57ms)
	RebuildNativeTypeToScriptingClass (12ms)
	initialDomainReloadingComplete (52ms)
	LoadAllAssembliesAndSetupDomain (2091ms)
		LoadAssemblies (1697ms)
		RebuildTransferFunctionScriptingTraits (0ms)
		AnalyzeDomain (710ms)
			TypeCache.Refresh (119ms)
				TypeCache.ScanAssembly (2ms)
			BuildScriptInfoCaches (553ms)
			ResolveRequiredComponents (15ms)
	FinalizeReload (1112ms)
		ReleaseScriptCaches (0ms)
		RebuildScriptCaches (0ms)
		SetupLoadedEditorAssemblies (897ms)
			LogAssemblyErrors (0ms)
			InitializePlatformSupportModulesInManaged (15ms)
			SetLoadedEditorAssemblies (8ms)
			BeforeProcessingInitializeOnLoad (246ms)
			ProcessInitializeOnLoadAttributes (537ms)
			ProcessInitializeOnLoadMethodAttributes (88ms)
			AfterProcessingInitializeOnLoad (2ms)
			EditorAssembliesLoaded (2ms)
		ExecutionOrderSort2 (0ms)
		AwakeInstancesAfterBackupRestoration (27ms)
Refreshing native plugins compatible for Editor in 2.70 ms, found 4 plugins.
Preloading 0 native plugins for Editor in 0.00 ms.
Unloading 31 Unused Serialized files (Serialized files now loaded: 0)
Unloading 6723 unused Assets / (7.3 MB). Loaded Objects now: 7940.
Memory consumption went from 180.4 MB to 173.1 MB.
Total: 25.140300 ms (FindLiveObjects: 2.174500 ms CreateObjectMapping: 2.088000 ms MarkObjects: 12.908700 ms  DeleteObjects: 7.966100 ms)

Prepare: number of updated asset objects reloaded= 0
========================================================================
Received Prepare
Refreshing native plugins compatible for Editor in 1.83 ms, found 4 plugins.
Preloading 0 native plugins for Editor in 0.00 ms.
Unloading 31 Unused Serialized files (Serialized files now loaded: 0)
Unloading 6713 unused Assets / (8.1 MB). Loaded Objects now: 7941.
Memory consumption went from 182.4 MB to 174.3 MB.
Total: 292.101200 ms (FindLiveObjects: 4.322200 ms CreateObjectMapping: 0.931100 ms MarkObjects: 279.647500 ms  DeleteObjects: 7.197300 ms)

Prepare: number of updated asset objects reloaded= 0
========================================================================
Received Import Request.
  Time since last request: 702.575795 seconds.
  path: Assets/Scrips/AudioManager.cs
  artifactKey: Guid(f0ea02a54565c8a489b149e67e7ad055) Importer(815301076,1909f56bfc062723c751e8b465ee728b)
Start importing Assets/Scrips/AudioManager.cs using Guid(f0ea02a54565c8a489b149e67e7ad055) Importer(815301076,1909f56bfc062723c751e8b465ee728b) (PreviewImporter) -> (artifact id: 'd36874a51d8e3dfa6d9c6ebb348777ab') in 0.1340601 seconds
Number of updated asset objects reloaded before import = 0Number of asset objects unloaded after import = 0

========================================================================
Received Prepare
Begin MonoManager ReloadAssembly
- Loaded All Assemblies, in  4.311 seconds
Refreshing native plugins compatible for Editor in 2.55 ms, found 4 plugins.
Native extension for iOS target not found
Native extension for Android target not found
Native extension for WindowsStandalone target not found
Native extension for WebGL target not found
Mono: successfully reloaded assembly
- Finished resetting the current domain, in  1.290 seconds
Domain Reload Profiling: 5613ms
	BeginReloadAssembly (2256ms)
		ExecutionOrderSort (2ms)
		DisableScriptedObjects (358ms)
		BackupInstance (0ms)
		ReleaseScriptingObjects (7ms)
		CreateAndSetChildDomain (992ms)
	RebuildCommonClasses (77ms)
	RebuildNativeTypeToScriptingClass (14ms)
	initialDomainReloadingComplete (71ms)
	LoadAllAssembliesAndSetupDomain (1903ms)
		LoadAssemblies (1670ms)
		RebuildTransferFunctionScriptingTraits (0ms)
		AnalyzeDomain (626ms)
			TypeCache.Refresh (66ms)
				TypeCache.ScanAssembly (2ms)
			BuildScriptInfoCaches (501ms)
			ResolveRequiredComponents (24ms)
	FinalizeReload (1292ms)
		ReleaseScriptCaches (0ms)
		RebuildScriptCaches (0ms)
		SetupLoadedEditorAssemblies (1050ms)
			LogAssemblyErrors (0ms)
			InitializePlatformSupportModulesInManaged (21ms)
			SetLoadedEditorAssemblies (10ms)
			BeforeProcessingInitializeOnLoad (287ms)
			ProcessInitializeOnLoadAttributes (635ms)
			ProcessInitializeOnLoadMethodAttributes (94ms)
			AfterProcessingInitializeOnLoad (2ms)
			EditorAssembliesLoaded (1ms)
		ExecutionOrderSort2 (0ms)
		AwakeInstancesAfterBackupRestoration (24ms)
Refreshing native plugins compatible for Editor in 1.84 ms, found 4 plugins.
Preloading 0 native plugins for Editor in 0.00 ms.
Unloading 31 Unused Serialized files (Serialized files now loaded: 0)
Unloading 6724 unused Assets / (9.4 MB). Loaded Objects now: 7943.
Memory consumption went from 180.5 MB to 171.1 MB.
Total: 19.589300 ms (FindLiveObjects: 2.506900 ms CreateObjectMapping: 0.893400 ms MarkObjects: 7.557400 ms  DeleteObjects: 8.629100 ms)

Prepare: number of updated asset objects reloaded= 0
========================================================================
Received Import Request.
  Time since last request: 30.439630 seconds.
  path: Assets/Scrips/AudioManager.cs
  artifactKey: Guid(f0ea02a54565c8a489b149e67e7ad055) Importer(815301076,1909f56bfc062723c751e8b465ee728b)
Start importing Assets/Scrips/AudioManager.cs using Guid(f0ea02a54565c8a489b149e67e7ad055) Importer(815301076,1909f56bfc062723c751e8b465ee728b) (PreviewImporter) -> (artifact id: '4f601812f91d11173e690114f031c501') in 0.0187908 seconds
Number of updated asset objects reloaded before import = 0Number of asset objects unloaded after import = 0

========================================================================
Received Prepare
Refreshing native plugins compatible for Editor in 1.91 ms, found 4 plugins.
Preloading 0 native plugins for Editor in 0.00 ms.
Unloading 31 Unused Serialized files (Serialized files now loaded: 0)
Unloading 6713 unused Assets / (6.2 MB). Loaded Objects now: 7943.
Memory consumption went from 180.6 MB to 174.4 MB.
Total: 219.102700 ms (FindLiveObjects: 3.730800 ms CreateObjectMapping: 1.063400 ms MarkObjects: 204.620400 ms  DeleteObjects: 9.685200 ms)

Prepare: number of updated asset objects reloaded= 0
========================================================================
Received Import Request.
  Time since last request: 573.165950 seconds.
  path: Assets/Scrips/AudioManager.cs
  artifactKey: Guid(f0ea02a54565c8a489b149e67e7ad055) Importer(815301076,1909f56bfc062723c751e8b465ee728b)
Start importing Assets/Scrips/AudioManager.cs using Guid(f0ea02a54565c8a489b149e67e7ad055) Importer(815301076,1909f56bfc062723c751e8b465ee728b) (PreviewImporter) -> (artifact id: '00000000000000000000000000000000') in 0.0372569 seconds
Import Error Code:(4)
Message: Build asset version error: assets/scrips/audiomanager.cs in SourceAssetDB has modification time of '2025-09-25T06:51:22.0288933Z' while content on disk has modification time of '2025-09-25T06:51:23.3607634Z'
  ERROR: Build asset version error: assets/scrips/audiomanager.cs in SourceAssetDB has modification time of '2025-09-25T06:51:22.0288933Z' while content on disk has modification time of '2025-09-25T06:51:23.3607634Z'
Number of updated asset objects reloaded before import = 0Number of asset objects unloaded after import = 0

========================================================================
Received Import Request.
  Time since last request: 3.955909 seconds.
  path: Assets/Scrips/AudioManager.cs
  artifactKey: Guid(f0ea02a54565c8a489b149e67e7ad055) Importer(815301076,1909f56bfc062723c751e8b465ee728b)
Start importing Assets/Scrips/AudioManager.cs using Guid(f0ea02a54565c8a489b149e67e7ad055) Importer(815301076,1909f56bfc062723c751e8b465ee728b) (PreviewImporter) -> (artifact id: '00000000000000000000000000000000') in 0.000794 seconds
Import Error Code:(4)
Message: Build asset version error: assets/scrips/audiomanager.cs in SourceAssetDB has modification time of '2025-09-25T06:51:22.0288933Z' while content on disk has modification time of '2025-09-25T06:51:23.3607634Z'
  ERROR: Build asset version error: assets/scrips/audiomanager.cs in SourceAssetDB has modification time of '2025-09-25T06:51:22.0288933Z' while content on disk has modification time of '2025-09-25T06:51:23.3607634Z'
Number of updated asset objects reloaded before import = 0Number of asset objects unloaded after import = 0

========================================================================
Received Import Request.
  Time since last request: 0.000027 seconds.
  path: Assets/Scrips/AudioManager.cs
  artifactKey: Guid(f0ea02a54565c8a489b149e67e7ad055) Importer(815301076,1909f56bfc062723c751e8b465ee728b)
Start importing Assets/Scrips/AudioManager.cs using Guid(f0ea02a54565c8a489b149e67e7ad055) Importer(815301076,1909f56bfc062723c751e8b465ee728b) (PreviewImporter) -> (artifact id: '00000000000000000000000000000000') in 0.0007842 seconds
Import Error Code:(4)
Message: Build asset version error: assets/scrips/audiomanager.cs in SourceAssetDB has modification time of '2025-09-25T06:51:22.0288933Z' while content on disk has modification time of '2025-09-25T06:51:23.3607634Z'
  ERROR: Build asset version error: assets/scrips/audiomanager.cs in SourceAssetDB has modification time of '2025-09-25T06:51:22.0288933Z' while content on disk has modification time of '2025-09-25T06:51:23.3607634Z'
Number of updated asset objects reloaded before import = 0Number of asset objects unloaded after import = 0

========================================================================
Received Import Request.
  Time since last request: 0.000031 seconds.
  path: Assets/Scrips/AudioManager.cs
  artifactKey: Guid(f0ea02a54565c8a489b149e67e7ad055) Importer(815301076,1909f56bfc062723c751e8b465ee728b)
Start importing Assets/Scrips/AudioManager.cs using Guid(f0ea02a54565c8a489b149e67e7ad055) Importer(815301076,1909f56bfc062723c751e8b465ee728b) (PreviewImporter) -> (artifact id: '00000000000000000000000000000000') in 0.0008772 seconds
Import Error Code:(4)
Message: Build asset version error: assets/scrips/audiomanager.cs in SourceAssetDB has modification time of '2025-09-25T06:51:22.0288933Z' while content on disk has modification time of '2025-09-25T06:51:23.3607634Z'
  ERROR: Build asset version error: assets/scrips/audiomanager.cs in SourceAssetDB has modification time of '2025-09-25T06:51:22.0288933Z' while content on disk has modification time of '2025-09-25T06:51:23.3607634Z'
Number of updated asset objects reloaded before import = 0Number of asset objects unloaded after import = 0

========================================================================
Received Import Request.
  Time since last request: 0.000041 seconds.
  path: Assets/Scrips/AudioManager.cs
  artifactKey: Guid(f0ea02a54565c8a489b149e67e7ad055) Importer(815301076,1909f56bfc062723c751e8b465ee728b)
Start importing Assets/Scrips/AudioManager.cs using Guid(f0ea02a54565c8a489b149e67e7ad055) Importer(815301076,1909f56bfc062723c751e8b465ee728b) (PreviewImporter) -> (artifact id: '00000000000000000000000000000000') in 0.0006583 seconds
Import Error Code:(4)
Message: Build asset version error: assets/scrips/audiomanager.cs in SourceAssetDB has modification time of '2025-09-25T06:51:22.0288933Z' while content on disk has modification time of '2025-09-25T06:51:23.3607634Z'
  ERROR: Build asset version error: assets/scrips/audiomanager.cs in SourceAssetDB has modification time of '2025-09-25T06:51:22.0288933Z' while content on disk has modification time of '2025-09-25T06:51:23.3607634Z'
Number of updated asset objects reloaded before import = 0Number of asset objects unloaded after import = 0

========================================================================
Received Import Request.
  Time since last request: 0.004248 seconds.
  path: Assets/Scrips/AudioManager.cs
  artifactKey: Guid(f0ea02a54565c8a489b149e67e7ad055) Importer(815301076,1909f56bfc062723c751e8b465ee728b)
Start importing Assets/Scrips/AudioManager.cs using Guid(f0ea02a54565c8a489b149e67e7ad055) Importer(815301076,1909f56bfc062723c751e8b465ee728b) (PreviewImporter) -> (artifact id: '00000000000000000000000000000000') in 0.0015235 seconds
Import Error Code:(4)
Message: Build asset version error: assets/scrips/audiomanager.cs in SourceAssetDB has modification time of '2025-09-25T06:51:22.0288933Z' while content on disk has modification time of '2025-09-25T06:51:23.3607634Z'
  ERROR: Build asset version error: assets/scrips/audiomanager.cs in SourceAssetDB has modification time of '2025-09-25T06:51:22.0288933Z' while content on disk has modification time of '2025-09-25T06:51:23.3607634Z'
Number of updated asset objects reloaded before import = 0Number of asset objects unloaded after import = 0

========================================================================
Received Import Request.
  Time since last request: 0.000607 seconds.
  path: Assets/Scrips/AudioManager.cs
  artifactKey: Guid(f0ea02a54565c8a489b149e67e7ad055) Importer(815301076,1909f56bfc062723c751e8b465ee728b)
Start importing Assets/Scrips/AudioManager.cs using Guid(f0ea02a54565c8a489b149e67e7ad055) Importer(815301076,1909f56bfc062723c751e8b465ee728b) (PreviewImporter) -> (artifact id: '00000000000000000000000000000000') in 0.0010747 seconds
Import Error Code:(4)
Message: Build asset version error: assets/scrips/audiomanager.cs in SourceAssetDB has modification time of '2025-09-25T06:51:22.0288933Z' while content on disk has modification time of '2025-09-25T06:51:23.3607634Z'
  ERROR: Build asset version error: assets/scrips/audiomanager.cs in SourceAssetDB has modification time of '2025-09-25T06:51:22.0288933Z' while content on disk has modification time of '2025-09-25T06:51:23.3607634Z'
Number of updated asset objects reloaded before import = 0Number of asset objects unloaded after import = 0

========================================================================
Received Import Request.
  Time since last request: 0.035763 seconds.
  path: Assets/Scrips/AudioManager.cs
  artifactKey: Guid(f0ea02a54565c8a489b149e67e7ad055) Importer(815301076,1909f56bfc062723c751e8b465ee728b)
Start importing Assets/Scrips/AudioManager.cs using Guid(f0ea02a54565c8a489b149e67e7ad055) Importer(815301076,1909f56bfc062723c751e8b465ee728b) (PreviewImporter) -> (artifact id: '00000000000000000000000000000000') in 0.0006681 seconds
Import Error Code:(4)
Message: Build asset version error: assets/scrips/audiomanager.cs in SourceAssetDB has modification time of '2025-09-25T06:51:22.0288933Z' while content on disk has modification time of '2025-09-25T06:51:23.3607634Z'
  ERROR: Build asset version error: assets/scrips/audiomanager.cs in SourceAssetDB has modification time of '2025-09-25T06:51:22.0288933Z' while content on disk has modification time of '2025-09-25T06:51:23.3607634Z'
Number of updated asset objects reloaded before import = 0Number of asset objects unloaded after import = 0

========================================================================
Received Import Request.
  Time since last request: 0.019065 seconds.
  path: Assets/Scrips/AudioManager.cs
  artifactKey: Guid(f0ea02a54565c8a489b149e67e7ad055) Importer(815301076,1909f56bfc062723c751e8b465ee728b)
Start importing Assets/Scrips/AudioManager.cs using Guid(f0ea02a54565c8a489b149e67e7ad055) Importer(815301076,1909f56bfc062723c751e8b465ee728b) (PreviewImporter) -> (artifact id: '00000000000000000000000000000000') in 0.0009669 seconds
Import Error Code:(4)
Message: Build asset version error: assets/scrips/audiomanager.cs in SourceAssetDB has modification time of '2025-09-25T06:51:22.0288933Z' while content on disk has modification time of '2025-09-25T06:51:23.3607634Z'
  ERROR: Build asset version error: assets/scrips/audiomanager.cs in SourceAssetDB has modification time of '2025-09-25T06:51:22.0288933Z' while content on disk has modification time of '2025-09-25T06:51:23.3607634Z'
Number of updated asset objects reloaded before import = 0Number of asset objects unloaded after import = 0

========================================================================
Received Import Request.
  Time since last request: 0.052799 seconds.
  path: Assets/Scrips/AudioManager.cs
  artifactKey: Guid(f0ea02a54565c8a489b149e67e7ad055) Importer(815301076,1909f56bfc062723c751e8b465ee728b)
Start importing Assets/Scrips/AudioManager.cs using Guid(f0ea02a54565c8a489b149e67e7ad055) Importer(815301076,1909f56bfc062723c751e8b465ee728b) (PreviewImporter) -> (artifact id: '00000000000000000000000000000000') in 0.0006308 seconds
Import Error Code:(4)
Message: Build asset version error: assets/scrips/audiomanager.cs in SourceAssetDB has modification time of '2025-09-25T06:51:22.0288933Z' while content on disk has modification time of '2025-09-25T06:51:23.3607634Z'
  ERROR: Build asset version error: assets/scrips/audiomanager.cs in SourceAssetDB has modification time of '2025-09-25T06:51:22.0288933Z' while content on disk has modification time of '2025-09-25T06:51:23.3607634Z'
Number of updated asset objects reloaded before import = 0Number of asset objects unloaded after import = 0

========================================================================
Received Import Request.
  Time since last request: 0.000039 seconds.
  path: Assets/Scrips/AudioManager.cs
  artifactKey: Guid(f0ea02a54565c8a489b149e67e7ad055) Importer(815301076,1909f56bfc062723c751e8b465ee728b)
Start importing Assets/Scrips/AudioManager.cs using Guid(f0ea02a54565c8a489b149e67e7ad055) Importer(815301076,1909f56bfc062723c751e8b465ee728b) (PreviewImporter) -> (artifact id: '00000000000000000000000000000000') in 0.0005961 seconds
Import Error Code:(4)
Message: Build asset version error: assets/scrips/audiomanager.cs in SourceAssetDB has modification time of '2025-09-25T06:51:22.0288933Z' while content on disk has modification time of '2025-09-25T06:51:23.3607634Z'
  ERROR: Build asset version error: assets/scrips/audiomanager.cs in SourceAssetDB has modification time of '2025-09-25T06:51:22.0288933Z' while content on disk has modification time of '2025-09-25T06:51:23.3607634Z'
Number of updated asset objects reloaded before import = 0Number of asset objects unloaded after import = 0

========================================================================
Received Import Request.
  Time since last request: 0.006980 seconds.
  path: Assets/Scrips/AudioManager.cs
  artifactKey: Guid(f0ea02a54565c8a489b149e67e7ad055) Importer(815301076,1909f56bfc062723c751e8b465ee728b)
Start importing Assets/Scrips/AudioManager.cs using Guid(f0ea02a54565c8a489b149e67e7ad055) Importer(815301076,1909f56bfc062723c751e8b465ee728b) (PreviewImporter) -> (artifact id: '00000000000000000000000000000000') in 0.0007303 seconds
Import Error Code:(4)
Message: Build asset version error: assets/scrips/audiomanager.cs in SourceAssetDB has modification time of '2025-09-25T06:51:22.0288933Z' while content on disk has modification time of '2025-09-25T06:51:23.3607634Z'
  ERROR: Build asset version error: assets/scrips/audiomanager.cs in SourceAssetDB has modification time of '2025-09-25T06:51:22.0288933Z' while content on disk has modification time of '2025-09-25T06:51:23.3607634Z'
Number of updated asset objects reloaded before import = 0Number of asset objects unloaded after import = 0

========================================================================
Received Import Request.
  Time since last request: 0.000017 seconds.
  path: Assets/Scrips/AudioManager.cs
  artifactKey: Guid(f0ea02a54565c8a489b149e67e7ad055) Importer(815301076,1909f56bfc062723c751e8b465ee728b)
Start importing Assets/Scrips/AudioManager.cs using Guid(f0ea02a54565c8a489b149e67e7ad055) Importer(815301076,1909f56bfc062723c751e8b465ee728b) (PreviewImporter) -> (artifact id: '00000000000000000000000000000000') in 0.0006087 seconds
Import Error Code:(4)
Message: Build asset version error: assets/scrips/audiomanager.cs in SourceAssetDB has modification time of '2025-09-25T06:51:22.0288933Z' while content on disk has modification time of '2025-09-25T06:51:23.3607634Z'
  ERROR: Build asset version error: assets/scrips/audiomanager.cs in SourceAssetDB has modification time of '2025-09-25T06:51:22.0288933Z' while content on disk has modification time of '2025-09-25T06:51:23.3607634Z'
Number of updated asset objects reloaded before import = 0Number of asset objects unloaded after import = 0

========================================================================
Received Import Request.
  Time since last request: 0.000028 seconds.
  path: Assets/Scrips/AudioManager.cs
  artifactKey: Guid(f0ea02a54565c8a489b149e67e7ad055) Importer(815301076,1909f56bfc062723c751e8b465ee728b)
Start importing Assets/Scrips/AudioManager.cs using Guid(f0ea02a54565c8a489b149e67e7ad055) Importer(815301076,1909f56bfc062723c751e8b465ee728b) (PreviewImporter) -> (artifact id: '00000000000000000000000000000000') in 0.0005475 seconds
Import Error Code:(4)
Message: Build asset version error: assets/scrips/audiomanager.cs in SourceAssetDB has modification time of '2025-09-25T06:51:22.0288933Z' while content on disk has modification time of '2025-09-25T06:51:23.3607634Z'
  ERROR: Build asset version error: assets/scrips/audiomanager.cs in SourceAssetDB has modification time of '2025-09-25T06:51:22.0288933Z' while content on disk has modification time of '2025-09-25T06:51:23.3607634Z'
Number of updated asset objects reloaded before import = 0Number of asset objects unloaded after import = 0

========================================================================
Received Import Request.
  Time since last request: 0.003080 seconds.
  path: Assets/Scrips/AudioManager.cs
  artifactKey: Guid(f0ea02a54565c8a489b149e67e7ad055) Importer(815301076,1909f56bfc062723c751e8b465ee728b)
Start importing Assets/Scrips/AudioManager.cs using Guid(f0ea02a54565c8a489b149e67e7ad055) Importer(815301076,1909f56bfc062723c751e8b465ee728b) (PreviewImporter) -> (artifact id: '00000000000000000000000000000000') in 0.000774 seconds
Import Error Code:(4)
Message: Build asset version error: assets/scrips/audiomanager.cs in SourceAssetDB has modification time of '2025-09-25T06:51:22.0288933Z' while content on disk has modification time of '2025-09-25T06:51:23.3607634Z'
  ERROR: Build asset version error: assets/scrips/audiomanager.cs in SourceAssetDB has modification time of '2025-09-25T06:51:22.0288933Z' while content on disk has modification time of '2025-09-25T06:51:23.3607634Z'
Number of updated asset objects reloaded before import = 0Number of asset objects unloaded after import = 0

========================================================================
Received Import Request.
  Time since last request: 0.000018 seconds.
  path: Assets/Scrips/AudioManager.cs
  artifactKey: Guid(f0ea02a54565c8a489b149e67e7ad055) Importer(815301076,1909f56bfc062723c751e8b465ee728b)
Start importing Assets/Scrips/AudioManager.cs using Guid(f0ea02a54565c8a489b149e67e7ad055) Importer(815301076,1909f56bfc062723c751e8b465ee728b) (PreviewImporter) -> (artifact id: '00000000000000000000000000000000') in 0.0144835 seconds
Import Error Code:(4)
Message: Build asset version error: assets/scrips/audiomanager.cs in SourceAssetDB has modification time of '2025-09-25T06:51:22.0288933Z' while content on disk has modification time of '2025-09-25T06:51:23.3607634Z'
  ERROR: Build asset version error: assets/scrips/audiomanager.cs in SourceAssetDB has modification time of '2025-09-25T06:51:22.0288933Z' while content on disk has modification time of '2025-09-25T06:51:23.3607634Z'
Number of updated asset objects reloaded before import = 0Number of asset objects unloaded after import = 0

========================================================================
Received Import Request.
  Time since last request: 0.000021 seconds.
  path: Assets/Scrips/AudioManager.cs
  artifactKey: Guid(f0ea02a54565c8a489b149e67e7ad055) Importer(815301076,1909f56bfc062723c751e8b465ee728b)
Start importing Assets/Scrips/AudioManager.cs using Guid(f0ea02a54565c8a489b149e67e7ad055) Importer(815301076,1909f56bfc062723c751e8b465ee728b) (PreviewImporter) -> (artifact id: '00000000000000000000000000000000') in 0.0006684 seconds
Import Error Code:(4)
Message: Build asset version error: assets/scrips/audiomanager.cs in SourceAssetDB has modification time of '2025-09-25T06:51:22.0288933Z' while content on disk has modification time of '2025-09-25T06:51:23.3607634Z'
  ERROR: Build asset version error: assets/scrips/audiomanager.cs in SourceAssetDB has modification time of '2025-09-25T06:51:22.0288933Z' while content on disk has modification time of '2025-09-25T06:51:23.3607634Z'
Number of updated asset objects reloaded before import = 0Number of asset objects unloaded after import = 0

========================================================================
Received Import Request.
  Time since last request: 0.000039 seconds.
  path: Assets/Scrips/AudioManager.cs
  artifactKey: Guid(f0ea02a54565c8a489b149e67e7ad055) Importer(815301076,1909f56bfc062723c751e8b465ee728b)
Start importing Assets/Scrips/AudioManager.cs using Guid(f0ea02a54565c8a489b149e67e7ad055) Importer(815301076,1909f56bfc062723c751e8b465ee728b) (PreviewImporter) -> (artifact id: '00000000000000000000000000000000') in 0.0008291 seconds
Import Error Code:(4)
Message: Build asset version error: assets/scrips/audiomanager.cs in SourceAssetDB has modification time of '2025-09-25T06:51:22.0288933Z' while content on disk has modification time of '2025-09-25T06:51:23.3607634Z'
  ERROR: Build asset version error: assets/scrips/audiomanager.cs in SourceAssetDB has modification time of '2025-09-25T06:51:22.0288933Z' while content on disk has modification time of '2025-09-25T06:51:23.3607634Z'
Number of updated asset objects reloaded before import = 0Number of asset objects unloaded after import = 0

========================================================================
Received Import Request.
  Time since last request: 0.000023 seconds.
  path: Assets/Scrips/AudioManager.cs
  artifactKey: Guid(f0ea02a54565c8a489b149e67e7ad055) Importer(815301076,1909f56bfc062723c751e8b465ee728b)
Start importing Assets/Scrips/AudioManager.cs using Guid(f0ea02a54565c8a489b149e67e7ad055) Importer(815301076,1909f56bfc062723c751e8b465ee728b) (PreviewImporter) -> (artifact id: '00000000000000000000000000000000') in 0.0009306 seconds
Import Error Code:(4)
Message: Build asset version error: assets/scrips/audiomanager.cs in SourceAssetDB has modification time of '2025-09-25T06:51:22.0288933Z' while content on disk has modification time of '2025-09-25T06:51:23.3607634Z'
  ERROR: Build asset version error: assets/scrips/audiomanager.cs in SourceAssetDB has modification time of '2025-09-25T06:51:22.0288933Z' while content on disk has modification time of '2025-09-25T06:51:23.3607634Z'
Number of updated asset objects reloaded before import = 0Number of asset objects unloaded after import = 0

========================================================================
Received Import Request.
  Time since last request: 0.000022 seconds.
  path: Assets/Scrips/AudioManager.cs
  artifactKey: Guid(f0ea02a54565c8a489b149e67e7ad055) Importer(815301076,1909f56bfc062723c751e8b465ee728b)
Start importing Assets/Scrips/AudioManager.cs using Guid(f0ea02a54565c8a489b149e67e7ad055) Importer(815301076,1909f56bfc062723c751e8b465ee728b) (PreviewImporter) -> (artifact id: '00000000000000000000000000000000') in 0.0005523 seconds
Import Error Code:(4)
Message: Build asset version error: assets/scrips/audiomanager.cs in SourceAssetDB has modification time of '2025-09-25T06:51:22.0288933Z' while content on disk has modification time of '2025-09-25T06:51:23.3607634Z'
  ERROR: Build asset version error: assets/scrips/audiomanager.cs in SourceAssetDB has modification time of '2025-09-25T06:51:22.0288933Z' while content on disk has modification time of '2025-09-25T06:51:23.3607634Z'
Number of updated asset objects reloaded before import = 0Number of asset objects unloaded after import = 0

========================================================================
Received Import Request.
  Time since last request: 0.003930 seconds.
  path: Assets/Scrips/AudioManager.cs
  artifactKey: Guid(f0ea02a54565c8a489b149e67e7ad055) Importer(815301076,1909f56bfc062723c751e8b465ee728b)
Start importing Assets/Scrips/AudioManager.cs using Guid(f0ea02a54565c8a489b149e67e7ad055) Importer(815301076,1909f56bfc062723c751e8b465ee728b) (PreviewImporter) -> (artifact id: '00000000000000000000000000000000') in 0.000648 seconds
Import Error Code:(4)
Message: Build asset version error: assets/scrips/audiomanager.cs in SourceAssetDB has modification time of '2025-09-25T06:51:22.0288933Z' while content on disk has modification time of '2025-09-25T06:51:23.3607634Z'
  ERROR: Build asset version error: assets/scrips/audiomanager.cs in SourceAssetDB has modification time of '2025-09-25T06:51:22.0288933Z' while content on disk has modification time of '2025-09-25T06:51:23.3607634Z'
Number of updated asset objects reloaded before import = 0Number of asset objects unloaded after import = 0

========================================================================
Received Import Request.
  Time since last request: 0.000018 seconds.
  path: Assets/Scrips/AudioManager.cs
  artifactKey: Guid(f0ea02a54565c8a489b149e67e7ad055) Importer(815301076,1909f56bfc062723c751e8b465ee728b)
Start importing Assets/Scrips/AudioManager.cs using Guid(f0ea02a54565c8a489b149e67e7ad055) Importer(815301076,1909f56bfc062723c751e8b465ee728b) (PreviewImporter) -> (artifact id: '00000000000000000000000000000000') in 0.0005899 seconds
Import Error Code:(4)
Message: Build asset version error: assets/scrips/audiomanager.cs in SourceAssetDB has modification time of '2025-09-25T06:51:22.0288933Z' while content on disk has modification time of '2025-09-25T06:51:23.3607634Z'
  ERROR: Build asset version error: assets/scrips/audiomanager.cs in SourceAssetDB has modification time of '2025-09-25T06:51:22.0288933Z' while content on disk has modification time of '2025-09-25T06:51:23.3607634Z'
Number of updated asset objects reloaded before import = 0Number of asset objects unloaded after import = 0

========================================================================
Received Import Request.
  Time since last request: 0.000024 seconds.
  path: Assets/Scrips/AudioManager.cs
  artifactKey: Guid(f0ea02a54565c8a489b149e67e7ad055) Importer(815301076,1909f56bfc062723c751e8b465ee728b)
Start importing Assets/Scrips/AudioManager.cs using Guid(f0ea02a54565c8a489b149e67e7ad055) Importer(815301076,1909f56bfc062723c751e8b465ee728b) (PreviewImporter) -> (artifact id: '00000000000000000000000000000000') in 0.0008811 seconds
Import Error Code:(4)
Message: Build asset version error: assets/scrips/audiomanager.cs in SourceAssetDB has modification time of '2025-09-25T06:51:22.0288933Z' while content on disk has modification time of '2025-09-25T06:51:23.3607634Z'
  ERROR: Build asset version error: assets/scrips/audiomanager.cs in SourceAssetDB has modification time of '2025-09-25T06:51:22.0288933Z' while content on disk has modification time of '2025-09-25T06:51:23.3607634Z'
Number of updated asset objects reloaded before import = 0Number of asset objects unloaded after import = 0

========================================================================
Received Import Request.
  Time since last request: 0.000036 seconds.
  path: Assets/Scrips/AudioManager.cs
  artifactKey: Guid(f0ea02a54565c8a489b149e67e7ad055) Importer(815301076,1909f56bfc062723c751e8b465ee728b)
Start importing Assets/Scrips/AudioManager.cs using Guid(f0ea02a54565c8a489b149e67e7ad055) Importer(815301076,1909f56bfc062723c751e8b465ee728b) (PreviewImporter) -> (artifact id: '00000000000000000000000000000000') in 0.0007782 seconds
Import Error Code:(4)
Message: Build asset version error: assets/scrips/audiomanager.cs in SourceAssetDB has modification time of '2025-09-25T06:51:22.0288933Z' while content on disk has modification time of '2025-09-25T06:51:23.3607634Z'
  ERROR: Build asset version error: assets/scrips/audiomanager.cs in SourceAssetDB has modification time of '2025-09-25T06:51:22.0288933Z' while content on disk has modification time of '2025-09-25T06:51:23.3607634Z'
Number of updated asset objects reloaded before import = 0Number of asset objects unloaded after import = 0

========================================================================
Received Import Request.
  Time since last request: 0.000037 seconds.
  path: Assets/Scrips/AudioManager.cs
  artifactKey: Guid(f0ea02a54565c8a489b149e67e7ad055) Importer(815301076,1909f56bfc062723c751e8b465ee728b)
Start importing Assets/Scrips/AudioManager.cs using Guid(f0ea02a54565c8a489b149e67e7ad055) Importer(815301076,1909f56bfc062723c751e8b465ee728b) (PreviewImporter) -> (artifact id: '00000000000000000000000000000000') in 0.0006272 seconds
Import Error Code:(4)
Message: Build asset version error: assets/scrips/audiomanager.cs in SourceAssetDB has modification time of '2025-09-25T06:51:22.0288933Z' while content on disk has modification time of '2025-09-25T06:51:23.3607634Z'
  ERROR: Build asset version error: assets/scrips/audiomanager.cs in SourceAssetDB has modification time of '2025-09-25T06:51:22.0288933Z' while content on disk has modification time of '2025-09-25T06:51:23.3607634Z'
Number of updated asset objects reloaded before import = 0Number of asset objects unloaded after import = 0

========================================================================
Received Import Request.
  Time since last request: 0.007465 seconds.
  path: Assets/Scrips/AudioManager.cs
  artifactKey: Guid(f0ea02a54565c8a489b149e67e7ad055) Importer(815301076,1909f56bfc062723c751e8b465ee728b)
Start importing Assets/Scrips/AudioManager.cs using Guid(f0ea02a54565c8a489b149e67e7ad055) Importer(815301076,1909f56bfc062723c751e8b465ee728b) (PreviewImporter) -> (artifact id: '00000000000000000000000000000000') in 0.0006017 seconds
Import Error Code:(4)
Message: Build asset version error: assets/scrips/audiomanager.cs in SourceAssetDB has modification time of '2025-09-25T06:51:22.0288933Z' while content on disk has modification time of '2025-09-25T06:51:23.3607634Z'
  ERROR: Build asset version error: assets/scrips/audiomanager.cs in SourceAssetDB has modification time of '2025-09-25T06:51:22.0288933Z' while content on disk has modification time of '2025-09-25T06:51:23.3607634Z'
Number of updated asset objects reloaded before import = 0Number of asset objects unloaded after import = 0

========================================================================
Received Import Request.
  Time since last request: 0.000019 seconds.
  path: Assets/Scrips/AudioManager.cs
  artifactKey: Guid(f0ea02a54565c8a489b149e67e7ad055) Importer(815301076,1909f56bfc062723c751e8b465ee728b)
Start importing Assets/Scrips/AudioManager.cs using Guid(f0ea02a54565c8a489b149e67e7ad055) Importer(815301076,1909f56bfc062723c751e8b465ee728b) (PreviewImporter) -> (artifact id: '00000000000000000000000000000000') in 0.0006616 seconds
Import Error Code:(4)
Message: Build asset version error: assets/scrips/audiomanager.cs in SourceAssetDB has modification time of '2025-09-25T06:51:22.0288933Z' while content on disk has modification time of '2025-09-25T06:51:23.3607634Z'
  ERROR: Build asset version error: assets/scrips/audiomanager.cs in SourceAssetDB has modification time of '2025-09-25T06:51:22.0288933Z' while content on disk has modification time of '2025-09-25T06:51:23.3607634Z'
Number of updated asset objects reloaded before import = 0Number of asset objects unloaded after import = 0

========================================================================
Received Import Request.
  Time since last request: 0.000027 seconds.
  path: Assets/Scrips/AudioManager.cs
  artifactKey: Guid(f0ea02a54565c8a489b149e67e7ad055) Importer(815301076,1909f56bfc062723c751e8b465ee728b)
Start importing Assets/Scrips/AudioManager.cs using Guid(f0ea02a54565c8a489b149e67e7ad055) Importer(815301076,1909f56bfc062723c751e8b465ee728b) (PreviewImporter) -> (artifact id: '00000000000000000000000000000000') in 0.0006633 seconds
Import Error Code:(4)
Message: Build asset version error: assets/scrips/audiomanager.cs in SourceAssetDB has modification time of '2025-09-25T06:51:22.0288933Z' while content on disk has modification time of '2025-09-25T06:51:23.3607634Z'
  ERROR: Build asset version error: assets/scrips/audiomanager.cs in SourceAssetDB has modification time of '2025-09-25T06:51:22.0288933Z' while content on disk has modification time of '2025-09-25T06:51:23.3607634Z'
Number of updated asset objects reloaded before import = 0Number of asset objects unloaded after import = 0

========================================================================
Received Import Request.
  Time since last request: 0.001401 seconds.
  path: Assets/Scrips/AudioManager.cs
  artifactKey: Guid(f0ea02a54565c8a489b149e67e7ad055) Importer(815301076,1909f56bfc062723c751e8b465ee728b)
Start importing Assets/Scrips/AudioManager.cs using Guid(f0ea02a54565c8a489b149e67e7ad055) Importer(815301076,1909f56bfc062723c751e8b465ee728b) (PreviewImporter) -> (artifact id: '00000000000000000000000000000000') in 0.0009117 seconds
Import Error Code:(4)
Message: Build asset version error: assets/scrips/audiomanager.cs in SourceAssetDB has modification time of '2025-09-25T06:51:22.0288933Z' while content on disk has modification time of '2025-09-25T06:51:23.3607634Z'
  ERROR: Build asset version error: assets/scrips/audiomanager.cs in SourceAssetDB has modification time of '2025-09-25T06:51:22.0288933Z' while content on disk has modification time of '2025-09-25T06:51:23.3607634Z'
Number of updated asset objects reloaded before import = 0Number of asset objects unloaded after import = 0

========================================================================
Received Import Request.
  Time since last request: 0.000022 seconds.
  path: Assets/Scrips/AudioManager.cs
  artifactKey: Guid(f0ea02a54565c8a489b149e67e7ad055) Importer(815301076,1909f56bfc062723c751e8b465ee728b)
Start importing Assets/Scrips/AudioManager.cs using Guid(f0ea02a54565c8a489b149e67e7ad055) Importer(815301076,1909f56bfc062723c751e8b465ee728b) (PreviewImporter) -> (artifact id: '00000000000000000000000000000000') in 0.0005954 seconds
Import Error Code:(4)
Message: Build asset version error: assets/scrips/audiomanager.cs in SourceAssetDB has modification time of '2025-09-25T06:51:22.0288933Z' while content on disk has modification time of '2025-09-25T06:51:23.3607634Z'
  ERROR: Build asset version error: assets/scrips/audiomanager.cs in SourceAssetDB has modification time of '2025-09-25T06:51:22.0288933Z' while content on disk has modification time of '2025-09-25T06:51:23.3607634Z'
Number of updated asset objects reloaded before import = 0Number of asset objects unloaded after import = 0

========================================================================
Received Import Request.
  Time since last request: 0.004962 seconds.
  path: Assets/Scrips/AudioManager.cs
  artifactKey: Guid(f0ea02a54565c8a489b149e67e7ad055) Importer(815301076,1909f56bfc062723c751e8b465ee728b)
Start importing Assets/Scrips/AudioManager.cs using Guid(f0ea02a54565c8a489b149e67e7ad055) Importer(815301076,1909f56bfc062723c751e8b465ee728b) (PreviewImporter) -> (artifact id: '00000000000000000000000000000000') in 0.0006793 seconds
Import Error Code:(4)
Message: Build asset version error: assets/scrips/audiomanager.cs in SourceAssetDB has modification time of '2025-09-25T06:51:22.0288933Z' while content on disk has modification time of '2025-09-25T06:51:23.3607634Z'
  ERROR: Build asset version error: assets/scrips/audiomanager.cs in SourceAssetDB has modification time of '2025-09-25T06:51:22.0288933Z' while content on disk has modification time of '2025-09-25T06:51:23.3607634Z'
Number of updated asset objects reloaded before import = 0Number of asset objects unloaded after import = 0

========================================================================
Received Import Request.
  Time since last request: 0.000022 seconds.
  path: Assets/Scrips/AudioManager.cs
  artifactKey: Guid(f0ea02a54565c8a489b149e67e7ad055) Importer(815301076,1909f56bfc062723c751e8b465ee728b)
Start importing Assets/Scrips/AudioManager.cs using Guid(f0ea02a54565c8a489b149e67e7ad055) Importer(815301076,1909f56bfc062723c751e8b465ee728b) (PreviewImporter) -> (artifact id: '00000000000000000000000000000000') in 0.0011083 seconds
Import Error Code:(4)
Message: Build asset version error: assets/scrips/audiomanager.cs in SourceAssetDB has modification time of '2025-09-25T06:51:22.0288933Z' while content on disk has modification time of '2025-09-25T06:51:23.3607634Z'
  ERROR: Build asset version error: assets/scrips/audiomanager.cs in SourceAssetDB has modification time of '2025-09-25T06:51:22.0288933Z' while content on disk has modification time of '2025-09-25T06:51:23.3607634Z'
Number of updated asset objects reloaded before import = 0Number of asset objects unloaded after import = 0

========================================================================
Received Import Request.
  Time since last request: 0.000020 seconds.
  path: Assets/Scrips/AudioManager.cs
  artifactKey: Guid(f0ea02a54565c8a489b149e67e7ad055) Importer(815301076,1909f56bfc062723c751e8b465ee728b)
Start importing Assets/Scrips/AudioManager.cs using Guid(f0ea02a54565c8a489b149e67e7ad055) Importer(815301076,1909f56bfc062723c751e8b465ee728b) (PreviewImporter) -> (artifact id: '00000000000000000000000000000000') in 0.0006899 seconds
Import Error Code:(4)
Message: Build asset version error: assets/scrips/audiomanager.cs in SourceAssetDB has modification time of '2025-09-25T06:51:22.0288933Z' while content on disk has modification time of '2025-09-25T06:51:23.3607634Z'
  ERROR: Build asset version error: assets/scrips/audiomanager.cs in SourceAssetDB has modification time of '2025-09-25T06:51:22.0288933Z' while content on disk has modification time of '2025-09-25T06:51:23.3607634Z'
Number of updated asset objects reloaded before import = 0Number of asset objects unloaded after import = 0

========================================================================
Received Import Request.
  Time since last request: 0.001668 seconds.
  path: Assets/Scrips/AudioManager.cs
  artifactKey: Guid(f0ea02a54565c8a489b149e67e7ad055) Importer(815301076,1909f56bfc062723c751e8b465ee728b)
Start importing Assets/Scrips/AudioManager.cs using Guid(f0ea02a54565c8a489b149e67e7ad055) Importer(815301076,1909f56bfc062723c751e8b465ee728b) (PreviewImporter) -> (artifact id: '00000000000000000000000000000000') in 0.0008823 seconds
Import Error Code:(4)
Message: Build asset version error: assets/scrips/audiomanager.cs in SourceAssetDB has modification time of '2025-09-25T06:51:22.0288933Z' while content on disk has modification time of '2025-09-25T06:51:23.3607634Z'
  ERROR: Build asset version error: assets/scrips/audiomanager.cs in SourceAssetDB has modification time of '2025-09-25T06:51:22.0288933Z' while content on disk has modification time of '2025-09-25T06:51:23.3607634Z'
Number of updated asset objects reloaded before import = 0Number of asset objects unloaded after import = 0

========================================================================
Received Import Request.
  Time since last request: 0.004640 seconds.
  path: Assets/Scrips/AudioManager.cs
  artifactKey: Guid(f0ea02a54565c8a489b149e67e7ad055) Importer(815301076,1909f56bfc062723c751e8b465ee728b)
Start importing Assets/Scrips/AudioManager.cs using Guid(f0ea02a54565c8a489b149e67e7ad055) Importer(815301076,1909f56bfc062723c751e8b465ee728b) (PreviewImporter) -> (artifact id: '00000000000000000000000000000000') in 0.0005716 seconds
Import Error Code:(4)
Message: Build asset version error: assets/scrips/audiomanager.cs in SourceAssetDB has modification time of '2025-09-25T06:51:22.0288933Z' while content on disk has modification time of '2025-09-25T06:51:23.3607634Z'
  ERROR: Build asset version error: assets/scrips/audiomanager.cs in SourceAssetDB has modification time of '2025-09-25T06:51:22.0288933Z' while content on disk has modification time of '2025-09-25T06:51:23.3607634Z'
Number of updated asset objects reloaded before import = 0Number of asset objects unloaded after import = 0

========================================================================
Received Import Request.
  Time since last request: 0.002820 seconds.
  path: Assets/Scrips/AudioManager.cs
  artifactKey: Guid(f0ea02a54565c8a489b149e67e7ad055) Importer(815301076,1909f56bfc062723c751e8b465ee728b)
Start importing Assets/Scrips/AudioManager.cs using Guid(f0ea02a54565c8a489b149e67e7ad055) Importer(815301076,1909f56bfc062723c751e8b465ee728b) (PreviewImporter) -> (artifact id: '00000000000000000000000000000000') in 0.0006485 seconds
Import Error Code:(4)
Message: Build asset version error: assets/scrips/audiomanager.cs in SourceAssetDB has modification time of '2025-09-25T06:51:22.0288933Z' while content on disk has modification time of '2025-09-25T06:51:23.3607634Z'
  ERROR: Build asset version error: assets/scrips/audiomanager.cs in SourceAssetDB has modification time of '2025-09-25T06:51:22.0288933Z' while content on disk has modification time of '2025-09-25T06:51:23.3607634Z'
Number of updated asset objects reloaded before import = 0Number of asset objects unloaded after import = 0

========================================================================
Received Import Request.
  Time since last request: 0.025102 seconds.
  path: Assets/Scrips/AudioManager.cs
  artifactKey: Guid(f0ea02a54565c8a489b149e67e7ad055) Importer(815301076,1909f56bfc062723c751e8b465ee728b)
Start importing Assets/Scrips/AudioManager.cs using Guid(f0ea02a54565c8a489b149e67e7ad055) Importer(815301076,1909f56bfc062723c751e8b465ee728b) (PreviewImporter) -> (artifact id: '00000000000000000000000000000000') in 0.0007548 seconds
Import Error Code:(4)
Message: Build asset version error: assets/scrips/audiomanager.cs in SourceAssetDB has modification time of '2025-09-25T06:51:22.0288933Z' while content on disk has modification time of '2025-09-25T06:51:23.3607634Z'
  ERROR: Build asset version error: assets/scrips/audiomanager.cs in SourceAssetDB has modification time of '2025-09-25T06:51:22.0288933Z' while content on disk has modification time of '2025-09-25T06:51:23.3607634Z'
Number of updated asset objects reloaded before import = 0Number of asset objects unloaded after import = 0

========================================================================
Received Import Request.
  Time since last request: 0.013716 seconds.
  path: Assets/Scrips/AudioManager.cs
  artifactKey: Guid(f0ea02a54565c8a489b149e67e7ad055) Importer(815301076,1909f56bfc062723c751e8b465ee728b)
Start importing Assets/Scrips/AudioManager.cs using Guid(f0ea02a54565c8a489b149e67e7ad055) Importer(815301076,1909f56bfc062723c751e8b465ee728b) (PreviewImporter) -> (artifact id: '00000000000000000000000000000000') in 0.0010274 seconds
Import Error Code:(4)
Message: Build asset version error: assets/scrips/audiomanager.cs in SourceAssetDB has modification time of '2025-09-25T06:51:22.0288933Z' while content on disk has modification time of '2025-09-25T06:51:23.3607634Z'
  ERROR: Build asset version error: assets/scrips/audiomanager.cs in SourceAssetDB has modification time of '2025-09-25T06:51:22.0288933Z' while content on disk has modification time of '2025-09-25T06:51:23.3607634Z'
Number of updated asset objects reloaded before import = 0Number of asset objects unloaded after import = 0

========================================================================
Received Import Request.
  Time since last request: 0.000016 seconds.
  path: Assets/Scrips/AudioManager.cs
  artifactKey: Guid(f0ea02a54565c8a489b149e67e7ad055) Importer(815301076,1909f56bfc062723c751e8b465ee728b)
Start importing Assets/Scrips/AudioManager.cs using Guid(f0ea02a54565c8a489b149e67e7ad055) Importer(815301076,1909f56bfc062723c751e8b465ee728b) (PreviewImporter) -> (artifact id: '00000000000000000000000000000000') in 0.0005189 seconds
Import Error Code:(4)
Message: Build asset version error: assets/scrips/audiomanager.cs in SourceAssetDB has modification time of '2025-09-25T06:51:22.0288933Z' while content on disk has modification time of '2025-09-25T06:51:23.3607634Z'
  ERROR: Build asset version error: assets/scrips/audiomanager.cs in SourceAssetDB has modification time of '2025-09-25T06:51:22.0288933Z' while content on disk has modification time of '2025-09-25T06:51:23.3607634Z'
Number of updated asset objects reloaded before import = 0Number of asset objects unloaded after import = 0

========================================================================
Received Prepare
Begin MonoManager ReloadAssembly
- Loaded All Assemblies, in  5.211 seconds
Refreshing native plugins compatible for Editor in 1.60 ms, found 4 plugins.
Native extension for iOS target not found
Native extension for Android target not found
Native extension for WindowsStandalone target not found
Native extension for WebGL target not found
Mono: successfully reloaded assembly
- Finished resetting the current domain, in  1.478 seconds
Domain Reload Profiling: 6699ms
	BeginReloadAssembly (1724ms)
		ExecutionOrderSort (6ms)
		DisableScriptedObjects (468ms)
		BackupInstance (0ms)
		ReleaseScriptingObjects (3ms)
		CreateAndSetChildDomain (591ms)
	RebuildCommonClasses (49ms)
	RebuildNativeTypeToScriptingClass (12ms)
	initialDomainReloadingComplete (53ms)
	LoadAllAssembliesAndSetupDomain (3382ms)
		LoadAssemblies (2451ms)
		RebuildTransferFunctionScriptingTraits (0ms)
		AnalyzeDomain (1219ms)
			TypeCache.Refresh (521ms)
				TypeCache.ScanAssembly (1ms)
			BuildScriptInfoCaches (584ms)
			ResolveRequiredComponents (23ms)
	FinalizeReload (1479ms)
		ReleaseScriptCaches (0ms)
		RebuildScriptCaches (0ms)
		SetupLoadedEditorAssemblies (1161ms)
			LogAssemblyErrors (0ms)
			InitializePlatformSupportModulesInManaged (21ms)
			SetLoadedEditorAssemblies (9ms)
			BeforeProcessingInitializeOnLoad (315ms)
			ProcessInitializeOnLoadAttributes (697ms)
			ProcessInitializeOnLoadMethodAttributes (116ms)
			AfterProcessingInitializeOnLoad (2ms)
			EditorAssembliesLoaded (2ms)
		ExecutionOrderSort2 (0ms)
		AwakeInstancesAfterBackupRestoration (29ms)
Refreshing native plugins compatible for Editor in 4.53 ms, found 4 plugins.
Preloading 0 native plugins for Editor in 0.00 ms.
Unloading 31 Unused Serialized files (Serialized files now loaded: 0)
Unloading 6724 unused Assets / (9.3 MB). Loaded Objects now: 7945.
Memory consumption went from 178.6 MB to 169.3 MB.
Total: 39.789400 ms (FindLiveObjects: 1.548100 ms CreateObjectMapping: 1.268300 ms MarkObjects: 17.282400 ms  DeleteObjects: 19.686300 ms)

Prepare: number of updated asset objects reloaded= 0
========================================================================
Received Import Request.
  Time since last request: 29.373365 seconds.
  path: Assets/Scrips/AudioManager.cs
  artifactKey: Guid(f0ea02a54565c8a489b149e67e7ad055) Importer(815301076,1909f56bfc062723c751e8b465ee728b)
Start importing Assets/Scrips/AudioManager.cs using Guid(f0ea02a54565c8a489b149e67e7ad055) Importer(815301076,1909f56bfc062723c751e8b465ee728b) (PreviewImporter) -> (artifact id: '00000000000000000000000000000000') in 0.1151321 seconds
Import Error Code:(4)
Message: Build asset version error: assets/scrips/audiomanager.cs in SourceAssetDB has modification time of '2025-09-25T06:51:22.0288933Z' while content on disk has modification time of '2025-09-25T06:51:35.5080598Z'
  ERROR: Build asset version error: assets/scrips/audiomanager.cs in SourceAssetDB has modification time of '2025-09-25T06:51:22.0288933Z' while content on disk has modification time of '2025-09-25T06:51:35.5080598Z'
Number of updated asset objects reloaded before import = 0Number of asset objects unloaded after import = 0

========================================================================
Received Import Request.
  Time since last request: 0.000029 seconds.
  path: Assets/Scrips/AudioManager.cs
  artifactKey: Guid(f0ea02a54565c8a489b149e67e7ad055) Importer(815301076,1909f56bfc062723c751e8b465ee728b)
Start importing Assets/Scrips/AudioManager.cs using Guid(f0ea02a54565c8a489b149e67e7ad055) Importer(815301076,1909f56bfc062723c751e8b465ee728b) (PreviewImporter) -> (artifact id: '00000000000000000000000000000000') in 0.0025786 seconds
Import Error Code:(4)
Message: Build asset version error: assets/scrips/audiomanager.cs in SourceAssetDB has modification time of '2025-09-25T06:51:22.0288933Z' while content on disk has modification time of '2025-09-25T06:51:35.5080598Z'
  ERROR: Build asset version error: assets/scrips/audiomanager.cs in SourceAssetDB has modification time of '2025-09-25T06:51:22.0288933Z' while content on disk has modification time of '2025-09-25T06:51:35.5080598Z'
Number of updated asset objects reloaded before import = 0Number of asset objects unloaded after import = 0

========================================================================
Received Import Request.
  Time since last request: 0.004868 seconds.
  path: Assets/Scrips/AudioManager.cs
  artifactKey: Guid(f0ea02a54565c8a489b149e67e7ad055) Importer(815301076,1909f56bfc062723c751e8b465ee728b)
Start importing Assets/Scrips/AudioManager.cs using Guid(f0ea02a54565c8a489b149e67e7ad055) Importer(815301076,1909f56bfc062723c751e8b465ee728b) (PreviewImporter) -> (artifact id: '00000000000000000000000000000000') in 0.0007888 seconds
Import Error Code:(4)
Message: Build asset version error: assets/scrips/audiomanager.cs in SourceAssetDB has modification time of '2025-09-25T06:51:22.0288933Z' while content on disk has modification time of '2025-09-25T06:51:35.5080598Z'
  ERROR: Build asset version error: assets/scrips/audiomanager.cs in SourceAssetDB has modification time of '2025-09-25T06:51:22.0288933Z' while content on disk has modification time of '2025-09-25T06:51:35.5080598Z'
Number of updated asset objects reloaded before import = 0Number of asset objects unloaded after import = 0

========================================================================
Received Import Request.
  Time since last request: 0.014897 seconds.
  path: Assets/Scrips/AudioManager.cs
  artifactKey: Guid(f0ea02a54565c8a489b149e67e7ad055) Importer(815301076,1909f56bfc062723c751e8b465ee728b)
Start importing Assets/Scrips/AudioManager.cs using Guid(f0ea02a54565c8a489b149e67e7ad055) Importer(815301076,1909f56bfc062723c751e8b465ee728b) (PreviewImporter) -> (artifact id: '00000000000000000000000000000000') in 0.0007699 seconds
Import Error Code:(4)
Message: Build asset version error: assets/scrips/audiomanager.cs in SourceAssetDB has modification time of '2025-09-25T06:51:22.0288933Z' while content on disk has modification time of '2025-09-25T06:51:35.5080598Z'
  ERROR: Build asset version error: assets/scrips/audiomanager.cs in SourceAssetDB has modification time of '2025-09-25T06:51:22.0288933Z' while content on disk has modification time of '2025-09-25T06:51:35.5080598Z'
Number of updated asset objects reloaded before import = 0Number of asset objects unloaded after import = 0

========================================================================
Received Import Request.
  Time since last request: 0.000029 seconds.
  path: Assets/Scrips/AudioManager.cs
  artifactKey: Guid(f0ea02a54565c8a489b149e67e7ad055) Importer(815301076,1909f56bfc062723c751e8b465ee728b)
Start importing Assets/Scrips/AudioManager.cs using Guid(f0ea02a54565c8a489b149e67e7ad055) Importer(815301076,1909f56bfc062723c751e8b465ee728b) (PreviewImporter) -> (artifact id: '00000000000000000000000000000000') in 0.0008604 seconds
Import Error Code:(4)
Message: Build asset version error: assets/scrips/audiomanager.cs in SourceAssetDB has modification time of '2025-09-25T06:51:22.0288933Z' while content on disk has modification time of '2025-09-25T06:51:35.5080598Z'
  ERROR: Build asset version error: assets/scrips/audiomanager.cs in SourceAssetDB has modification time of '2025-09-25T06:51:22.0288933Z' while content on disk has modification time of '2025-09-25T06:51:35.5080598Z'
Number of updated asset objects reloaded before import = 0Number of asset objects unloaded after import = 0

========================================================================
Received Import Request.
  Time since last request: 0.004809 seconds.
  path: Assets/Scrips/AudioManager.cs
  artifactKey: Guid(f0ea02a54565c8a489b149e67e7ad055) Importer(815301076,1909f56bfc062723c751e8b465ee728b)
Start importing Assets/Scrips/AudioManager.cs using Guid(f0ea02a54565c8a489b149e67e7ad055) Importer(815301076,1909f56bfc062723c751e8b465ee728b) (PreviewImporter) -> (artifact id: '00000000000000000000000000000000') in 0.0006785 seconds
Import Error Code:(4)
Message: Build asset version error: assets/scrips/audiomanager.cs in SourceAssetDB has modification time of '2025-09-25T06:51:22.0288933Z' while content on disk has modification time of '2025-09-25T06:51:35.5080598Z'
  ERROR: Build asset version error: assets/scrips/audiomanager.cs in SourceAssetDB has modification time of '2025-09-25T06:51:22.0288933Z' while content on disk has modification time of '2025-09-25T06:51:35.5080598Z'
Number of updated asset objects reloaded before import = 0Number of asset objects unloaded after import = 0

========================================================================
Received Import Request.
  Time since last request: 0.013136 seconds.
  path: Assets/Scrips/AudioManager.cs
  artifactKey: Guid(f0ea02a54565c8a489b149e67e7ad055) Importer(815301076,1909f56bfc062723c751e8b465ee728b)
Start importing Assets/Scrips/AudioManager.cs using Guid(f0ea02a54565c8a489b149e67e7ad055) Importer(815301076,1909f56bfc062723c751e8b465ee728b) (PreviewImporter) -> (artifact id: '00000000000000000000000000000000') in 0.0006665 seconds
Import Error Code:(4)
Message: Build asset version error: assets/scrips/audiomanager.cs in SourceAssetDB has modification time of '2025-09-25T06:51:22.0288933Z' while content on disk has modification time of '2025-09-25T06:51:35.5080598Z'
  ERROR: Build asset version error: assets/scrips/audiomanager.cs in SourceAssetDB has modification time of '2025-09-25T06:51:22.0288933Z' while content on disk has modification time of '2025-09-25T06:51:35.5080598Z'
Number of updated asset objects reloaded before import = 0Number of asset objects unloaded after import = 0

========================================================================
Received Import Request.
  Time since last request: 0.006924 seconds.
  path: Assets/Scrips/AudioManager.cs
  artifactKey: Guid(f0ea02a54565c8a489b149e67e7ad055) Importer(815301076,1909f56bfc062723c751e8b465ee728b)
Start importing Assets/Scrips/AudioManager.cs using Guid(f0ea02a54565c8a489b149e67e7ad055) Importer(815301076,1909f56bfc062723c751e8b465ee728b) (PreviewImporter) -> (artifact id: '00000000000000000000000000000000') in 0.0006967 seconds
Import Error Code:(4)
Message: Build asset version error: assets/scrips/audiomanager.cs in SourceAssetDB has modification time of '2025-09-25T06:51:22.0288933Z' while content on disk has modification time of '2025-09-25T06:51:35.5080598Z'
  ERROR: Build asset version error: assets/scrips/audiomanager.cs in SourceAssetDB has modification time of '2025-09-25T06:51:22.0288933Z' while content on disk has modification time of '2025-09-25T06:51:35.5080598Z'
Number of updated asset objects reloaded before import = 0Number of asset objects unloaded after import = 0

========================================================================
Received Import Request.
  Time since last request: 0.000020 seconds.
  path: Assets/Scrips/AudioManager.cs
  artifactKey: Guid(f0ea02a54565c8a489b149e67e7ad055) Importer(815301076,1909f56bfc062723c751e8b465ee728b)
Start importing Assets/Scrips/AudioManager.cs using Guid(f0ea02a54565c8a489b149e67e7ad055) Importer(815301076,1909f56bfc062723c751e8b465ee728b) (PreviewImporter) -> (artifact id: '00000000000000000000000000000000') in 0.000645 seconds
Import Error Code:(4)
Message: Build asset version error: assets/scrips/audiomanager.cs in SourceAssetDB has modification time of '2025-09-25T06:51:22.0288933Z' while content on disk has modification time of '2025-09-25T06:51:35.5080598Z'
  ERROR: Build asset version error: assets/scrips/audiomanager.cs in SourceAssetDB has modification time of '2025-09-25T06:51:22.0288933Z' while content on disk has modification time of '2025-09-25T06:51:35.5080598Z'
Number of updated asset objects reloaded before import = 0Number of asset objects unloaded after import = 0

========================================================================
Received Import Request.
  Time since last request: 0.000020 seconds.
  path: Assets/Scrips/AudioManager.cs
  artifactKey: Guid(f0ea02a54565c8a489b149e67e7ad055) Importer(815301076,1909f56bfc062723c751e8b465ee728b)
Start importing Assets/Scrips/AudioManager.cs using Guid(f0ea02a54565c8a489b149e67e7ad055) Importer(815301076,1909f56bfc062723c751e8b465ee728b) (PreviewImporter) -> (artifact id: '00000000000000000000000000000000') in 0.0008426 seconds
Import Error Code:(4)
Message: Build asset version error: assets/scrips/audiomanager.cs in SourceAssetDB has modification time of '2025-09-25T06:51:22.0288933Z' while content on disk has modification time of '2025-09-25T06:51:35.5080598Z'
  ERROR: Build asset version error: assets/scrips/audiomanager.cs in SourceAssetDB has modification time of '2025-09-25T06:51:22.0288933Z' while content on disk has modification time of '2025-09-25T06:51:35.5080598Z'
Number of updated asset objects reloaded before import = 0Number of asset objects unloaded after import = 0

========================================================================
Received Import Request.
  Time since last request: 0.007392 seconds.
  path: Assets/Scrips/AudioManager.cs
  artifactKey: Guid(f0ea02a54565c8a489b149e67e7ad055) Importer(815301076,1909f56bfc062723c751e8b465ee728b)
Start importing Assets/Scrips/AudioManager.cs using Guid(f0ea02a54565c8a489b149e67e7ad055) Importer(815301076,1909f56bfc062723c751e8b465ee728b) (PreviewImporter) -> (artifact id: '00000000000000000000000000000000') in 0.000814 seconds
Import Error Code:(4)
Message: Build asset version error: assets/scrips/audiomanager.cs in SourceAssetDB has modification time of '2025-09-25T06:51:22.0288933Z' while content on disk has modification time of '2025-09-25T06:51:35.5080598Z'
  ERROR: Build asset version error: assets/scrips/audiomanager.cs in SourceAssetDB has modification time of '2025-09-25T06:51:22.0288933Z' while content on disk has modification time of '2025-09-25T06:51:35.5080598Z'
Number of updated asset objects reloaded before import = 0Number of asset objects unloaded after import = 0

========================================================================
Received Import Request.
  Time since last request: 0.002798 seconds.
  path: Assets/Scrips/AudioManager.cs
  artifactKey: Guid(f0ea02a54565c8a489b149e67e7ad055) Importer(815301076,1909f56bfc062723c751e8b465ee728b)
Start importing Assets/Scrips/AudioManager.cs using Guid(f0ea02a54565c8a489b149e67e7ad055) Importer(815301076,1909f56bfc062723c751e8b465ee728b) (PreviewImporter) -> (artifact id: '00000000000000000000000000000000') in 0.0006263 seconds
Import Error Code:(4)
Message: Build asset version error: assets/scrips/audiomanager.cs in SourceAssetDB has modification time of '2025-09-25T06:51:22.0288933Z' while content on disk has modification time of '2025-09-25T06:51:35.5080598Z'
  ERROR: Build asset version error: assets/scrips/audiomanager.cs in SourceAssetDB has modification time of '2025-09-25T06:51:22.0288933Z' while content on disk has modification time of '2025-09-25T06:51:35.5080598Z'
Number of updated asset objects reloaded before import = 0Number of asset objects unloaded after import = 0

========================================================================
Received Import Request.
  Time since last request: 0.000993 seconds.
  path: Assets/Scrips/AudioManager.cs
  artifactKey: Guid(f0ea02a54565c8a489b149e67e7ad055) Importer(815301076,1909f56bfc062723c751e8b465ee728b)
Start importing Assets/Scrips/AudioManager.cs using Guid(f0ea02a54565c8a489b149e67e7ad055) Importer(815301076,1909f56bfc062723c751e8b465ee728b) (PreviewImporter) -> (artifact id: '00000000000000000000000000000000') in 0.0005936 seconds
Import Error Code:(4)
Message: Build asset version error: assets/scrips/audiomanager.cs in SourceAssetDB has modification time of '2025-09-25T06:51:22.0288933Z' while content on disk has modification time of '2025-09-25T06:51:35.5080598Z'
  ERROR: Build asset version error: assets/scrips/audiomanager.cs in SourceAssetDB has modification time of '2025-09-25T06:51:22.0288933Z' while content on disk has modification time of '2025-09-25T06:51:35.5080598Z'
Number of updated asset objects reloaded before import = 0Number of asset objects unloaded after import = 0

========================================================================
Received Import Request.
  Time since last request: 0.003696 seconds.
  path: Assets/Scrips/AudioManager.cs
  artifactKey: Guid(f0ea02a54565c8a489b149e67e7ad055) Importer(815301076,1909f56bfc062723c751e8b465ee728b)
Start importing Assets/Scrips/AudioManager.cs using Guid(f0ea02a54565c8a489b149e67e7ad055) Importer(815301076,1909f56bfc062723c751e8b465ee728b) (PreviewImporter) -> (artifact id: '00000000000000000000000000000000') in 0.0009559 seconds
Import Error Code:(4)
Message: Build asset version error: assets/scrips/audiomanager.cs in SourceAssetDB has modification time of '2025-09-25T06:51:22.0288933Z' while content on disk has modification time of '2025-09-25T06:51:35.5080598Z'
  ERROR: Build asset version error: assets/scrips/audiomanager.cs in SourceAssetDB has modification time of '2025-09-25T06:51:22.0288933Z' while content on disk has modification time of '2025-09-25T06:51:35.5080598Z'
Number of updated asset objects reloaded before import = 0Number of asset objects unloaded after import = 0

========================================================================
Received Import Request.
  Time since last request: 0.000020 seconds.
  path: Assets/Scrips/AudioManager.cs
  artifactKey: Guid(f0ea02a54565c8a489b149e67e7ad055) Importer(815301076,1909f56bfc062723c751e8b465ee728b)
Start importing Assets/Scrips/AudioManager.cs using Guid(f0ea02a54565c8a489b149e67e7ad055) Importer(815301076,1909f56bfc062723c751e8b465ee728b) (PreviewImporter) -> (artifact id: '00000000000000000000000000000000') in 0.0010675 seconds
Import Error Code:(4)
Message: Build asset version error: assets/scrips/audiomanager.cs in SourceAssetDB has modification time of '2025-09-25T06:51:22.0288933Z' while content on disk has modification time of '2025-09-25T06:51:35.5080598Z'
  ERROR: Build asset version error: assets/scrips/audiomanager.cs in SourceAssetDB has modification time of '2025-09-25T06:51:22.0288933Z' while content on disk has modification time of '2025-09-25T06:51:35.5080598Z'
Number of updated asset objects reloaded before import = 0Number of asset objects unloaded after import = 0

========================================================================
Received Import Request.
  Time since last request: 0.009783 seconds.
  path: Assets/Scrips/AudioManager.cs
  artifactKey: Guid(f0ea02a54565c8a489b149e67e7ad055) Importer(815301076,1909f56bfc062723c751e8b465ee728b)
Start importing Assets/Scrips/AudioManager.cs using Guid(f0ea02a54565c8a489b149e67e7ad055) Importer(815301076,1909f56bfc062723c751e8b465ee728b) (PreviewImporter) -> (artifact id: '00000000000000000000000000000000') in 0.0020461 seconds
Import Error Code:(4)
Message: Build asset version error: assets/scrips/audiomanager.cs in SourceAssetDB has modification time of '2025-09-25T06:51:22.0288933Z' while content on disk has modification time of '2025-09-25T06:51:35.5080598Z'
  ERROR: Build asset version error: assets/scrips/audiomanager.cs in SourceAssetDB has modification time of '2025-09-25T06:51:22.0288933Z' while content on disk has modification time of '2025-09-25T06:51:35.5080598Z'
Number of updated asset objects reloaded before import = 0Number of asset objects unloaded after import = 0

========================================================================
Received Import Request.
  Time since last request: 0.000021 seconds.
  path: Assets/Scrips/AudioManager.cs
  artifactKey: Guid(f0ea02a54565c8a489b149e67e7ad055) Importer(815301076,1909f56bfc062723c751e8b465ee728b)
Start importing Assets/Scrips/AudioManager.cs using Guid(f0ea02a54565c8a489b149e67e7ad055) Importer(815301076,1909f56bfc062723c751e8b465ee728b) (PreviewImporter) -> (artifact id: '00000000000000000000000000000000') in 0.0006727 seconds
Import Error Code:(4)
Message: Build asset version error: assets/scrips/audiomanager.cs in SourceAssetDB has modification time of '2025-09-25T06:51:22.0288933Z' while content on disk has modification time of '2025-09-25T06:51:35.5080598Z'
  ERROR: Build asset version error: assets/scrips/audiomanager.cs in SourceAssetDB has modification time of '2025-09-25T06:51:22.0288933Z' while content on disk has modification time of '2025-09-25T06:51:35.5080598Z'
Number of updated asset objects reloaded before import = 0Number of asset objects unloaded after import = 0

========================================================================
Received Import Request.
  Time since last request: 0.000047 seconds.
  path: Assets/Scrips/AudioManager.cs
  artifactKey: Guid(f0ea02a54565c8a489b149e67e7ad055) Importer(815301076,1909f56bfc062723c751e8b465ee728b)
Start importing Assets/Scrips/AudioManager.cs using Guid(f0ea02a54565c8a489b149e67e7ad055) Importer(815301076,1909f56bfc062723c751e8b465ee728b) (PreviewImporter) -> (artifact id: '00000000000000000000000000000000') in 0.0006432 seconds
Import Error Code:(4)
Message: Build asset version error: assets/scrips/audiomanager.cs in SourceAssetDB has modification time of '2025-09-25T06:51:22.0288933Z' while content on disk has modification time of '2025-09-25T06:51:35.5080598Z'
  ERROR: Build asset version error: assets/scrips/audiomanager.cs in SourceAssetDB has modification time of '2025-09-25T06:51:22.0288933Z' while content on disk has modification time of '2025-09-25T06:51:35.5080598Z'
Number of updated asset objects reloaded before import = 0Number of asset objects unloaded after import = 0

========================================================================
Received Import Request.
  Time since last request: 0.026936 seconds.
  path: Assets/Scrips/AudioManager.cs
  artifactKey: Guid(f0ea02a54565c8a489b149e67e7ad055) Importer(815301076,1909f56bfc062723c751e8b465ee728b)
Start importing Assets/Scrips/AudioManager.cs using Guid(f0ea02a54565c8a489b149e67e7ad055) Importer(815301076,1909f56bfc062723c751e8b465ee728b) (PreviewImporter) -> (artifact id: '00000000000000000000000000000000') in 0.0006328 seconds
Import Error Code:(4)
Message: Build asset version error: assets/scrips/audiomanager.cs in SourceAssetDB has modification time of '2025-09-25T06:51:22.0288933Z' while content on disk has modification time of '2025-09-25T06:51:35.5080598Z'
  ERROR: Build asset version error: assets/scrips/audiomanager.cs in SourceAssetDB has modification time of '2025-09-25T06:51:22.0288933Z' while content on disk has modification time of '2025-09-25T06:51:35.5080598Z'
Number of updated asset objects reloaded before import = 0Number of asset objects unloaded after import = 0

========================================================================
Received Import Request.
  Time since last request: 0.020570 seconds.
  path: Assets/Scrips/AudioManager.cs
  artifactKey: Guid(f0ea02a54565c8a489b149e67e7ad055) Importer(815301076,1909f56bfc062723c751e8b465ee728b)
Start importing Assets/Scrips/AudioManager.cs using Guid(f0ea02a54565c8a489b149e67e7ad055) Importer(815301076,1909f56bfc062723c751e8b465ee728b) (PreviewImporter) -> (artifact id: '00000000000000000000000000000000') in 0.0007724 seconds
Import Error Code:(4)
Message: Build asset version error: assets/scrips/audiomanager.cs in SourceAssetDB has modification time of '2025-09-25T06:51:22.0288933Z' while content on disk has modification time of '2025-09-25T06:51:35.5080598Z'
  ERROR: Build asset version error: assets/scrips/audiomanager.cs in SourceAssetDB has modification time of '2025-09-25T06:51:22.0288933Z' while content on disk has modification time of '2025-09-25T06:51:35.5080598Z'
Number of updated asset objects reloaded before import = 0Number of asset objects unloaded after import = 0

========================================================================
Received Import Request.
  Time since last request: 0.009296 seconds.
  path: Assets/Scrips/AudioManager.cs
  artifactKey: Guid(f0ea02a54565c8a489b149e67e7ad055) Importer(815301076,1909f56bfc062723c751e8b465ee728b)
Start importing Assets/Scrips/AudioManager.cs using Guid(f0ea02a54565c8a489b149e67e7ad055) Importer(815301076,1909f56bfc062723c751e8b465ee728b) (PreviewImporter) -> (artifact id: '00000000000000000000000000000000') in 0.0006666 seconds
Import Error Code:(4)
Message: Build asset version error: assets/scrips/audiomanager.cs in SourceAssetDB has modification time of '2025-09-25T06:51:22.0288933Z' while content on disk has modification time of '2025-09-25T06:51:35.5080598Z'
  ERROR: Build asset version error: assets/scrips/audiomanager.cs in SourceAssetDB has modification time of '2025-09-25T06:51:22.0288933Z' while content on disk has modification time of '2025-09-25T06:51:35.5080598Z'
Number of updated asset objects reloaded before import = 0Number of asset objects unloaded after import = 0

========================================================================
Received Import Request.
  Time since last request: 0.016374 seconds.
  path: Assets/Scrips/AudioManager.cs
  artifactKey: Guid(f0ea02a54565c8a489b149e67e7ad055) Importer(815301076,1909f56bfc062723c751e8b465ee728b)
Start importing Assets/Scrips/AudioManager.cs using Guid(f0ea02a54565c8a489b149e67e7ad055) Importer(815301076,1909f56bfc062723c751e8b465ee728b) (PreviewImporter) -> (artifact id: '00000000000000000000000000000000') in 0.0006457 seconds
Import Error Code:(4)
Message: Build asset version error: assets/scrips/audiomanager.cs in SourceAssetDB has modification time of '2025-09-25T06:51:22.0288933Z' while content on disk has modification time of '2025-09-25T06:51:35.5080598Z'
  ERROR: Build asset version error: assets/scrips/audiomanager.cs in SourceAssetDB has modification time of '2025-09-25T06:51:22.0288933Z' while content on disk has modification time of '2025-09-25T06:51:35.5080598Z'
Number of updated asset objects reloaded before import = 0Number of asset objects unloaded after import = 0

========================================================================
Received Import Request.
  Time since last request: 0.195794 seconds.
  path: Assets/Scrips/AudioManager.cs
  artifactKey: Guid(f0ea02a54565c8a489b149e67e7ad055) Importer(815301076,1909f56bfc062723c751e8b465ee728b)
Start importing Assets/Scrips/AudioManager.cs using Guid(f0ea02a54565c8a489b149e67e7ad055) Importer(815301076,1909f56bfc062723c751e8b465ee728b) (PreviewImporter) -> (artifact id: '00000000000000000000000000000000') in 0.0007399 seconds
Import Error Code:(4)
Message: Build asset version error: assets/scrips/audiomanager.cs in SourceAssetDB has modification time of '2025-09-25T06:51:22.0288933Z' while content on disk has modification time of '2025-09-25T06:51:35.5080598Z'
  ERROR: Build asset version error: assets/scrips/audiomanager.cs in SourceAssetDB has modification time of '2025-09-25T06:51:22.0288933Z' while content on disk has modification time of '2025-09-25T06:51:35.5080598Z'
Number of updated asset objects reloaded before import = 0Number of asset objects unloaded after import = 0

========================================================================
Received Import Request.
  Time since last request: 0.000339 seconds.
  path: Assets/Scrips/AudioManager.cs
  artifactKey: Guid(f0ea02a54565c8a489b149e67e7ad055) Importer(815301076,1909f56bfc062723c751e8b465ee728b)
Start importing Assets/Scrips/AudioManager.cs using Guid(f0ea02a54565c8a489b149e67e7ad055) Importer(815301076,1909f56bfc062723c751e8b465ee728b) (PreviewImporter) -> (artifact id: '00000000000000000000000000000000') in 0.0006672 seconds
Import Error Code:(4)
Message: Build asset version error: assets/scrips/audiomanager.cs in SourceAssetDB has modification time of '2025-09-25T06:51:22.0288933Z' while content on disk has modification time of '2025-09-25T06:51:35.5080598Z'
  ERROR: Build asset version error: assets/scrips/audiomanager.cs in SourceAssetDB has modification time of '2025-09-25T06:51:22.0288933Z' while content on disk has modification time of '2025-09-25T06:51:35.5080598Z'
Number of updated asset objects reloaded before import = 0Number of asset objects unloaded after import = 0

========================================================================
Received Import Request.
  Time since last request: 0.000018 seconds.
  path: Assets/Scrips/AudioManager.cs
  artifactKey: Guid(f0ea02a54565c8a489b149e67e7ad055) Importer(815301076,1909f56bfc062723c751e8b465ee728b)
Start importing Assets/Scrips/AudioManager.cs using Guid(f0ea02a54565c8a489b149e67e7ad055) Importer(815301076,1909f56bfc062723c751e8b465ee728b) (PreviewImporter) -> (artifact id: '00000000000000000000000000000000') in 0.0007539 seconds
Import Error Code:(4)
Message: Build asset version error: assets/scrips/audiomanager.cs in SourceAssetDB has modification time of '2025-09-25T06:51:22.0288933Z' while content on disk has modification time of '2025-09-25T06:51:35.5080598Z'
  ERROR: Build asset version error: assets/scrips/audiomanager.cs in SourceAssetDB has modification time of '2025-09-25T06:51:22.0288933Z' while content on disk has modification time of '2025-09-25T06:51:35.5080598Z'
Number of updated asset objects reloaded before import = 0Number of asset objects unloaded after import = 0

========================================================================
Received Import Request.
  Time since last request: 0.000020 seconds.
  path: Assets/Scrips/AudioManager.cs
  artifactKey: Guid(f0ea02a54565c8a489b149e67e7ad055) Importer(815301076,1909f56bfc062723c751e8b465ee728b)
Start importing Assets/Scrips/AudioManager.cs using Guid(f0ea02a54565c8a489b149e67e7ad055) Importer(815301076,1909f56bfc062723c751e8b465ee728b) (PreviewImporter) -> (artifact id: '00000000000000000000000000000000') in 0.0007738 seconds
Import Error Code:(4)
Message: Build asset version error: assets/scrips/audiomanager.cs in SourceAssetDB has modification time of '2025-09-25T06:51:22.0288933Z' while content on disk has modification time of '2025-09-25T06:51:35.5080598Z'
  ERROR: Build asset version error: assets/scrips/audiomanager.cs in SourceAssetDB has modification time of '2025-09-25T06:51:22.0288933Z' while content on disk has modification time of '2025-09-25T06:51:35.5080598Z'
Number of updated asset objects reloaded before import = 0Number of asset objects unloaded after import = 0

========================================================================
Received Import Request.
  Time since last request: 0.000022 seconds.
  path: Assets/Scrips/AudioManager.cs
  artifactKey: Guid(f0ea02a54565c8a489b149e67e7ad055) Importer(815301076,1909f56bfc062723c751e8b465ee728b)
Start importing Assets/Scrips/AudioManager.cs using Guid(f0ea02a54565c8a489b149e67e7ad055) Importer(815301076,1909f56bfc062723c751e8b465ee728b) (PreviewImporter) -> (artifact id: '00000000000000000000000000000000') in 0.0006932 seconds
Import Error Code:(4)
Message: Build asset version error: assets/scrips/audiomanager.cs in SourceAssetDB has modification time of '2025-09-25T06:51:22.0288933Z' while content on disk has modification time of '2025-09-25T06:51:35.5080598Z'
  ERROR: Build asset version error: assets/scrips/audiomanager.cs in SourceAssetDB has modification time of '2025-09-25T06:51:22.0288933Z' while content on disk has modification time of '2025-09-25T06:51:35.5080598Z'
Number of updated asset objects reloaded before import = 0Number of asset objects unloaded after import = 0

========================================================================
Received Import Request.
  Time since last request: 0.000029 seconds.
  path: Assets/Scrips/AudioManager.cs
  artifactKey: Guid(f0ea02a54565c8a489b149e67e7ad055) Importer(815301076,1909f56bfc062723c751e8b465ee728b)
Start importing Assets/Scrips/AudioManager.cs using Guid(f0ea02a54565c8a489b149e67e7ad055) Importer(815301076,1909f56bfc062723c751e8b465ee728b) (PreviewImporter) -> (artifact id: '00000000000000000000000000000000') in 0.0010914 seconds
Import Error Code:(4)
Message: Build asset version error: assets/scrips/audiomanager.cs in SourceAssetDB has modification time of '2025-09-25T06:51:22.0288933Z' while content on disk has modification time of '2025-09-25T06:51:35.5080598Z'
  ERROR: Build asset version error: assets/scrips/audiomanager.cs in SourceAssetDB has modification time of '2025-09-25T06:51:22.0288933Z' while content on disk has modification time of '2025-09-25T06:51:35.5080598Z'
Number of updated asset objects reloaded before import = 0Number of asset objects unloaded after import = 0

========================================================================
Received Import Request.
  Time since last request: 0.000030 seconds.
  path: Assets/Scrips/AudioManager.cs
  artifactKey: Guid(f0ea02a54565c8a489b149e67e7ad055) Importer(815301076,1909f56bfc062723c751e8b465ee728b)
Start importing Assets/Scrips/AudioManager.cs using Guid(f0ea02a54565c8a489b149e67e7ad055) Importer(815301076,1909f56bfc062723c751e8b465ee728b) (PreviewImporter) -> (artifact id: '00000000000000000000000000000000') in 0.0005499 seconds
Import Error Code:(4)
Message: Build asset version error: assets/scrips/audiomanager.cs in SourceAssetDB has modification time of '2025-09-25T06:51:22.0288933Z' while content on disk has modification time of '2025-09-25T06:51:35.5080598Z'
  ERROR: Build asset version error: assets/scrips/audiomanager.cs in SourceAssetDB has modification time of '2025-09-25T06:51:22.0288933Z' while content on disk has modification time of '2025-09-25T06:51:35.5080598Z'
Number of updated asset objects reloaded before import = 0Number of asset objects unloaded after import = 0

========================================================================
Received Import Request.
  Time since last request: 0.000020 seconds.
  path: Assets/Scrips/AudioManager.cs
  artifactKey: Guid(f0ea02a54565c8a489b149e67e7ad055) Importer(815301076,1909f56bfc062723c751e8b465ee728b)
Start importing Assets/Scrips/AudioManager.cs using Guid(f0ea02a54565c8a489b149e67e7ad055) Importer(815301076,1909f56bfc062723c751e8b465ee728b) (PreviewImporter) -> (artifact id: '00000000000000000000000000000000') in 0.0005683 seconds
Import Error Code:(4)
Message: Build asset version error: assets/scrips/audiomanager.cs in SourceAssetDB has modification time of '2025-09-25T06:51:22.0288933Z' while content on disk has modification time of '2025-09-25T06:51:35.5080598Z'
  ERROR: Build asset version error: assets/scrips/audiomanager.cs in SourceAssetDB has modification time of '2025-09-25T06:51:22.0288933Z' while content on disk has modification time of '2025-09-25T06:51:35.5080598Z'
Number of updated asset objects reloaded before import = 0Number of asset objects unloaded after import = 0

========================================================================
Received Import Request.
  Time since last request: 0.002560 seconds.
  path: Assets/Scrips/AudioManager.cs
  artifactKey: Guid(f0ea02a54565c8a489b149e67e7ad055) Importer(815301076,1909f56bfc062723c751e8b465ee728b)
Start importing Assets/Scrips/AudioManager.cs using Guid(f0ea02a54565c8a489b149e67e7ad055) Importer(815301076,1909f56bfc062723c751e8b465ee728b) (PreviewImporter) -> (artifact id: '00000000000000000000000000000000') in 0.0005949 seconds
Import Error Code:(4)
Message: Build asset version error: assets/scrips/audiomanager.cs in SourceAssetDB has modification time of '2025-09-25T06:51:22.0288933Z' while content on disk has modification time of '2025-09-25T06:51:35.5080598Z'
  ERROR: Build asset version error: assets/scrips/audiomanager.cs in SourceAssetDB has modification time of '2025-09-25T06:51:22.0288933Z' while content on disk has modification time of '2025-09-25T06:51:35.5080598Z'
Number of updated asset objects reloaded before import = 0Number of asset objects unloaded after import = 0

========================================================================
Received Import Request.
  Time since last request: 0.000018 seconds.
  path: Assets/Scrips/AudioManager.cs
  artifactKey: Guid(f0ea02a54565c8a489b149e67e7ad055) Importer(815301076,1909f56bfc062723c751e8b465ee728b)
Start importing Assets/Scrips/AudioManager.cs using Guid(f0ea02a54565c8a489b149e67e7ad055) Importer(815301076,1909f56bfc062723c751e8b465ee728b) (PreviewImporter) -> (artifact id: '00000000000000000000000000000000') in 0.0005668 seconds
Import Error Code:(4)
Message: Build asset version error: assets/scrips/audiomanager.cs in SourceAssetDB has modification time of '2025-09-25T06:51:22.0288933Z' while content on disk has modification time of '2025-09-25T06:51:35.5080598Z'
  ERROR: Build asset version error: assets/scrips/audiomanager.cs in SourceAssetDB has modification time of '2025-09-25T06:51:22.0288933Z' while content on disk has modification time of '2025-09-25T06:51:35.5080598Z'
Number of updated asset objects reloaded before import = 0Number of asset objects unloaded after import = 0

========================================================================
Received Import Request.
  Time since last request: 0.002452 seconds.
  path: Assets/Scrips/AudioManager.cs
  artifactKey: Guid(f0ea02a54565c8a489b149e67e7ad055) Importer(815301076,1909f56bfc062723c751e8b465ee728b)
Start importing Assets/Scrips/AudioManager.cs using Guid(f0ea02a54565c8a489b149e67e7ad055) Importer(815301076,1909f56bfc062723c751e8b465ee728b) (PreviewImporter) -> (artifact id: '00000000000000000000000000000000') in 0.0005341 seconds
Import Error Code:(4)
Message: Build asset version error: assets/scrips/audiomanager.cs in SourceAssetDB has modification time of '2025-09-25T06:51:22.0288933Z' while content on disk has modification time of '2025-09-25T06:51:35.5080598Z'
  ERROR: Build asset version error: assets/scrips/audiomanager.cs in SourceAssetDB has modification time of '2025-09-25T06:51:22.0288933Z' while content on disk has modification time of '2025-09-25T06:51:35.5080598Z'
Number of updated asset objects reloaded before import = 0Number of asset objects unloaded after import = 0

========================================================================
Received Import Request.
  Time since last request: 0.000015 seconds.
  path: Assets/Scrips/AudioManager.cs
  artifactKey: Guid(f0ea02a54565c8a489b149e67e7ad055) Importer(815301076,1909f56bfc062723c751e8b465ee728b)
Start importing Assets/Scrips/AudioManager.cs using Guid(f0ea02a54565c8a489b149e67e7ad055) Importer(815301076,1909f56bfc062723c751e8b465ee728b) (PreviewImporter) -> (artifact id: '00000000000000000000000000000000') in 0.0005532 seconds
Import Error Code:(4)
Message: Build asset version error: assets/scrips/audiomanager.cs in SourceAssetDB has modification time of '2025-09-25T06:51:22.0288933Z' while content on disk has modification time of '2025-09-25T06:51:35.5080598Z'
  ERROR: Build asset version error: assets/scrips/audiomanager.cs in SourceAssetDB has modification time of '2025-09-25T06:51:22.0288933Z' while content on disk has modification time of '2025-09-25T06:51:35.5080598Z'
Number of updated asset objects reloaded before import = 0Number of asset objects unloaded after import = 0

========================================================================
Received Import Request.
  Time since last request: 0.000016 seconds.
  path: Assets/Scrips/AudioManager.cs
  artifactKey: Guid(f0ea02a54565c8a489b149e67e7ad055) Importer(815301076,1909f56bfc062723c751e8b465ee728b)
Start importing Assets/Scrips/AudioManager.cs using Guid(f0ea02a54565c8a489b149e67e7ad055) Importer(815301076,1909f56bfc062723c751e8b465ee728b) (PreviewImporter) -> (artifact id: '00000000000000000000000000000000') in 0.0005534 seconds
Import Error Code:(4)
Message: Build asset version error: assets/scrips/audiomanager.cs in SourceAssetDB has modification time of '2025-09-25T06:51:22.0288933Z' while content on disk has modification time of '2025-09-25T06:51:35.5080598Z'
  ERROR: Build asset version error: assets/scrips/audiomanager.cs in SourceAssetDB has modification time of '2025-09-25T06:51:22.0288933Z' while content on disk has modification time of '2025-09-25T06:51:35.5080598Z'
Number of updated asset objects reloaded before import = 0Number of asset objects unloaded after import = 0

========================================================================
Received Import Request.
  Time since last request: 0.000966 seconds.
  path: Assets/Scrips/AudioManager.cs
  artifactKey: Guid(f0ea02a54565c8a489b149e67e7ad055) Importer(815301076,1909f56bfc062723c751e8b465ee728b)
Start importing Assets/Scrips/AudioManager.cs using Guid(f0ea02a54565c8a489b149e67e7ad055) Importer(815301076,1909f56bfc062723c751e8b465ee728b) (PreviewImporter) -> (artifact id: '00000000000000000000000000000000') in 0.0006133 seconds
Import Error Code:(4)
Message: Build asset version error: assets/scrips/audiomanager.cs in SourceAssetDB has modification time of '2025-09-25T06:51:22.0288933Z' while content on disk has modification time of '2025-09-25T06:51:35.5080598Z'
  ERROR: Build asset version error: assets/scrips/audiomanager.cs in SourceAssetDB has modification time of '2025-09-25T06:51:22.0288933Z' while content on disk has modification time of '2025-09-25T06:51:35.5080598Z'
Number of updated asset objects reloaded before import = 0Number of asset objects unloaded after import = 0

========================================================================
Received Import Request.
  Time since last request: 0.000017 seconds.
  path: Assets/Scrips/AudioManager.cs
  artifactKey: Guid(f0ea02a54565c8a489b149e67e7ad055) Importer(815301076,1909f56bfc062723c751e8b465ee728b)
Start importing Assets/Scrips/AudioManager.cs using Guid(f0ea02a54565c8a489b149e67e7ad055) Importer(815301076,1909f56bfc062723c751e8b465ee728b) (PreviewImporter) -> (artifact id: '00000000000000000000000000000000') in 0.0005647 seconds
Import Error Code:(4)
Message: Build asset version error: assets/scrips/audiomanager.cs in SourceAssetDB has modification time of '2025-09-25T06:51:22.0288933Z' while content on disk has modification time of '2025-09-25T06:51:35.5080598Z'
  ERROR: Build asset version error: assets/scrips/audiomanager.cs in SourceAssetDB has modification time of '2025-09-25T06:51:22.0288933Z' while content on disk has modification time of '2025-09-25T06:51:35.5080598Z'
Number of updated asset objects reloaded before import = 0Number of asset objects unloaded after import = 0

========================================================================
Received Import Request.
  Time since last request: 0.000017 seconds.
  path: Assets/Scrips/AudioManager.cs
  artifactKey: Guid(f0ea02a54565c8a489b149e67e7ad055) Importer(815301076,1909f56bfc062723c751e8b465ee728b)
Start importing Assets/Scrips/AudioManager.cs using Guid(f0ea02a54565c8a489b149e67e7ad055) Importer(815301076,1909f56bfc062723c751e8b465ee728b) (PreviewImporter) -> (artifact id: '00000000000000000000000000000000') in 0.0005515 seconds
Import Error Code:(4)
Message: Build asset version error: assets/scrips/audiomanager.cs in SourceAssetDB has modification time of '2025-09-25T06:51:22.0288933Z' while content on disk has modification time of '2025-09-25T06:51:35.5080598Z'
  ERROR: Build asset version error: assets/scrips/audiomanager.cs in SourceAssetDB has modification time of '2025-09-25T06:51:22.0288933Z' while content on disk has modification time of '2025-09-25T06:51:35.5080598Z'
Number of updated asset objects reloaded before import = 0Number of asset objects unloaded after import = 0

========================================================================
Received Import Request.
  Time since last request: 0.000018 seconds.
  path: Assets/Scrips/AudioManager.cs
  artifactKey: Guid(f0ea02a54565c8a489b149e67e7ad055) Importer(815301076,1909f56bfc062723c751e8b465ee728b)
Start importing Assets/Scrips/AudioManager.cs using Guid(f0ea02a54565c8a489b149e67e7ad055) Importer(815301076,1909f56bfc062723c751e8b465ee728b) (PreviewImporter) -> (artifact id: '00000000000000000000000000000000') in 0.0005773 seconds
Import Error Code:(4)
Message: Build asset version error: assets/scrips/audiomanager.cs in SourceAssetDB has modification time of '2025-09-25T06:51:22.0288933Z' while content on disk has modification time of '2025-09-25T06:51:35.5080598Z'
  ERROR: Build asset version error: assets/scrips/audiomanager.cs in SourceAssetDB has modification time of '2025-09-25T06:51:22.0288933Z' while content on disk has modification time of '2025-09-25T06:51:35.5080598Z'
Number of updated asset objects reloaded before import = 0Number of asset objects unloaded after import = 0

========================================================================
Received Import Request.
  Time since last request: 0.000022 seconds.
  path: Assets/Scrips/AudioManager.cs
  artifactKey: Guid(f0ea02a54565c8a489b149e67e7ad055) Importer(815301076,1909f56bfc062723c751e8b465ee728b)
Start importing Assets/Scrips/AudioManager.cs using Guid(f0ea02a54565c8a489b149e67e7ad055) Importer(815301076,1909f56bfc062723c751e8b465ee728b) (PreviewImporter) -> (artifact id: '00000000000000000000000000000000') in 0.0006376 seconds
Import Error Code:(4)
Message: Build asset version error: assets/scrips/audiomanager.cs in SourceAssetDB has modification time of '2025-09-25T06:51:22.0288933Z' while content on disk has modification time of '2025-09-25T06:51:35.5080598Z'
  ERROR: Build asset version error: assets/scrips/audiomanager.cs in SourceAssetDB has modification time of '2025-09-25T06:51:22.0288933Z' while content on disk has modification time of '2025-09-25T06:51:35.5080598Z'
Number of updated asset objects reloaded before import = 0Number of asset objects unloaded after import = 0

========================================================================
Received Import Request.
  Time since last request: 0.000020 seconds.
  path: Assets/Scrips/AudioManager.cs
  artifactKey: Guid(f0ea02a54565c8a489b149e67e7ad055) Importer(815301076,1909f56bfc062723c751e8b465ee728b)
Start importing Assets/Scrips/AudioManager.cs using Guid(f0ea02a54565c8a489b149e67e7ad055) Importer(815301076,1909f56bfc062723c751e8b465ee728b) (PreviewImporter) -> (artifact id: '00000000000000000000000000000000') in 0.000562 seconds
Import Error Code:(4)
Message: Build asset version error: assets/scrips/audiomanager.cs in SourceAssetDB has modification time of '2025-09-25T06:51:22.0288933Z' while content on disk has modification time of '2025-09-25T06:51:35.5080598Z'
  ERROR: Build asset version error: assets/scrips/audiomanager.cs in SourceAssetDB has modification time of '2025-09-25T06:51:22.0288933Z' while content on disk has modification time of '2025-09-25T06:51:35.5080598Z'
Number of updated asset objects reloaded before import = 0Number of asset objects unloaded after import = 0

========================================================================
Received Import Request.
  Time since last request: 0.000024 seconds.
  path: Assets/Scrips/AudioManager.cs
  artifactKey: Guid(f0ea02a54565c8a489b149e67e7ad055) Importer(815301076,1909f56bfc062723c751e8b465ee728b)
Start importing Assets/Scrips/AudioManager.cs using Guid(f0ea02a54565c8a489b149e67e7ad055) Importer(815301076,1909f56bfc062723c751e8b465ee728b) (PreviewImporter) -> (artifact id: '00000000000000000000000000000000') in 0.0005831 seconds
Import Error Code:(4)
Message: Build asset version error: assets/scrips/audiomanager.cs in SourceAssetDB has modification time of '2025-09-25T06:51:22.0288933Z' while content on disk has modification time of '2025-09-25T06:51:35.5080598Z'
  ERROR: Build asset version error: assets/scrips/audiomanager.cs in SourceAssetDB has modification time of '2025-09-25T06:51:22.0288933Z' while content on disk has modification time of '2025-09-25T06:51:35.5080598Z'
Number of updated asset objects reloaded before import = 0Number of asset objects unloaded after import = 0

========================================================================
Received Import Request.
  Time since last request: 0.000025 seconds.
  path: Assets/Scrips/AudioManager.cs
  artifactKey: Guid(f0ea02a54565c8a489b149e67e7ad055) Importer(815301076,1909f56bfc062723c751e8b465ee728b)
Start importing Assets/Scrips/AudioManager.cs using Guid(f0ea02a54565c8a489b149e67e7ad055) Importer(815301076,1909f56bfc062723c751e8b465ee728b) (PreviewImporter) -> (artifact id: '00000000000000000000000000000000') in 0.0007598 seconds
Import Error Code:(4)
Message: Build asset version error: assets/scrips/audiomanager.cs in SourceAssetDB has modification time of '2025-09-25T06:51:22.0288933Z' while content on disk has modification time of '2025-09-25T06:51:35.5080598Z'
  ERROR: Build asset version error: assets/scrips/audiomanager.cs in SourceAssetDB has modification time of '2025-09-25T06:51:22.0288933Z' while content on disk has modification time of '2025-09-25T06:51:35.5080598Z'
Number of updated asset objects reloaded before import = 0Number of asset objects unloaded after import = 0

========================================================================
Received Import Request.
  Time since last request: 0.000018 seconds.
  path: Assets/Scrips/AudioManager.cs
  artifactKey: Guid(f0ea02a54565c8a489b149e67e7ad055) Importer(815301076,1909f56bfc062723c751e8b465ee728b)
Start importing Assets/Scrips/AudioManager.cs using Guid(f0ea02a54565c8a489b149e67e7ad055) Importer(815301076,1909f56bfc062723c751e8b465ee728b) (PreviewImporter) -> (artifact id: '00000000000000000000000000000000') in 0.0007091 seconds
Import Error Code:(4)
Message: Build asset version error: assets/scrips/audiomanager.cs in SourceAssetDB has modification time of '2025-09-25T06:51:22.0288933Z' while content on disk has modification time of '2025-09-25T06:51:35.5080598Z'
  ERROR: Build asset version error: assets/scrips/audiomanager.cs in SourceAssetDB has modification time of '2025-09-25T06:51:22.0288933Z' while content on disk has modification time of '2025-09-25T06:51:35.5080598Z'
Number of updated asset objects reloaded before import = 0Number of asset objects unloaded after import = 0

========================================================================
Received Import Request.
  Time since last request: 0.000024 seconds.
  path: Assets/Scrips/AudioManager.cs
  artifactKey: Guid(f0ea02a54565c8a489b149e67e7ad055) Importer(815301076,1909f56bfc062723c751e8b465ee728b)
Start importing Assets/Scrips/AudioManager.cs using Guid(f0ea02a54565c8a489b149e67e7ad055) Importer(815301076,1909f56bfc062723c751e8b465ee728b) (PreviewImporter) -> (artifact id: '00000000000000000000000000000000') in 0.0008953 seconds
Import Error Code:(4)
Message: Build asset version error: assets/scrips/audiomanager.cs in SourceAssetDB has modification time of '2025-09-25T06:51:22.0288933Z' while content on disk has modification time of '2025-09-25T06:51:35.5080598Z'
  ERROR: Build asset version error: assets/scrips/audiomanager.cs in SourceAssetDB has modification time of '2025-09-25T06:51:22.0288933Z' while content on disk has modification time of '2025-09-25T06:51:35.5080598Z'
Number of updated asset objects reloaded before import = 0Number of asset objects unloaded after import = 0

========================================================================
Received Import Request.
  Time since last request: 0.001819 seconds.
  path: Assets/Scrips/AudioManager.cs
  artifactKey: Guid(f0ea02a54565c8a489b149e67e7ad055) Importer(815301076,1909f56bfc062723c751e8b465ee728b)
Start importing Assets/Scrips/AudioManager.cs using Guid(f0ea02a54565c8a489b149e67e7ad055) Importer(815301076,1909f56bfc062723c751e8b465ee728b) (PreviewImporter) -> (artifact id: '00000000000000000000000000000000') in 0.0008003 seconds
Import Error Code:(4)
Message: Build asset version error: assets/scrips/audiomanager.cs in SourceAssetDB has modification time of '2025-09-25T06:51:22.0288933Z' while content on disk has modification time of '2025-09-25T06:51:35.5080598Z'
  ERROR: Build asset version error: assets/scrips/audiomanager.cs in SourceAssetDB has modification time of '2025-09-25T06:51:22.0288933Z' while content on disk has modification time of '2025-09-25T06:51:35.5080598Z'
Number of updated asset objects reloaded before import = 0Number of asset objects unloaded after import = 0

========================================================================
Received Import Request.
  Time since last request: 0.000017 seconds.
  path: Assets/Scrips/AudioManager.cs
  artifactKey: Guid(f0ea02a54565c8a489b149e67e7ad055) Importer(815301076,1909f56bfc062723c751e8b465ee728b)
Start importing Assets/Scrips/AudioManager.cs using Guid(f0ea02a54565c8a489b149e67e7ad055) Importer(815301076,1909f56bfc062723c751e8b465ee728b) (PreviewImporter) -> (artifact id: '00000000000000000000000000000000') in 0.0006423 seconds
Import Error Code:(4)
Message: Build asset version error: assets/scrips/audiomanager.cs in SourceAssetDB has modification time of '2025-09-25T06:51:22.0288933Z' while content on disk has modification time of '2025-09-25T06:51:35.5080598Z'
  ERROR: Build asset version error: assets/scrips/audiomanager.cs in SourceAssetDB has modification time of '2025-09-25T06:51:22.0288933Z' while content on disk has modification time of '2025-09-25T06:51:35.5080598Z'
Number of updated asset objects reloaded before import = 0Number of asset objects unloaded after import = 0

========================================================================
Received Import Request.
  Time since last request: 0.001504 seconds.
  path: Assets/Scrips/AudioManager.cs
  artifactKey: Guid(f0ea02a54565c8a489b149e67e7ad055) Importer(815301076,1909f56bfc062723c751e8b465ee728b)
Start importing Assets/Scrips/AudioManager.cs using Guid(f0ea02a54565c8a489b149e67e7ad055) Importer(815301076,1909f56bfc062723c751e8b465ee728b) (PreviewImporter) -> (artifact id: '00000000000000000000000000000000') in 0.0006856 seconds
Import Error Code:(4)
Message: Build asset version error: assets/scrips/audiomanager.cs in SourceAssetDB has modification time of '2025-09-25T06:51:22.0288933Z' while content on disk has modification time of '2025-09-25T06:51:35.5080598Z'
  ERROR: Build asset version error: assets/scrips/audiomanager.cs in SourceAssetDB has modification time of '2025-09-25T06:51:22.0288933Z' while content on disk has modification time of '2025-09-25T06:51:35.5080598Z'
Number of updated asset objects reloaded before import = 0Number of asset objects unloaded after import = 0

========================================================================
Received Import Request.
  Time since last request: 0.002451 seconds.
  path: Assets/Scrips/AudioManager.cs
  artifactKey: Guid(f0ea02a54565c8a489b149e67e7ad055) Importer(815301076,1909f56bfc062723c751e8b465ee728b)
Start importing Assets/Scrips/AudioManager.cs using Guid(f0ea02a54565c8a489b149e67e7ad055) Importer(815301076,1909f56bfc062723c751e8b465ee728b) (PreviewImporter) -> (artifact id: '00000000000000000000000000000000') in 0.00057 seconds
Import Error Code:(4)
Message: Build asset version error: assets/scrips/audiomanager.cs in SourceAssetDB has modification time of '2025-09-25T06:51:22.0288933Z' while content on disk has modification time of '2025-09-25T06:51:35.5080598Z'
  ERROR: Build asset version error: assets/scrips/audiomanager.cs in SourceAssetDB has modification time of '2025-09-25T06:51:22.0288933Z' while content on disk has modification time of '2025-09-25T06:51:35.5080598Z'
Number of updated asset objects reloaded before import = 0Number of asset objects unloaded after import = 0

========================================================================
Received Import Request.
  Time since last request: 0.002737 seconds.
  path: Assets/Scrips/AudioManager.cs
  artifactKey: Guid(f0ea02a54565c8a489b149e67e7ad055) Importer(815301076,1909f56bfc062723c751e8b465ee728b)
Start importing Assets/Scrips/AudioManager.cs using Guid(f0ea02a54565c8a489b149e67e7ad055) Importer(815301076,1909f56bfc062723c751e8b465ee728b) (PreviewImporter) -> (artifact id: '00000000000000000000000000000000') in 0.0006064 seconds
Import Error Code:(4)
Message: Build asset version error: assets/scrips/audiomanager.cs in SourceAssetDB has modification time of '2025-09-25T06:51:22.0288933Z' while content on disk has modification time of '2025-09-25T06:51:35.5080598Z'
  ERROR: Build asset version error: assets/scrips/audiomanager.cs in SourceAssetDB has modification time of '2025-09-25T06:51:22.0288933Z' while content on disk has modification time of '2025-09-25T06:51:35.5080598Z'
Number of updated asset objects reloaded before import = 0Number of asset objects unloaded after import = 0

========================================================================
Received Import Request.
  Time since last request: 0.000023 seconds.
  path: Assets/Scrips/AudioManager.cs
  artifactKey: Guid(f0ea02a54565c8a489b149e67e7ad055) Importer(815301076,1909f56bfc062723c751e8b465ee728b)
Start importing Assets/Scrips/AudioManager.cs using Guid(f0ea02a54565c8a489b149e67e7ad055) Importer(815301076,1909f56bfc062723c751e8b465ee728b) (PreviewImporter) -> (artifact id: '00000000000000000000000000000000') in 0.000608 seconds
Import Error Code:(4)
Message: Build asset version error: assets/scrips/audiomanager.cs in SourceAssetDB has modification time of '2025-09-25T06:51:22.0288933Z' while content on disk has modification time of '2025-09-25T06:51:35.5080598Z'
  ERROR: Build asset version error: assets/scrips/audiomanager.cs in SourceAssetDB has modification time of '2025-09-25T06:51:22.0288933Z' while content on disk has modification time of '2025-09-25T06:51:35.5080598Z'
Number of updated asset objects reloaded before import = 0Number of asset objects unloaded after import = 0

========================================================================
Received Import Request.
  Time since last request: 0.000018 seconds.
  path: Assets/Scrips/AudioManager.cs
  artifactKey: Guid(f0ea02a54565c8a489b149e67e7ad055) Importer(815301076,1909f56bfc062723c751e8b465ee728b)
Start importing Assets/Scrips/AudioManager.cs using Guid(f0ea02a54565c8a489b149e67e7ad055) Importer(815301076,1909f56bfc062723c751e8b465ee728b) (PreviewImporter) -> (artifact id: '00000000000000000000000000000000') in 0.0006281 seconds
Import Error Code:(4)
Message: Build asset version error: assets/scrips/audiomanager.cs in SourceAssetDB has modification time of '2025-09-25T06:51:22.0288933Z' while content on disk has modification time of '2025-09-25T06:51:35.5080598Z'
  ERROR: Build asset version error: assets/scrips/audiomanager.cs in SourceAssetDB has modification time of '2025-09-25T06:51:22.0288933Z' while content on disk has modification time of '2025-09-25T06:51:35.5080598Z'
Number of updated asset objects reloaded before import = 0Number of asset objects unloaded after import = 0

========================================================================
Received Import Request.
  Time since last request: 0.000018 seconds.
  path: Assets/Scrips/AudioManager.cs
  artifactKey: Guid(f0ea02a54565c8a489b149e67e7ad055) Importer(815301076,1909f56bfc062723c751e8b465ee728b)
Start importing Assets/Scrips/AudioManager.cs using Guid(f0ea02a54565c8a489b149e67e7ad055) Importer(815301076,1909f56bfc062723c751e8b465ee728b) (PreviewImporter) -> (artifact id: '00000000000000000000000000000000') in 0.0008045 seconds
Import Error Code:(4)
Message: Build asset version error: assets/scrips/audiomanager.cs in SourceAssetDB has modification time of '2025-09-25T06:51:22.0288933Z' while content on disk has modification time of '2025-09-25T06:51:35.5080598Z'
  ERROR: Build asset version error: assets/scrips/audiomanager.cs in SourceAssetDB has modification time of '2025-09-25T06:51:22.0288933Z' while content on disk has modification time of '2025-09-25T06:51:35.5080598Z'
Number of updated asset objects reloaded before import = 0Number of asset objects unloaded after import = 0

========================================================================
Received Import Request.
  Time since last request: 0.000026 seconds.
  path: Assets/Scrips/AudioManager.cs
  artifactKey: Guid(f0ea02a54565c8a489b149e67e7ad055) Importer(815301076,1909f56bfc062723c751e8b465ee728b)
Start importing Assets/Scrips/AudioManager.cs using Guid(f0ea02a54565c8a489b149e67e7ad055) Importer(815301076,1909f56bfc062723c751e8b465ee728b) (PreviewImporter) -> (artifact id: '00000000000000000000000000000000') in 0.0007736 seconds
Import Error Code:(4)
Message: Build asset version error: assets/scrips/audiomanager.cs in SourceAssetDB has modification time of '2025-09-25T06:51:22.0288933Z' while content on disk has modification time of '2025-09-25T06:51:35.5080598Z'
  ERROR: Build asset version error: assets/scrips/audiomanager.cs in SourceAssetDB has modification time of '2025-09-25T06:51:22.0288933Z' while content on disk has modification time of '2025-09-25T06:51:35.5080598Z'
Number of updated asset objects reloaded before import = 0Number of asset objects unloaded after import = 0

========================================================================
Received Import Request.
  Time since last request: 0.000035 seconds.
  path: Assets/Scrips/AudioManager.cs
  artifactKey: Guid(f0ea02a54565c8a489b149e67e7ad055) Importer(815301076,1909f56bfc062723c751e8b465ee728b)
Start importing Assets/Scrips/AudioManager.cs using Guid(f0ea02a54565c8a489b149e67e7ad055) Importer(815301076,1909f56bfc062723c751e8b465ee728b) (PreviewImporter) -> (artifact id: '00000000000000000000000000000000') in 0.0006258 seconds
Import Error Code:(4)
Message: Build asset version error: assets/scrips/audiomanager.cs in SourceAssetDB has modification time of '2025-09-25T06:51:22.0288933Z' while content on disk has modification time of '2025-09-25T06:51:35.5080598Z'
  ERROR: Build asset version error: assets/scrips/audiomanager.cs in SourceAssetDB has modification time of '2025-09-25T06:51:22.0288933Z' while content on disk has modification time of '2025-09-25T06:51:35.5080598Z'
Number of updated asset objects reloaded before import = 0Number of asset objects unloaded after import = 0

========================================================================
Received Import Request.
  Time since last request: 0.000018 seconds.
  path: Assets/Scrips/AudioManager.cs
  artifactKey: Guid(f0ea02a54565c8a489b149e67e7ad055) Importer(815301076,1909f56bfc062723c751e8b465ee728b)
Start importing Assets/Scrips/AudioManager.cs using Guid(f0ea02a54565c8a489b149e67e7ad055) Importer(815301076,1909f56bfc062723c751e8b465ee728b) (PreviewImporter) -> (artifact id: '00000000000000000000000000000000') in 0.0008503 seconds
Import Error Code:(4)
Message: Build asset version error: assets/scrips/audiomanager.cs in SourceAssetDB has modification time of '2025-09-25T06:51:22.0288933Z' while content on disk has modification time of '2025-09-25T06:51:35.5080598Z'
  ERROR: Build asset version error: assets/scrips/audiomanager.cs in SourceAssetDB has modification time of '2025-09-25T06:51:22.0288933Z' while content on disk has modification time of '2025-09-25T06:51:35.5080598Z'
Number of updated asset objects reloaded before import = 0Number of asset objects unloaded after import = 0

========================================================================
Received Import Request.
  Time since last request: 0.000019 seconds.
  path: Assets/Scrips/AudioManager.cs
  artifactKey: Guid(f0ea02a54565c8a489b149e67e7ad055) Importer(815301076,1909f56bfc062723c751e8b465ee728b)
Start importing Assets/Scrips/AudioManager.cs using Guid(f0ea02a54565c8a489b149e67e7ad055) Importer(815301076,1909f56bfc062723c751e8b465ee728b) (PreviewImporter) -> (artifact id: '00000000000000000000000000000000') in 0.0018914 seconds
Import Error Code:(4)
Message: Build asset version error: assets/scrips/audiomanager.cs in SourceAssetDB has modification time of '2025-09-25T06:51:22.0288933Z' while content on disk has modification time of '2025-09-25T06:51:35.5080598Z'
  ERROR: Build asset version error: assets/scrips/audiomanager.cs in SourceAssetDB has modification time of '2025-09-25T06:51:22.0288933Z' while content on disk has modification time of '2025-09-25T06:51:35.5080598Z'
Number of updated asset objects reloaded before import = 0Number of asset objects unloaded after import = 0

========================================================================
Received Import Request.
  Time since last request: 0.000018 seconds.
  path: Assets/Scrips/AudioManager.cs
  artifactKey: Guid(f0ea02a54565c8a489b149e67e7ad055) Importer(815301076,1909f56bfc062723c751e8b465ee728b)
Start importing Assets/Scrips/AudioManager.cs using Guid(f0ea02a54565c8a489b149e67e7ad055) Importer(815301076,1909f56bfc062723c751e8b465ee728b) (PreviewImporter) -> (artifact id: '00000000000000000000000000000000') in 0.0006711 seconds
Import Error Code:(4)
Message: Build asset version error: assets/scrips/audiomanager.cs in SourceAssetDB has modification time of '2025-09-25T06:51:22.0288933Z' while content on disk has modification time of '2025-09-25T06:51:35.5080598Z'
  ERROR: Build asset version error: assets/scrips/audiomanager.cs in SourceAssetDB has modification time of '2025-09-25T06:51:22.0288933Z' while content on disk has modification time of '2025-09-25T06:51:35.5080598Z'
Number of updated asset objects reloaded before import = 0Number of asset objects unloaded after import = 0

========================================================================
Received Import Request.
  Time since last request: 0.000021 seconds.
  path: Assets/Scrips/AudioManager.cs
  artifactKey: Guid(f0ea02a54565c8a489b149e67e7ad055) Importer(815301076,1909f56bfc062723c751e8b465ee728b)
Start importing Assets/Scrips/AudioManager.cs using Guid(f0ea02a54565c8a489b149e67e7ad055) Importer(815301076,1909f56bfc062723c751e8b465ee728b) (PreviewImporter) -> (artifact id: '00000000000000000000000000000000') in 0.0006902 seconds
Import Error Code:(4)
Message: Build asset version error: assets/scrips/audiomanager.cs in SourceAssetDB has modification time of '2025-09-25T06:51:22.0288933Z' while content on disk has modification time of '2025-09-25T06:51:35.5080598Z'
  ERROR: Build asset version error: assets/scrips/audiomanager.cs in SourceAssetDB has modification time of '2025-09-25T06:51:22.0288933Z' while content on disk has modification time of '2025-09-25T06:51:35.5080598Z'
Number of updated asset objects reloaded before import = 0Number of asset objects unloaded after import = 0

========================================================================
Received Import Request.
  Time since last request: 0.000021 seconds.
  path: Assets/Scrips/AudioManager.cs
  artifactKey: Guid(f0ea02a54565c8a489b149e67e7ad055) Importer(815301076,1909f56bfc062723c751e8b465ee728b)
Start importing Assets/Scrips/AudioManager.cs using Guid(f0ea02a54565c8a489b149e67e7ad055) Importer(815301076,1909f56bfc062723c751e8b465ee728b) (PreviewImporter) -> (artifact id: '00000000000000000000000000000000') in 0.0005511 seconds
Import Error Code:(4)
Message: Build asset version error: assets/scrips/audiomanager.cs in SourceAssetDB has modification time of '2025-09-25T06:51:22.0288933Z' while content on disk has modification time of '2025-09-25T06:51:35.5080598Z'
  ERROR: Build asset version error: assets/scrips/audiomanager.cs in SourceAssetDB has modification time of '2025-09-25T06:51:22.0288933Z' while content on disk has modification time of '2025-09-25T06:51:35.5080598Z'
Number of updated asset objects reloaded before import = 0Number of asset objects unloaded after import = 0

========================================================================
Received Import Request.
  Time since last request: 0.000018 seconds.
  path: Assets/Scrips/AudioManager.cs
  artifactKey: Guid(f0ea02a54565c8a489b149e67e7ad055) Importer(815301076,1909f56bfc062723c751e8b465ee728b)
Start importing Assets/Scrips/AudioManager.cs using Guid(f0ea02a54565c8a489b149e67e7ad055) Importer(815301076,1909f56bfc062723c751e8b465ee728b) (PreviewImporter) -> (artifact id: '00000000000000000000000000000000') in 0.0007182 seconds
Import Error Code:(4)
Message: Build asset version error: assets/scrips/audiomanager.cs in SourceAssetDB has modification time of '2025-09-25T06:51:22.0288933Z' while content on disk has modification time of '2025-09-25T06:51:35.5080598Z'
  ERROR: Build asset version error: assets/scrips/audiomanager.cs in SourceAssetDB has modification time of '2025-09-25T06:51:22.0288933Z' while content on disk has modification time of '2025-09-25T06:51:35.5080598Z'
Number of updated asset objects reloaded before import = 0Number of asset objects unloaded after import = 0

========================================================================
Received Import Request.
  Time since last request: 0.002750 seconds.
  path: Assets/Scrips/AudioManager.cs
  artifactKey: Guid(f0ea02a54565c8a489b149e67e7ad055) Importer(815301076,1909f56bfc062723c751e8b465ee728b)
Start importing Assets/Scrips/AudioManager.cs using Guid(f0ea02a54565c8a489b149e67e7ad055) Importer(815301076,1909f56bfc062723c751e8b465ee728b) (PreviewImporter) -> (artifact id: '00000000000000000000000000000000') in 0.0005684 seconds
Import Error Code:(4)
Message: Build asset version error: assets/scrips/audiomanager.cs in SourceAssetDB has modification time of '2025-09-25T06:51:22.0288933Z' while content on disk has modification time of '2025-09-25T06:51:35.5080598Z'
  ERROR: Build asset version error: assets/scrips/audiomanager.cs in SourceAssetDB has modification time of '2025-09-25T06:51:22.0288933Z' while content on disk has modification time of '2025-09-25T06:51:35.5080598Z'
Number of updated asset objects reloaded before import = 0Number of asset objects unloaded after import = 0

========================================================================
Received Import Request.
  Time since last request: 0.000018 seconds.
  path: Assets/Scrips/AudioManager.cs
  artifactKey: Guid(f0ea02a54565c8a489b149e67e7ad055) Importer(815301076,1909f56bfc062723c751e8b465ee728b)
Start importing Assets/Scrips/AudioManager.cs using Guid(f0ea02a54565c8a489b149e67e7ad055) Importer(815301076,1909f56bfc062723c751e8b465ee728b) (PreviewImporter) -> (artifact id: '00000000000000000000000000000000') in 0.0007539 seconds
Import Error Code:(4)
Message: Build asset version error: assets/scrips/audiomanager.cs in SourceAssetDB has modification time of '2025-09-25T06:51:22.0288933Z' while content on disk has modification time of '2025-09-25T06:51:35.5080598Z'
  ERROR: Build asset version error: assets/scrips/audiomanager.cs in SourceAssetDB has modification time of '2025-09-25T06:51:22.0288933Z' while content on disk has modification time of '2025-09-25T06:51:35.5080598Z'
Number of updated asset objects reloaded before import = 0Number of asset objects unloaded after import = 0

========================================================================
Received Import Request.
  Time since last request: 0.000016 seconds.
  path: Assets/Scrips/AudioManager.cs
  artifactKey: Guid(f0ea02a54565c8a489b149e67e7ad055) Importer(815301076,1909f56bfc062723c751e8b465ee728b)
Start importing Assets/Scrips/AudioManager.cs using Guid(f0ea02a54565c8a489b149e67e7ad055) Importer(815301076,1909f56bfc062723c751e8b465ee728b) (PreviewImporter) -> (artifact id: '00000000000000000000000000000000') in 0.0007902 seconds
Import Error Code:(4)
Message: Build asset version error: assets/scrips/audiomanager.cs in SourceAssetDB has modification time of '2025-09-25T06:51:22.0288933Z' while content on disk has modification time of '2025-09-25T06:51:35.5080598Z'
  ERROR: Build asset version error: assets/scrips/audiomanager.cs in SourceAssetDB has modification time of '2025-09-25T06:51:22.0288933Z' while content on disk has modification time of '2025-09-25T06:51:35.5080598Z'
Number of updated asset objects reloaded before import = 0Number of asset objects unloaded after import = 0

========================================================================
Received Import Request.
  Time since last request: 0.000026 seconds.
  path: Assets/Scrips/AudioManager.cs
  artifactKey: Guid(f0ea02a54565c8a489b149e67e7ad055) Importer(815301076,1909f56bfc062723c751e8b465ee728b)
Start importing Assets/Scrips/AudioManager.cs using Guid(f0ea02a54565c8a489b149e67e7ad055) Importer(815301076,1909f56bfc062723c751e8b465ee728b) (PreviewImporter) -> (artifact id: '00000000000000000000000000000000') in 0.0006102 seconds
Import Error Code:(4)
Message: Build asset version error: assets/scrips/audiomanager.cs in SourceAssetDB has modification time of '2025-09-25T06:51:22.0288933Z' while content on disk has modification time of '2025-09-25T06:51:35.5080598Z'
  ERROR: Build asset version error: assets/scrips/audiomanager.cs in SourceAssetDB has modification time of '2025-09-25T06:51:22.0288933Z' while content on disk has modification time of '2025-09-25T06:51:35.5080598Z'
Number of updated asset objects reloaded before import = 0Number of asset objects unloaded after import = 0

========================================================================
Received Import Request.
  Time since last request: 0.000019 seconds.
  path: Assets/Scrips/AudioManager.cs
  artifactKey: Guid(f0ea02a54565c8a489b149e67e7ad055) Importer(815301076,1909f56bfc062723c751e8b465ee728b)
Start importing Assets/Scrips/AudioManager.cs using Guid(f0ea02a54565c8a489b149e67e7ad055) Importer(815301076,1909f56bfc062723c751e8b465ee728b) (PreviewImporter) -> (artifact id: '00000000000000000000000000000000') in 0.0006924 seconds
Import Error Code:(4)
Message: Build asset version error: assets/scrips/audiomanager.cs in SourceAssetDB has modification time of '2025-09-25T06:51:22.0288933Z' while content on disk has modification time of '2025-09-25T06:51:35.5080598Z'
  ERROR: Build asset version error: assets/scrips/audiomanager.cs in SourceAssetDB has modification time of '2025-09-25T06:51:22.0288933Z' while content on disk has modification time of '2025-09-25T06:51:35.5080598Z'
Number of updated asset objects reloaded before import = 0Number of asset objects unloaded after import = 0

========================================================================
Received Import Request.
  Time since last request: 0.000019 seconds.
  path: Assets/Scrips/AudioManager.cs
  artifactKey: Guid(f0ea02a54565c8a489b149e67e7ad055) Importer(815301076,1909f56bfc062723c751e8b465ee728b)
Start importing Assets/Scrips/AudioManager.cs using Guid(f0ea02a54565c8a489b149e67e7ad055) Importer(815301076,1909f56bfc062723c751e8b465ee728b) (PreviewImporter) -> (artifact id: '00000000000000000000000000000000') in 0.0006246 seconds
Import Error Code:(4)
Message: Build asset version error: assets/scrips/audiomanager.cs in SourceAssetDB has modification time of '2025-09-25T06:51:22.0288933Z' while content on disk has modification time of '2025-09-25T06:51:35.5080598Z'
  ERROR: Build asset version error: assets/scrips/audiomanager.cs in SourceAssetDB has modification time of '2025-09-25T06:51:22.0288933Z' while content on disk has modification time of '2025-09-25T06:51:35.5080598Z'
Number of updated asset objects reloaded before import = 0Number of asset objects unloaded after import = 0

========================================================================
Received Import Request.
  Time since last request: 0.005692 seconds.
  path: Assets/Scrips/AudioManager.cs
  artifactKey: Guid(f0ea02a54565c8a489b149e67e7ad055) Importer(815301076,1909f56bfc062723c751e8b465ee728b)
Start importing Assets/Scrips/AudioManager.cs using Guid(f0ea02a54565c8a489b149e67e7ad055) Importer(815301076,1909f56bfc062723c751e8b465ee728b) (PreviewImporter) -> (artifact id: '00000000000000000000000000000000') in 0.000732 seconds
Import Error Code:(4)
Message: Build asset version error: assets/scrips/audiomanager.cs in SourceAssetDB has modification time of '2025-09-25T06:51:22.0288933Z' while content on disk has modification time of '2025-09-25T06:51:35.5080598Z'
  ERROR: Build asset version error: assets/scrips/audiomanager.cs in SourceAssetDB has modification time of '2025-09-25T06:51:22.0288933Z' while content on disk has modification time of '2025-09-25T06:51:35.5080598Z'
Number of updated asset objects reloaded before import = 0Number of asset objects unloaded after import = 0

========================================================================
Received Import Request.
  Time since last request: 0.005593 seconds.
  path: Assets/Scrips/AudioManager.cs
  artifactKey: Guid(f0ea02a54565c8a489b149e67e7ad055) Importer(815301076,1909f56bfc062723c751e8b465ee728b)
Start importing Assets/Scrips/AudioManager.cs using Guid(f0ea02a54565c8a489b149e67e7ad055) Importer(815301076,1909f56bfc062723c751e8b465ee728b) (PreviewImporter) -> (artifact id: '00000000000000000000000000000000') in 0.0008591 seconds
Import Error Code:(4)
Message: Build asset version error: assets/scrips/audiomanager.cs in SourceAssetDB has modification time of '2025-09-25T06:51:22.0288933Z' while content on disk has modification time of '2025-09-25T06:51:35.5080598Z'
  ERROR: Build asset version error: assets/scrips/audiomanager.cs in SourceAssetDB has modification time of '2025-09-25T06:51:22.0288933Z' while content on disk has modification time of '2025-09-25T06:51:35.5080598Z'
Number of updated asset objects reloaded before import = 0Number of asset objects unloaded after import = 0

========================================================================
Received Import Request.
  Time since last request: 0.008072 seconds.
  path: Assets/Scrips/AudioManager.cs
  artifactKey: Guid(f0ea02a54565c8a489b149e67e7ad055) Importer(815301076,1909f56bfc062723c751e8b465ee728b)
Start importing Assets/Scrips/AudioManager.cs using Guid(f0ea02a54565c8a489b149e67e7ad055) Importer(815301076,1909f56bfc062723c751e8b465ee728b) (PreviewImporter) -> (artifact id: '00000000000000000000000000000000') in 0.0007897 seconds
Import Error Code:(4)
Message: Build asset version error: assets/scrips/audiomanager.cs in SourceAssetDB has modification time of '2025-09-25T06:51:22.0288933Z' while content on disk has modification time of '2025-09-25T06:51:35.5080598Z'
  ERROR: Build asset version error: assets/scrips/audiomanager.cs in SourceAssetDB has modification time of '2025-09-25T06:51:22.0288933Z' while content on disk has modification time of '2025-09-25T06:51:35.5080598Z'
Number of updated asset objects reloaded before import = 0Number of asset objects unloaded after import = 0

========================================================================
Received Import Request.
  Time since last request: 0.001329 seconds.
  path: Assets/Scrips/AudioManager.cs
  artifactKey: Guid(f0ea02a54565c8a489b149e67e7ad055) Importer(815301076,1909f56bfc062723c751e8b465ee728b)
Start importing Assets/Scrips/AudioManager.cs using Guid(f0ea02a54565c8a489b149e67e7ad055) Importer(815301076,1909f56bfc062723c751e8b465ee728b) (PreviewImporter) -> (artifact id: '00000000000000000000000000000000') in 0.0006188 seconds
Import Error Code:(4)
Message: Build asset version error: assets/scrips/audiomanager.cs in SourceAssetDB has modification time of '2025-09-25T06:51:22.0288933Z' while content on disk has modification time of '2025-09-25T06:51:35.5080598Z'
  ERROR: Build asset version error: assets/scrips/audiomanager.cs in SourceAssetDB has modification time of '2025-09-25T06:51:22.0288933Z' while content on disk has modification time of '2025-09-25T06:51:35.5080598Z'
Number of updated asset objects reloaded before import = 0Number of asset objects unloaded after import = 0

========================================================================
Received Import Request.
  Time since last request: 0.000017 seconds.
  path: Assets/Scrips/AudioManager.cs
  artifactKey: Guid(f0ea02a54565c8a489b149e67e7ad055) Importer(815301076,1909f56bfc062723c751e8b465ee728b)
Start importing Assets/Scrips/AudioManager.cs using Guid(f0ea02a54565c8a489b149e67e7ad055) Importer(815301076,1909f56bfc062723c751e8b465ee728b) (PreviewImporter) -> (artifact id: '00000000000000000000000000000000') in 0.0006104 seconds
Import Error Code:(4)
Message: Build asset version error: assets/scrips/audiomanager.cs in SourceAssetDB has modification time of '2025-09-25T06:51:22.0288933Z' while content on disk has modification time of '2025-09-25T06:51:35.5080598Z'
  ERROR: Build asset version error: assets/scrips/audiomanager.cs in SourceAssetDB has modification time of '2025-09-25T06:51:22.0288933Z' while content on disk has modification time of '2025-09-25T06:51:35.5080598Z'
Number of updated asset objects reloaded before import = 0Number of asset objects unloaded after import = 0

========================================================================
Received Import Request.
  Time since last request: 0.000014 seconds.
  path: Assets/Scrips/AudioManager.cs
  artifactKey: Guid(f0ea02a54565c8a489b149e67e7ad055) Importer(815301076,1909f56bfc062723c751e8b465ee728b)
Start importing Assets/Scrips/AudioManager.cs using Guid(f0ea02a54565c8a489b149e67e7ad055) Importer(815301076,1909f56bfc062723c751e8b465ee728b) (PreviewImporter) -> (artifact id: '00000000000000000000000000000000') in 0.0006048 seconds
Import Error Code:(4)
Message: Build asset version error: assets/scrips/audiomanager.cs in SourceAssetDB has modification time of '2025-09-25T06:51:22.0288933Z' while content on disk has modification time of '2025-09-25T06:51:35.5080598Z'
  ERROR: Build asset version error: assets/scrips/audiomanager.cs in SourceAssetDB has modification time of '2025-09-25T06:51:22.0288933Z' while content on disk has modification time of '2025-09-25T06:51:35.5080598Z'
Number of updated asset objects reloaded before import = 0Number of asset objects unloaded after import = 0

========================================================================
Received Import Request.
  Time since last request: 0.000026 seconds.
  path: Assets/Scrips/AudioManager.cs
  artifactKey: Guid(f0ea02a54565c8a489b149e67e7ad055) Importer(815301076,1909f56bfc062723c751e8b465ee728b)
Start importing Assets/Scrips/AudioManager.cs using Guid(f0ea02a54565c8a489b149e67e7ad055) Importer(815301076,1909f56bfc062723c751e8b465ee728b) (PreviewImporter) -> (artifact id: '00000000000000000000000000000000') in 0.00059 seconds
Import Error Code:(4)
Message: Build asset version error: assets/scrips/audiomanager.cs in SourceAssetDB has modification time of '2025-09-25T06:51:22.0288933Z' while content on disk has modification time of '2025-09-25T06:51:35.5080598Z'
  ERROR: Build asset version error: assets/scrips/audiomanager.cs in SourceAssetDB has modification time of '2025-09-25T06:51:22.0288933Z' while content on disk has modification time of '2025-09-25T06:51:35.5080598Z'
Number of updated asset objects reloaded before import = 0Number of asset objects unloaded after import = 0

========================================================================
Received Import Request.
  Time since last request: 0.000034 seconds.
  path: Assets/Scrips/AudioManager.cs
  artifactKey: Guid(f0ea02a54565c8a489b149e67e7ad055) Importer(815301076,1909f56bfc062723c751e8b465ee728b)
Start importing Assets/Scrips/AudioManager.cs using Guid(f0ea02a54565c8a489b149e67e7ad055) Importer(815301076,1909f56bfc062723c751e8b465ee728b) (PreviewImporter) -> (artifact id: '00000000000000000000000000000000') in 0.0005566 seconds
Import Error Code:(4)
Message: Build asset version error: assets/scrips/audiomanager.cs in SourceAssetDB has modification time of '2025-09-25T06:51:22.0288933Z' while content on disk has modification time of '2025-09-25T06:51:35.5080598Z'
  ERROR: Build asset version error: assets/scrips/audiomanager.cs in SourceAssetDB has modification time of '2025-09-25T06:51:22.0288933Z' while content on disk has modification time of '2025-09-25T06:51:35.5080598Z'
Number of updated asset objects reloaded before import = 0Number of asset objects unloaded after import = 0

========================================================================
Received Import Request.
  Time since last request: 0.000024 seconds.
  path: Assets/Scrips/AudioManager.cs
  artifactKey: Guid(f0ea02a54565c8a489b149e67e7ad055) Importer(815301076,1909f56bfc062723c751e8b465ee728b)
Start importing Assets/Scrips/AudioManager.cs using Guid(f0ea02a54565c8a489b149e67e7ad055) Importer(815301076,1909f56bfc062723c751e8b465ee728b) (PreviewImporter) -> (artifact id: '00000000000000000000000000000000') in 0.000841 seconds
Import Error Code:(4)
Message: Build asset version error: assets/scrips/audiomanager.cs in SourceAssetDB has modification time of '2025-09-25T06:51:22.0288933Z' while content on disk has modification time of '2025-09-25T06:51:35.5080598Z'
  ERROR: Build asset version error: assets/scrips/audiomanager.cs in SourceAssetDB has modification time of '2025-09-25T06:51:22.0288933Z' while content on disk has modification time of '2025-09-25T06:51:35.5080598Z'
Number of updated asset objects reloaded before import = 0Number of asset objects unloaded after import = 0

========================================================================
Received Import Request.
  Time since last request: 0.000015 seconds.
  path: Assets/Scrips/AudioManager.cs
  artifactKey: Guid(f0ea02a54565c8a489b149e67e7ad055) Importer(815301076,1909f56bfc062723c751e8b465ee728b)
Start importing Assets/Scrips/AudioManager.cs using Guid(f0ea02a54565c8a489b149e67e7ad055) Importer(815301076,1909f56bfc062723c751e8b465ee728b) (PreviewImporter) -> (artifact id: '00000000000000000000000000000000') in 0.0006043 seconds
Import Error Code:(4)
Message: Build asset version error: assets/scrips/audiomanager.cs in SourceAssetDB has modification time of '2025-09-25T06:51:22.0288933Z' while content on disk has modification time of '2025-09-25T06:51:35.5080598Z'
  ERROR: Build asset version error: assets/scrips/audiomanager.cs in SourceAssetDB has modification time of '2025-09-25T06:51:22.0288933Z' while content on disk has modification time of '2025-09-25T06:51:35.5080598Z'
Number of updated asset objects reloaded before import = 0Number of asset objects unloaded after import = 0

========================================================================
Received Import Request.
  Time since last request: 0.001862 seconds.
  path: Assets/Scrips/AudioManager.cs
  artifactKey: Guid(f0ea02a54565c8a489b149e67e7ad055) Importer(815301076,1909f56bfc062723c751e8b465ee728b)
Start importing Assets/Scrips/AudioManager.cs using Guid(f0ea02a54565c8a489b149e67e7ad055) Importer(815301076,1909f56bfc062723c751e8b465ee728b) (PreviewImporter) -> (artifact id: '00000000000000000000000000000000') in 0.0006055 seconds
Import Error Code:(4)
Message: Build asset version error: assets/scrips/audiomanager.cs in SourceAssetDB has modification time of '2025-09-25T06:51:22.0288933Z' while content on disk has modification time of '2025-09-25T06:51:35.5080598Z'
  ERROR: Build asset version error: assets/scrips/audiomanager.cs in SourceAssetDB has modification time of '2025-09-25T06:51:22.0288933Z' while content on disk has modification time of '2025-09-25T06:51:35.5080598Z'
Number of updated asset objects reloaded before import = 0Number of asset objects unloaded after import = 0

========================================================================
Received Import Request.
  Time since last request: 0.002786 seconds.
  path: Assets/Scrips/AudioManager.cs
  artifactKey: Guid(f0ea02a54565c8a489b149e67e7ad055) Importer(815301076,1909f56bfc062723c751e8b465ee728b)
Start importing Assets/Scrips/AudioManager.cs using Guid(f0ea02a54565c8a489b149e67e7ad055) Importer(815301076,1909f56bfc062723c751e8b465ee728b) (PreviewImporter) -> (artifact id: '00000000000000000000000000000000') in 0.0006209 seconds
Import Error Code:(4)
Message: Build asset version error: assets/scrips/audiomanager.cs in SourceAssetDB has modification time of '2025-09-25T06:51:22.0288933Z' while content on disk has modification time of '2025-09-25T06:51:35.5080598Z'
  ERROR: Build asset version error: assets/scrips/audiomanager.cs in SourceAssetDB has modification time of '2025-09-25T06:51:22.0288933Z' while content on disk has modification time of '2025-09-25T06:51:35.5080598Z'
Number of updated asset objects reloaded before import = 0Number of asset objects unloaded after import = 0

========================================================================
Received Import Request.
  Time since last request: 0.000092 seconds.
  path: Assets/Scrips/AudioManager.cs
  artifactKey: Guid(f0ea02a54565c8a489b149e67e7ad055) Importer(815301076,1909f56bfc062723c751e8b465ee728b)
Start importing Assets/Scrips/AudioManager.cs using Guid(f0ea02a54565c8a489b149e67e7ad055) Importer(815301076,1909f56bfc062723c751e8b465ee728b) (PreviewImporter) -> (artifact id: '00000000000000000000000000000000') in 0.000599 seconds
Import Error Code:(4)
Message: Build asset version error: assets/scrips/audiomanager.cs in SourceAssetDB has modification time of '2025-09-25T06:51:22.0288933Z' while content on disk has modification time of '2025-09-25T06:51:35.5080598Z'
  ERROR: Build asset version error: assets/scrips/audiomanager.cs in SourceAssetDB has modification time of '2025-09-25T06:51:22.0288933Z' while content on disk has modification time of '2025-09-25T06:51:35.5080598Z'
Number of updated asset objects reloaded before import = 0Number of asset objects unloaded after import = 0

========================================================================
Received Import Request.
  Time since last request: 0.000477 seconds.
  path: Assets/Scrips/AudioManager.cs
  artifactKey: Guid(f0ea02a54565c8a489b149e67e7ad055) Importer(815301076,1909f56bfc062723c751e8b465ee728b)
Start importing Assets/Scrips/AudioManager.cs using Guid(f0ea02a54565c8a489b149e67e7ad055) Importer(815301076,1909f56bfc062723c751e8b465ee728b) (PreviewImporter) -> (artifact id: '00000000000000000000000000000000') in 0.0006096 seconds
Import Error Code:(4)
Message: Build asset version error: assets/scrips/audiomanager.cs in SourceAssetDB has modification time of '2025-09-25T06:51:22.0288933Z' while content on disk has modification time of '2025-09-25T06:51:35.5080598Z'
  ERROR: Build asset version error: assets/scrips/audiomanager.cs in SourceAssetDB has modification time of '2025-09-25T06:51:22.0288933Z' while content on disk has modification time of '2025-09-25T06:51:35.5080598Z'
Number of updated asset objects reloaded before import = 0Number of asset objects unloaded after import = 0

========================================================================
Received Import Request.
  Time since last request: 0.000023 seconds.
  path: Assets/Scrips/AudioManager.cs
  artifactKey: Guid(f0ea02a54565c8a489b149e67e7ad055) Importer(815301076,1909f56bfc062723c751e8b465ee728b)
Start importing Assets/Scrips/AudioManager.cs using Guid(f0ea02a54565c8a489b149e67e7ad055) Importer(815301076,1909f56bfc062723c751e8b465ee728b) (PreviewImporter) -> (artifact id: '00000000000000000000000000000000') in 0.0006022 seconds
Import Error Code:(4)
Message: Build asset version error: assets/scrips/audiomanager.cs in SourceAssetDB has modification time of '2025-09-25T06:51:22.0288933Z' while content on disk has modification time of '2025-09-25T06:51:35.5080598Z'
  ERROR: Build asset version error: assets/scrips/audiomanager.cs in SourceAssetDB has modification time of '2025-09-25T06:51:22.0288933Z' while content on disk has modification time of '2025-09-25T06:51:35.5080598Z'
Number of updated asset objects reloaded before import = 0Number of asset objects unloaded after import = 0

========================================================================
Received Import Request.
  Time since last request: 0.000016 seconds.
  path: Assets/Scrips/AudioManager.cs
  artifactKey: Guid(f0ea02a54565c8a489b149e67e7ad055) Importer(815301076,1909f56bfc062723c751e8b465ee728b)
Start importing Assets/Scrips/AudioManager.cs using Guid(f0ea02a54565c8a489b149e67e7ad055) Importer(815301076,1909f56bfc062723c751e8b465ee728b) (PreviewImporter) -> (artifact id: '00000000000000000000000000000000') in 0.0006104 seconds
Import Error Code:(4)
Message: Build asset version error: assets/scrips/audiomanager.cs in SourceAssetDB has modification time of '2025-09-25T06:51:22.0288933Z' while content on disk has modification time of '2025-09-25T06:51:35.5080598Z'
  ERROR: Build asset version error: assets/scrips/audiomanager.cs in SourceAssetDB has modification time of '2025-09-25T06:51:22.0288933Z' while content on disk has modification time of '2025-09-25T06:51:35.5080598Z'
Number of updated asset objects reloaded before import = 0Number of asset objects unloaded after import = 0

========================================================================
Received Import Request.
  Time since last request: 0.000018 seconds.
  path: Assets/Scrips/AudioManager.cs
  artifactKey: Guid(f0ea02a54565c8a489b149e67e7ad055) Importer(815301076,1909f56bfc062723c751e8b465ee728b)
Start importing Assets/Scrips/AudioManager.cs using Guid(f0ea02a54565c8a489b149e67e7ad055) Importer(815301076,1909f56bfc062723c751e8b465ee728b) (PreviewImporter) -> (artifact id: '00000000000000000000000000000000') in 0.0005991 seconds
Import Error Code:(4)
Message: Build asset version error: assets/scrips/audiomanager.cs in SourceAssetDB has modification time of '2025-09-25T06:51:22.0288933Z' while content on disk has modification time of '2025-09-25T06:51:35.5080598Z'
  ERROR: Build asset version error: assets/scrips/audiomanager.cs in SourceAssetDB has modification time of '2025-09-25T06:51:22.0288933Z' while content on disk has modification time of '2025-09-25T06:51:35.5080598Z'
Number of updated asset objects reloaded before import = 0Number of asset objects unloaded after import = 0

========================================================================
Received Import Request.
  Time since last request: 0.000017 seconds.
  path: Assets/Scrips/AudioManager.cs
  artifactKey: Guid(f0ea02a54565c8a489b149e67e7ad055) Importer(815301076,1909f56bfc062723c751e8b465ee728b)
Start importing Assets/Scrips/AudioManager.cs using Guid(f0ea02a54565c8a489b149e67e7ad055) Importer(815301076,1909f56bfc062723c751e8b465ee728b) (PreviewImporter) -> (artifact id: '00000000000000000000000000000000') in 0.0006403 seconds
Import Error Code:(4)
Message: Build asset version error: assets/scrips/audiomanager.cs in SourceAssetDB has modification time of '2025-09-25T06:51:22.0288933Z' while content on disk has modification time of '2025-09-25T06:51:35.5080598Z'
  ERROR: Build asset version error: assets/scrips/audiomanager.cs in SourceAssetDB has modification time of '2025-09-25T06:51:22.0288933Z' while content on disk has modification time of '2025-09-25T06:51:35.5080598Z'
Number of updated asset objects reloaded before import = 0Number of asset objects unloaded after import = 0

========================================================================
Received Import Request.
  Time since last request: 0.000023 seconds.
  path: Assets/Scrips/AudioManager.cs
  artifactKey: Guid(f0ea02a54565c8a489b149e67e7ad055) Importer(815301076,1909f56bfc062723c751e8b465ee728b)
Start importing Assets/Scrips/AudioManager.cs using Guid(f0ea02a54565c8a489b149e67e7ad055) Importer(815301076,1909f56bfc062723c751e8b465ee728b) (PreviewImporter) -> (artifact id: '00000000000000000000000000000000') in 0.0007174 seconds
Import Error Code:(4)
Message: Build asset version error: assets/scrips/audiomanager.cs in SourceAssetDB has modification time of '2025-09-25T06:51:22.0288933Z' while content on disk has modification time of '2025-09-25T06:51:35.5080598Z'
  ERROR: Build asset version error: assets/scrips/audiomanager.cs in SourceAssetDB has modification time of '2025-09-25T06:51:22.0288933Z' while content on disk has modification time of '2025-09-25T06:51:35.5080598Z'
Number of updated asset objects reloaded before import = 0Number of asset objects unloaded after import = 0

========================================================================
Received Import Request.
  Time since last request: 0.000018 seconds.
  path: Assets/Scrips/AudioManager.cs
  artifactKey: Guid(f0ea02a54565c8a489b149e67e7ad055) Importer(815301076,1909f56bfc062723c751e8b465ee728b)
Start importing Assets/Scrips/AudioManager.cs using Guid(f0ea02a54565c8a489b149e67e7ad055) Importer(815301076,1909f56bfc062723c751e8b465ee728b) (PreviewImporter) -> (artifact id: '00000000000000000000000000000000') in 0.0008154 seconds
Import Error Code:(4)
Message: Build asset version error: assets/scrips/audiomanager.cs in SourceAssetDB has modification time of '2025-09-25T06:51:22.0288933Z' while content on disk has modification time of '2025-09-25T06:51:35.5080598Z'
  ERROR: Build asset version error: assets/scrips/audiomanager.cs in SourceAssetDB has modification time of '2025-09-25T06:51:22.0288933Z' while content on disk has modification time of '2025-09-25T06:51:35.5080598Z'
Number of updated asset objects reloaded before import = 0Number of asset objects unloaded after import = 0

========================================================================
Received Import Request.
  Time since last request: 0.000023 seconds.
  path: Assets/Scrips/AudioManager.cs
  artifactKey: Guid(f0ea02a54565c8a489b149e67e7ad055) Importer(815301076,1909f56bfc062723c751e8b465ee728b)
Start importing Assets/Scrips/AudioManager.cs using Guid(f0ea02a54565c8a489b149e67e7ad055) Importer(815301076,1909f56bfc062723c751e8b465ee728b) (PreviewImporter) -> (artifact id: '00000000000000000000000000000000') in 0.0006814 seconds
Import Error Code:(4)
Message: Build asset version error: assets/scrips/audiomanager.cs in SourceAssetDB has modification time of '2025-09-25T06:51:22.0288933Z' while content on disk has modification time of '2025-09-25T06:51:35.5080598Z'
  ERROR: Build asset version error: assets/scrips/audiomanager.cs in SourceAssetDB has modification time of '2025-09-25T06:51:22.0288933Z' while content on disk has modification time of '2025-09-25T06:51:35.5080598Z'
Number of updated asset objects reloaded before import = 0Number of asset objects unloaded after import = 0

========================================================================
Received Import Request.
  Time since last request: 0.000466 seconds.
  path: Assets/Scrips/AudioManager.cs
  artifactKey: Guid(f0ea02a54565c8a489b149e67e7ad055) Importer(815301076,1909f56bfc062723c751e8b465ee728b)
Start importing Assets/Scrips/AudioManager.cs using Guid(f0ea02a54565c8a489b149e67e7ad055) Importer(815301076,1909f56bfc062723c751e8b465ee728b) (PreviewImporter) -> (artifact id: '00000000000000000000000000000000') in 0.0009108 seconds
Import Error Code:(4)
Message: Build asset version error: assets/scrips/audiomanager.cs in SourceAssetDB has modification time of '2025-09-25T06:51:22.0288933Z' while content on disk has modification time of '2025-09-25T06:51:35.5080598Z'
  ERROR: Build asset version error: assets/scrips/audiomanager.cs in SourceAssetDB has modification time of '2025-09-25T06:51:22.0288933Z' while content on disk has modification time of '2025-09-25T06:51:35.5080598Z'
Number of updated asset objects reloaded before import = 0Number of asset objects unloaded after import = 0

========================================================================
Received Import Request.
  Time since last request: 0.000020 seconds.
  path: Assets/Scrips/AudioManager.cs
  artifactKey: Guid(f0ea02a54565c8a489b149e67e7ad055) Importer(815301076,1909f56bfc062723c751e8b465ee728b)
Start importing Assets/Scrips/AudioManager.cs using Guid(f0ea02a54565c8a489b149e67e7ad055) Importer(815301076,1909f56bfc062723c751e8b465ee728b) (PreviewImporter) -> (artifact id: '00000000000000000000000000000000') in 0.000598 seconds
Import Error Code:(4)
Message: Build asset version error: assets/scrips/audiomanager.cs in SourceAssetDB has modification time of '2025-09-25T06:51:22.0288933Z' while content on disk has modification time of '2025-09-25T06:51:35.5080598Z'
  ERROR: Build asset version error: assets/scrips/audiomanager.cs in SourceAssetDB has modification time of '2025-09-25T06:51:22.0288933Z' while content on disk has modification time of '2025-09-25T06:51:35.5080598Z'
Number of updated asset objects reloaded before import = 0Number of asset objects unloaded after import = 0

========================================================================
Received Import Request.
  Time since last request: 0.000817 seconds.
  path: Assets/Scrips/AudioManager.cs
  artifactKey: Guid(f0ea02a54565c8a489b149e67e7ad055) Importer(815301076,1909f56bfc062723c751e8b465ee728b)
Start importing Assets/Scrips/AudioManager.cs using Guid(f0ea02a54565c8a489b149e67e7ad055) Importer(815301076,1909f56bfc062723c751e8b465ee728b) (PreviewImporter) -> (artifact id: '00000000000000000000000000000000') in 0.0005985 seconds
Import Error Code:(4)
Message: Build asset version error: assets/scrips/audiomanager.cs in SourceAssetDB has modification time of '2025-09-25T06:51:22.0288933Z' while content on disk has modification time of '2025-09-25T06:51:35.5080598Z'
  ERROR: Build asset version error: assets/scrips/audiomanager.cs in SourceAssetDB has modification time of '2025-09-25T06:51:22.0288933Z' while content on disk has modification time of '2025-09-25T06:51:35.5080598Z'
Number of updated asset objects reloaded before import = 0Number of asset objects unloaded after import = 0

========================================================================
Received Import Request.
  Time since last request: 0.000017 seconds.
  path: Assets/Scrips/AudioManager.cs
  artifactKey: Guid(f0ea02a54565c8a489b149e67e7ad055) Importer(815301076,1909f56bfc062723c751e8b465ee728b)
Start importing Assets/Scrips/AudioManager.cs using Guid(f0ea02a54565c8a489b149e67e7ad055) Importer(815301076,1909f56bfc062723c751e8b465ee728b) (PreviewImporter) -> (artifact id: '00000000000000000000000000000000') in 0.0005889 seconds
Import Error Code:(4)
Message: Build asset version error: assets/scrips/audiomanager.cs in SourceAssetDB has modification time of '2025-09-25T06:51:22.0288933Z' while content on disk has modification time of '2025-09-25T06:51:35.5080598Z'
  ERROR: Build asset version error: assets/scrips/audiomanager.cs in SourceAssetDB has modification time of '2025-09-25T06:51:22.0288933Z' while content on disk has modification time of '2025-09-25T06:51:35.5080598Z'
Number of updated asset objects reloaded before import = 0Number of asset objects unloaded after import = 0

========================================================================
Received Import Request.
  Time since last request: 0.000224 seconds.
  path: Assets/Scrips/AudioManager.cs
  artifactKey: Guid(f0ea02a54565c8a489b149e67e7ad055) Importer(815301076,1909f56bfc062723c751e8b465ee728b)
Start importing Assets/Scrips/AudioManager.cs using Guid(f0ea02a54565c8a489b149e67e7ad055) Importer(815301076,1909f56bfc062723c751e8b465ee728b) (PreviewImporter) -> (artifact id: '00000000000000000000000000000000') in 0.00051 seconds
Import Error Code:(4)
Message: Build asset version error: assets/scrips/audiomanager.cs in SourceAssetDB has modification time of '2025-09-25T06:51:22.0288933Z' while content on disk has modification time of '2025-09-25T06:51:35.5080598Z'
  ERROR: Build asset version error: assets/scrips/audiomanager.cs in SourceAssetDB has modification time of '2025-09-25T06:51:22.0288933Z' while content on disk has modification time of '2025-09-25T06:51:35.5080598Z'
Number of updated asset objects reloaded before import = 0Number of asset objects unloaded after import = 0

========================================================================
Received Import Request.
  Time since last request: 0.000855 seconds.
  path: Assets/Scrips/AudioManager.cs
  artifactKey: Guid(f0ea02a54565c8a489b149e67e7ad055) Importer(815301076,1909f56bfc062723c751e8b465ee728b)
Start importing Assets/Scrips/AudioManager.cs using Guid(f0ea02a54565c8a489b149e67e7ad055) Importer(815301076,1909f56bfc062723c751e8b465ee728b) (PreviewImporter) -> (artifact id: '00000000000000000000000000000000') in 0.0006311 seconds
Import Error Code:(4)
Message: Build asset version error: assets/scrips/audiomanager.cs in SourceAssetDB has modification time of '2025-09-25T06:51:22.0288933Z' while content on disk has modification time of '2025-09-25T06:51:35.5080598Z'
  ERROR: Build asset version error: assets/scrips/audiomanager.cs in SourceAssetDB has modification time of '2025-09-25T06:51:22.0288933Z' while content on disk has modification time of '2025-09-25T06:51:35.5080598Z'
Number of updated asset objects reloaded before import = 0Number of asset objects unloaded after import = 0

========================================================================
Received Import Request.
  Time since last request: 0.000020 seconds.
  path: Assets/Scrips/AudioManager.cs
  artifactKey: Guid(f0ea02a54565c8a489b149e67e7ad055) Importer(815301076,1909f56bfc062723c751e8b465ee728b)
Start importing Assets/Scrips/AudioManager.cs using Guid(f0ea02a54565c8a489b149e67e7ad055) Importer(815301076,1909f56bfc062723c751e8b465ee728b) (PreviewImporter) -> (artifact id: '00000000000000000000000000000000') in 0.0005643 seconds
Import Error Code:(4)
Message: Build asset version error: assets/scrips/audiomanager.cs in SourceAssetDB has modification time of '2025-09-25T06:51:22.0288933Z' while content on disk has modification time of '2025-09-25T06:51:35.5080598Z'
  ERROR: Build asset version error: assets/scrips/audiomanager.cs in SourceAssetDB has modification time of '2025-09-25T06:51:22.0288933Z' while content on disk has modification time of '2025-09-25T06:51:35.5080598Z'
Number of updated asset objects reloaded before import = 0Number of asset objects unloaded after import = 0

========================================================================
Received Import Request.
  Time since last request: 0.000029 seconds.
  path: Assets/Scrips/AudioManager.cs
  artifactKey: Guid(f0ea02a54565c8a489b149e67e7ad055) Importer(815301076,1909f56bfc062723c751e8b465ee728b)
Start importing Assets/Scrips/AudioManager.cs using Guid(f0ea02a54565c8a489b149e67e7ad055) Importer(815301076,1909f56bfc062723c751e8b465ee728b) (PreviewImporter) -> (artifact id: '00000000000000000000000000000000') in 0.0005417 seconds
Import Error Code:(4)
Message: Build asset version error: assets/scrips/audiomanager.cs in SourceAssetDB has modification time of '2025-09-25T06:51:22.0288933Z' while content on disk has modification time of '2025-09-25T06:51:35.5080598Z'
  ERROR: Build asset version error: assets/scrips/audiomanager.cs in SourceAssetDB has modification time of '2025-09-25T06:51:22.0288933Z' while content on disk has modification time of '2025-09-25T06:51:35.5080598Z'
Number of updated asset objects reloaded before import = 0Number of asset objects unloaded after import = 0

========================================================================
Received Import Request.
  Time since last request: 0.001959 seconds.
  path: Assets/Scrips/AudioManager.cs
  artifactKey: Guid(f0ea02a54565c8a489b149e67e7ad055) Importer(815301076,1909f56bfc062723c751e8b465ee728b)
Start importing Assets/Scrips/AudioManager.cs using Guid(f0ea02a54565c8a489b149e67e7ad055) Importer(815301076,1909f56bfc062723c751e8b465ee728b) (PreviewImporter) -> (artifact id: '00000000000000000000000000000000') in 0.000527 seconds
Import Error Code:(4)
Message: Build asset version error: assets/scrips/audiomanager.cs in SourceAssetDB has modification time of '2025-09-25T06:51:22.0288933Z' while content on disk has modification time of '2025-09-25T06:51:35.5080598Z'
  ERROR: Build asset version error: assets/scrips/audiomanager.cs in SourceAssetDB has modification time of '2025-09-25T06:51:22.0288933Z' while content on disk has modification time of '2025-09-25T06:51:35.5080598Z'
Number of updated asset objects reloaded before import = 0Number of asset objects unloaded after import = 0

========================================================================
Received Import Request.
  Time since last request: 0.000022 seconds.
  path: Assets/Scrips/AudioManager.cs
  artifactKey: Guid(f0ea02a54565c8a489b149e67e7ad055) Importer(815301076,1909f56bfc062723c751e8b465ee728b)
Start importing Assets/Scrips/AudioManager.cs using Guid(f0ea02a54565c8a489b149e67e7ad055) Importer(815301076,1909f56bfc062723c751e8b465ee728b) (PreviewImporter) -> (artifact id: '00000000000000000000000000000000') in 0.000743 seconds
Import Error Code:(4)
Message: Build asset version error: assets/scrips/audiomanager.cs in SourceAssetDB has modification time of '2025-09-25T06:51:22.0288933Z' while content on disk has modification time of '2025-09-25T06:51:35.5080598Z'
  ERROR: Build asset version error: assets/scrips/audiomanager.cs in SourceAssetDB has modification time of '2025-09-25T06:51:22.0288933Z' while content on disk has modification time of '2025-09-25T06:51:35.5080598Z'
Number of updated asset objects reloaded before import = 0Number of asset objects unloaded after import = 0

========================================================================
Received Import Request.
  Time since last request: 0.000018 seconds.
  path: Assets/Scrips/AudioManager.cs
  artifactKey: Guid(f0ea02a54565c8a489b149e67e7ad055) Importer(815301076,1909f56bfc062723c751e8b465ee728b)
Start importing Assets/Scrips/AudioManager.cs using Guid(f0ea02a54565c8a489b149e67e7ad055) Importer(815301076,1909f56bfc062723c751e8b465ee728b) (PreviewImporter) -> (artifact id: '00000000000000000000000000000000') in 0.0005953 seconds
Import Error Code:(4)
Message: Build asset version error: assets/scrips/audiomanager.cs in SourceAssetDB has modification time of '2025-09-25T06:51:22.0288933Z' while content on disk has modification time of '2025-09-25T06:51:35.5080598Z'
  ERROR: Build asset version error: assets/scrips/audiomanager.cs in SourceAssetDB has modification time of '2025-09-25T06:51:22.0288933Z' while content on disk has modification time of '2025-09-25T06:51:35.5080598Z'
Number of updated asset objects reloaded before import = 0Number of asset objects unloaded after import = 0

========================================================================
Received Import Request.
  Time since last request: 0.000337 seconds.
  path: Assets/Scrips/AudioManager.cs
  artifactKey: Guid(f0ea02a54565c8a489b149e67e7ad055) Importer(815301076,1909f56bfc062723c751e8b465ee728b)
Start importing Assets/Scrips/AudioManager.cs using Guid(f0ea02a54565c8a489b149e67e7ad055) Importer(815301076,1909f56bfc062723c751e8b465ee728b) (PreviewImporter) -> (artifact id: '00000000000000000000000000000000') in 0.0005656 seconds
Import Error Code:(4)
Message: Build asset version error: assets/scrips/audiomanager.cs in SourceAssetDB has modification time of '2025-09-25T06:51:22.0288933Z' while content on disk has modification time of '2025-09-25T06:51:35.5080598Z'
  ERROR: Build asset version error: assets/scrips/audiomanager.cs in SourceAssetDB has modification time of '2025-09-25T06:51:22.0288933Z' while content on disk has modification time of '2025-09-25T06:51:35.5080598Z'
Number of updated asset objects reloaded before import = 0Number of asset objects unloaded after import = 0

========================================================================
Received Import Request.
  Time since last request: 0.000015 seconds.
  path: Assets/Scrips/AudioManager.cs
  artifactKey: Guid(f0ea02a54565c8a489b149e67e7ad055) Importer(815301076,1909f56bfc062723c751e8b465ee728b)
Start importing Assets/Scrips/AudioManager.cs using Guid(f0ea02a54565c8a489b149e67e7ad055) Importer(815301076,1909f56bfc062723c751e8b465ee728b) (PreviewImporter) -> (artifact id: '00000000000000000000000000000000') in 0.0005647 seconds
Import Error Code:(4)
Message: Build asset version error: assets/scrips/audiomanager.cs in SourceAssetDB has modification time of '2025-09-25T06:51:22.0288933Z' while content on disk has modification time of '2025-09-25T06:51:35.5080598Z'
  ERROR: Build asset version error: assets/scrips/audiomanager.cs in SourceAssetDB has modification time of '2025-09-25T06:51:22.0288933Z' while content on disk has modification time of '2025-09-25T06:51:35.5080598Z'
Number of updated asset objects reloaded before import = 0Number of asset objects unloaded after import = 0

========================================================================
Received Import Request.
  Time since last request: 0.000021 seconds.
  path: Assets/Scrips/AudioManager.cs
  artifactKey: Guid(f0ea02a54565c8a489b149e67e7ad055) Importer(815301076,1909f56bfc062723c751e8b465ee728b)
Start importing Assets/Scrips/AudioManager.cs using Guid(f0ea02a54565c8a489b149e67e7ad055) Importer(815301076,1909f56bfc062723c751e8b465ee728b) (PreviewImporter) -> (artifact id: '00000000000000000000000000000000') in 0.0006893 seconds
Import Error Code:(4)
Message: Build asset version error: assets/scrips/audiomanager.cs in SourceAssetDB has modification time of '2025-09-25T06:51:22.0288933Z' while content on disk has modification time of '2025-09-25T06:51:35.5080598Z'
  ERROR: Build asset version error: assets/scrips/audiomanager.cs in SourceAssetDB has modification time of '2025-09-25T06:51:22.0288933Z' while content on disk has modification time of '2025-09-25T06:51:35.5080598Z'
Number of updated asset objects reloaded before import = 0Number of asset objects unloaded after import = 0

========================================================================
Received Import Request.
  Time since last request: 0.000031 seconds.
  path: Assets/Scrips/AudioManager.cs
  artifactKey: Guid(f0ea02a54565c8a489b149e67e7ad055) Importer(815301076,1909f56bfc062723c751e8b465ee728b)
Start importing Assets/Scrips/AudioManager.cs using Guid(f0ea02a54565c8a489b149e67e7ad055) Importer(815301076,1909f56bfc062723c751e8b465ee728b) (PreviewImporter) -> (artifact id: '00000000000000000000000000000000') in 0.0006257 seconds
Import Error Code:(4)
Message: Build asset version error: assets/scrips/audiomanager.cs in SourceAssetDB has modification time of '2025-09-25T06:51:22.0288933Z' while content on disk has modification time of '2025-09-25T06:51:35.5080598Z'
  ERROR: Build asset version error: assets/scrips/audiomanager.cs in SourceAssetDB has modification time of '2025-09-25T06:51:22.0288933Z' while content on disk has modification time of '2025-09-25T06:51:35.5080598Z'
Number of updated asset objects reloaded before import = 0Number of asset objects unloaded after import = 0

========================================================================
Received Import Request.
  Time since last request: 0.000021 seconds.
  path: Assets/Scrips/AudioManager.cs
  artifactKey: Guid(f0ea02a54565c8a489b149e67e7ad055) Importer(815301076,1909f56bfc062723c751e8b465ee728b)
Start importing Assets/Scrips/AudioManager.cs using Guid(f0ea02a54565c8a489b149e67e7ad055) Importer(815301076,1909f56bfc062723c751e8b465ee728b) (PreviewImporter) -> (artifact id: '00000000000000000000000000000000') in 0.0006602 seconds
Import Error Code:(4)
Message: Build asset version error: assets/scrips/audiomanager.cs in SourceAssetDB has modification time of '2025-09-25T06:51:22.0288933Z' while content on disk has modification time of '2025-09-25T06:51:35.5080598Z'
  ERROR: Build asset version error: assets/scrips/audiomanager.cs in SourceAssetDB has modification time of '2025-09-25T06:51:22.0288933Z' while content on disk has modification time of '2025-09-25T06:51:35.5080598Z'
Number of updated asset objects reloaded before import = 0Number of asset objects unloaded after import = 0

========================================================================
Received Import Request.
  Time since last request: 0.000017 seconds.
  path: Assets/Scrips/AudioManager.cs
  artifactKey: Guid(f0ea02a54565c8a489b149e67e7ad055) Importer(815301076,1909f56bfc062723c751e8b465ee728b)
Start importing Assets/Scrips/AudioManager.cs using Guid(f0ea02a54565c8a489b149e67e7ad055) Importer(815301076,1909f56bfc062723c751e8b465ee728b) (PreviewImporter) -> (artifact id: '00000000000000000000000000000000') in 0.0005685 seconds
Import Error Code:(4)
Message: Build asset version error: assets/scrips/audiomanager.cs in SourceAssetDB has modification time of '2025-09-25T06:51:22.0288933Z' while content on disk has modification time of '2025-09-25T06:51:35.5080598Z'
  ERROR: Build asset version error: assets/scrips/audiomanager.cs in SourceAssetDB has modification time of '2025-09-25T06:51:22.0288933Z' while content on disk has modification time of '2025-09-25T06:51:35.5080598Z'
Number of updated asset objects reloaded before import = 0Number of asset objects unloaded after import = 0

========================================================================
Received Import Request.
  Time since last request: 0.001502 seconds.
  path: Assets/Scrips/AudioManager.cs
  artifactKey: Guid(f0ea02a54565c8a489b149e67e7ad055) Importer(815301076,1909f56bfc062723c751e8b465ee728b)
Start importing Assets/Scrips/AudioManager.cs using Guid(f0ea02a54565c8a489b149e67e7ad055) Importer(815301076,1909f56bfc062723c751e8b465ee728b) (PreviewImporter) -> (artifact id: '00000000000000000000000000000000') in 0.0005499 seconds
Import Error Code:(4)
Message: Build asset version error: assets/scrips/audiomanager.cs in SourceAssetDB has modification time of '2025-09-25T06:51:22.0288933Z' while content on disk has modification time of '2025-09-25T06:51:35.5080598Z'
  ERROR: Build asset version error: assets/scrips/audiomanager.cs in SourceAssetDB has modification time of '2025-09-25T06:51:22.0288933Z' while content on disk has modification time of '2025-09-25T06:51:35.5080598Z'
Number of updated asset objects reloaded before import = 0Number of asset objects unloaded after import = 0

========================================================================
Received Import Request.
  Time since last request: 0.000262 seconds.
  path: Assets/Scrips/AudioManager.cs
  artifactKey: Guid(f0ea02a54565c8a489b149e67e7ad055) Importer(815301076,1909f56bfc062723c751e8b465ee728b)
Start importing Assets/Scrips/AudioManager.cs using Guid(f0ea02a54565c8a489b149e67e7ad055) Importer(815301076,1909f56bfc062723c751e8b465ee728b) (PreviewImporter) -> (artifact id: '00000000000000000000000000000000') in 0.0006276 seconds
Import Error Code:(4)
Message: Build asset version error: assets/scrips/audiomanager.cs in SourceAssetDB has modification time of '2025-09-25T06:51:22.0288933Z' while content on disk has modification time of '2025-09-25T06:51:35.5080598Z'
  ERROR: Build asset version error: assets/scrips/audiomanager.cs in SourceAssetDB has modification time of '2025-09-25T06:51:22.0288933Z' while content on disk has modification time of '2025-09-25T06:51:35.5080598Z'
Number of updated asset objects reloaded before import = 0Number of asset objects unloaded after import = 0

========================================================================
Received Import Request.
  Time since last request: 0.000018 seconds.
  path: Assets/Scrips/AudioManager.cs
  artifactKey: Guid(f0ea02a54565c8a489b149e67e7ad055) Importer(815301076,1909f56bfc062723c751e8b465ee728b)
Start importing Assets/Scrips/AudioManager.cs using Guid(f0ea02a54565c8a489b149e67e7ad055) Importer(815301076,1909f56bfc062723c751e8b465ee728b) (PreviewImporter) -> (artifact id: '00000000000000000000000000000000') in 0.0008551 seconds
Import Error Code:(4)
Message: Build asset version error: assets/scrips/audiomanager.cs in SourceAssetDB has modification time of '2025-09-25T06:51:22.0288933Z' while content on disk has modification time of '2025-09-25T06:51:35.5080598Z'
  ERROR: Build asset version error: assets/scrips/audiomanager.cs in SourceAssetDB has modification time of '2025-09-25T06:51:22.0288933Z' while content on disk has modification time of '2025-09-25T06:51:35.5080598Z'
Number of updated asset objects reloaded before import = 0Number of asset objects unloaded after import = 0

========================================================================
Received Import Request.
  Time since last request: 0.000019 seconds.
  path: Assets/Scrips/AudioManager.cs
  artifactKey: Guid(f0ea02a54565c8a489b149e67e7ad055) Importer(815301076,1909f56bfc062723c751e8b465ee728b)
Start importing Assets/Scrips/AudioManager.cs using Guid(f0ea02a54565c8a489b149e67e7ad055) Importer(815301076,1909f56bfc062723c751e8b465ee728b) (PreviewImporter) -> (artifact id: '00000000000000000000000000000000') in 0.0007267 seconds
Import Error Code:(4)
Message: Build asset version error: assets/scrips/audiomanager.cs in SourceAssetDB has modification time of '2025-09-25T06:51:22.0288933Z' while content on disk has modification time of '2025-09-25T06:51:35.5080598Z'
  ERROR: Build asset version error: assets/scrips/audiomanager.cs in SourceAssetDB has modification time of '2025-09-25T06:51:22.0288933Z' while content on disk has modification time of '2025-09-25T06:51:35.5080598Z'
Number of updated asset objects reloaded before import = 0Number of asset objects unloaded after import = 0

========================================================================
Received Import Request.
  Time since last request: 0.000030 seconds.
  path: Assets/Scrips/AudioManager.cs
  artifactKey: Guid(f0ea02a54565c8a489b149e67e7ad055) Importer(815301076,1909f56bfc062723c751e8b465ee728b)
Start importing Assets/Scrips/AudioManager.cs using Guid(f0ea02a54565c8a489b149e67e7ad055) Importer(815301076,1909f56bfc062723c751e8b465ee728b) (PreviewImporter) -> (artifact id: '00000000000000000000000000000000') in 0.0011593 seconds
Import Error Code:(4)
Message: Build asset version error: assets/scrips/audiomanager.cs in SourceAssetDB has modification time of '2025-09-25T06:51:22.0288933Z' while content on disk has modification time of '2025-09-25T06:51:35.5080598Z'
  ERROR: Build asset version error: assets/scrips/audiomanager.cs in SourceAssetDB has modification time of '2025-09-25T06:51:22.0288933Z' while content on disk has modification time of '2025-09-25T06:51:35.5080598Z'
Number of updated asset objects reloaded before import = 0Number of asset objects unloaded after import = 0

========================================================================
Received Import Request.
  Time since last request: 0.000016 seconds.
  path: Assets/Scrips/AudioManager.cs
  artifactKey: Guid(f0ea02a54565c8a489b149e67e7ad055) Importer(815301076,1909f56bfc062723c751e8b465ee728b)
Start importing Assets/Scrips/AudioManager.cs using Guid(f0ea02a54565c8a489b149e67e7ad055) Importer(815301076,1909f56bfc062723c751e8b465ee728b) (PreviewImporter) -> (artifact id: '00000000000000000000000000000000') in 0.0006278 seconds
Import Error Code:(4)
Message: Build asset version error: assets/scrips/audiomanager.cs in SourceAssetDB has modification time of '2025-09-25T06:51:22.0288933Z' while content on disk has modification time of '2025-09-25T06:51:35.5080598Z'
  ERROR: Build asset version error: assets/scrips/audiomanager.cs in SourceAssetDB has modification time of '2025-09-25T06:51:22.0288933Z' while content on disk has modification time of '2025-09-25T06:51:35.5080598Z'
Number of updated asset objects reloaded before import = 0Number of asset objects unloaded after import = 0

========================================================================
Received Import Request.
  Time since last request: 0.000020 seconds.
  path: Assets/Scrips/AudioManager.cs
  artifactKey: Guid(f0ea02a54565c8a489b149e67e7ad055) Importer(815301076,1909f56bfc062723c751e8b465ee728b)
Start importing Assets/Scrips/AudioManager.cs using Guid(f0ea02a54565c8a489b149e67e7ad055) Importer(815301076,1909f56bfc062723c751e8b465ee728b) (PreviewImporter) -> (artifact id: '00000000000000000000000000000000') in 0.0007356 seconds
Import Error Code:(4)
Message: Build asset version error: assets/scrips/audiomanager.cs in SourceAssetDB has modification time of '2025-09-25T06:51:22.0288933Z' while content on disk has modification time of '2025-09-25T06:51:35.5080598Z'
  ERROR: Build asset version error: assets/scrips/audiomanager.cs in SourceAssetDB has modification time of '2025-09-25T06:51:22.0288933Z' while content on disk has modification time of '2025-09-25T06:51:35.5080598Z'
Number of updated asset objects reloaded before import = 0Number of asset objects unloaded after import = 0

========================================================================
Received Import Request.
  Time since last request: 0.001464 seconds.
  path: Assets/Scrips/AudioManager.cs
  artifactKey: Guid(f0ea02a54565c8a489b149e67e7ad055) Importer(815301076,1909f56bfc062723c751e8b465ee728b)
Start importing Assets/Scrips/AudioManager.cs using Guid(f0ea02a54565c8a489b149e67e7ad055) Importer(815301076,1909f56bfc062723c751e8b465ee728b) (PreviewImporter) -> (artifact id: '00000000000000000000000000000000') in 0.0006152 seconds
Import Error Code:(4)
Message: Build asset version error: assets/scrips/audiomanager.cs in SourceAssetDB has modification time of '2025-09-25T06:51:22.0288933Z' while content on disk has modification time of '2025-09-25T06:51:35.5080598Z'
  ERROR: Build asset version error: assets/scrips/audiomanager.cs in SourceAssetDB has modification time of '2025-09-25T06:51:22.0288933Z' while content on disk has modification time of '2025-09-25T06:51:35.5080598Z'
Number of updated asset objects reloaded before import = 0Number of asset objects unloaded after import = 0

========================================================================
Received Import Request.
  Time since last request: 0.000019 seconds.
  path: Assets/Scrips/AudioManager.cs
  artifactKey: Guid(f0ea02a54565c8a489b149e67e7ad055) Importer(815301076,1909f56bfc062723c751e8b465ee728b)
Start importing Assets/Scrips/AudioManager.cs using Guid(f0ea02a54565c8a489b149e67e7ad055) Importer(815301076,1909f56bfc062723c751e8b465ee728b) (PreviewImporter) -> (artifact id: '00000000000000000000000000000000') in 0.0007856 seconds
Import Error Code:(4)
Message: Build asset version error: assets/scrips/audiomanager.cs in SourceAssetDB has modification time of '2025-09-25T06:51:22.0288933Z' while content on disk has modification time of '2025-09-25T06:51:35.5080598Z'
  ERROR: Build asset version error: assets/scrips/audiomanager.cs in SourceAssetDB has modification time of '2025-09-25T06:51:22.0288933Z' while content on disk has modification time of '2025-09-25T06:51:35.5080598Z'
Number of updated asset objects reloaded before import = 0Number of asset objects unloaded after import = 0

========================================================================
Received Import Request.
  Time since last request: 0.000017 seconds.
  path: Assets/Scrips/AudioManager.cs
  artifactKey: Guid(f0ea02a54565c8a489b149e67e7ad055) Importer(815301076,1909f56bfc062723c751e8b465ee728b)
Start importing Assets/Scrips/AudioManager.cs using Guid(f0ea02a54565c8a489b149e67e7ad055) Importer(815301076,1909f56bfc062723c751e8b465ee728b) (PreviewImporter) -> (artifact id: '00000000000000000000000000000000') in 0.0005554 seconds
Import Error Code:(4)
Message: Build asset version error: assets/scrips/audiomanager.cs in SourceAssetDB has modification time of '2025-09-25T06:51:22.0288933Z' while content on disk has modification time of '2025-09-25T06:51:35.5080598Z'
  ERROR: Build asset version error: assets/scrips/audiomanager.cs in SourceAssetDB has modification time of '2025-09-25T06:51:22.0288933Z' while content on disk has modification time of '2025-09-25T06:51:35.5080598Z'
Number of updated asset objects reloaded before import = 0Number of asset objects unloaded after import = 0

========================================================================
Received Import Request.
  Time since last request: 0.002995 seconds.
  path: Assets/Scrips/AudioManager.cs
  artifactKey: Guid(f0ea02a54565c8a489b149e67e7ad055) Importer(815301076,1909f56bfc062723c751e8b465ee728b)
Start importing Assets/Scrips/AudioManager.cs using Guid(f0ea02a54565c8a489b149e67e7ad055) Importer(815301076,1909f56bfc062723c751e8b465ee728b) (PreviewImporter) -> (artifact id: '00000000000000000000000000000000') in 0.0005605 seconds
Import Error Code:(4)
Message: Build asset version error: assets/scrips/audiomanager.cs in SourceAssetDB has modification time of '2025-09-25T06:51:22.0288933Z' while content on disk has modification time of '2025-09-25T06:51:35.5080598Z'
  ERROR: Build asset version error: assets/scrips/audiomanager.cs in SourceAssetDB has modification time of '2025-09-25T06:51:22.0288933Z' while content on disk has modification time of '2025-09-25T06:51:35.5080598Z'
Number of updated asset objects reloaded before import = 0Number of asset objects unloaded after import = 0

========================================================================
Received Import Request.
  Time since last request: 0.000426 seconds.
  path: Assets/Scrips/AudioManager.cs
  artifactKey: Guid(f0ea02a54565c8a489b149e67e7ad055) Importer(815301076,1909f56bfc062723c751e8b465ee728b)
Start importing Assets/Scrips/AudioManager.cs using Guid(f0ea02a54565c8a489b149e67e7ad055) Importer(815301076,1909f56bfc062723c751e8b465ee728b) (PreviewImporter) -> (artifact id: '00000000000000000000000000000000') in 0.0006012 seconds
Import Error Code:(4)
Message: Build asset version error: assets/scrips/audiomanager.cs in SourceAssetDB has modification time of '2025-09-25T06:51:22.0288933Z' while content on disk has modification time of '2025-09-25T06:51:35.5080598Z'
  ERROR: Build asset version error: assets/scrips/audiomanager.cs in SourceAssetDB has modification time of '2025-09-25T06:51:22.0288933Z' while content on disk has modification time of '2025-09-25T06:51:35.5080598Z'
Number of updated asset objects reloaded before import = 0Number of asset objects unloaded after import = 0

========================================================================
Received Import Request.
  Time since last request: 0.000016 seconds.
  path: Assets/Scrips/AudioManager.cs
  artifactKey: Guid(f0ea02a54565c8a489b149e67e7ad055) Importer(815301076,1909f56bfc062723c751e8b465ee728b)
Start importing Assets/Scrips/AudioManager.cs using Guid(f0ea02a54565c8a489b149e67e7ad055) Importer(815301076,1909f56bfc062723c751e8b465ee728b) (PreviewImporter) -> (artifact id: '00000000000000000000000000000000') in 0.000538 seconds
Import Error Code:(4)
Message: Build asset version error: assets/scrips/audiomanager.cs in SourceAssetDB has modification time of '2025-09-25T06:51:22.0288933Z' while content on disk has modification time of '2025-09-25T06:51:35.5080598Z'
  ERROR: Build asset version error: assets/scrips/audiomanager.cs in SourceAssetDB has modification time of '2025-09-25T06:51:22.0288933Z' while content on disk has modification time of '2025-09-25T06:51:35.5080598Z'
Number of updated asset objects reloaded before import = 0Number of asset objects unloaded after import = 0

========================================================================
Received Import Request.
  Time since last request: 0.000351 seconds.
  path: Assets/Scrips/AudioManager.cs
  artifactKey: Guid(f0ea02a54565c8a489b149e67e7ad055) Importer(815301076,1909f56bfc062723c751e8b465ee728b)
Start importing Assets/Scrips/AudioManager.cs using Guid(f0ea02a54565c8a489b149e67e7ad055) Importer(815301076,1909f56bfc062723c751e8b465ee728b) (PreviewImporter) -> (artifact id: '00000000000000000000000000000000') in 0.0006321 seconds
Import Error Code:(4)
Message: Build asset version error: assets/scrips/audiomanager.cs in SourceAssetDB has modification time of '2025-09-25T06:51:22.0288933Z' while content on disk has modification time of '2025-09-25T06:51:35.5080598Z'
  ERROR: Build asset version error: assets/scrips/audiomanager.cs in SourceAssetDB has modification time of '2025-09-25T06:51:22.0288933Z' while content on disk has modification time of '2025-09-25T06:51:35.5080598Z'
Number of updated asset objects reloaded before import = 0Number of asset objects unloaded after import = 0

========================================================================
Received Import Request.
  Time since last request: 0.000029 seconds.
  path: Assets/Scrips/AudioManager.cs
  artifactKey: Guid(f0ea02a54565c8a489b149e67e7ad055) Importer(815301076,1909f56bfc062723c751e8b465ee728b)
Start importing Assets/Scrips/AudioManager.cs using Guid(f0ea02a54565c8a489b149e67e7ad055) Importer(815301076,1909f56bfc062723c751e8b465ee728b) (PreviewImporter) -> (artifact id: '00000000000000000000000000000000') in 0.0008313 seconds
Import Error Code:(4)
Message: Build asset version error: assets/scrips/audiomanager.cs in SourceAssetDB has modification time of '2025-09-25T06:51:22.0288933Z' while content on disk has modification time of '2025-09-25T06:51:35.5080598Z'
  ERROR: Build asset version error: assets/scrips/audiomanager.cs in SourceAssetDB has modification time of '2025-09-25T06:51:22.0288933Z' while content on disk has modification time of '2025-09-25T06:51:35.5080598Z'
Number of updated asset objects reloaded before import = 0Number of asset objects unloaded after import = 0

========================================================================
Received Import Request.
  Time since last request: 0.000020 seconds.
  path: Assets/Scrips/AudioManager.cs
  artifactKey: Guid(f0ea02a54565c8a489b149e67e7ad055) Importer(815301076,1909f56bfc062723c751e8b465ee728b)
Start importing Assets/Scrips/AudioManager.cs using Guid(f0ea02a54565c8a489b149e67e7ad055) Importer(815301076,1909f56bfc062723c751e8b465ee728b) (PreviewImporter) -> (artifact id: '00000000000000000000000000000000') in 0.0006847 seconds
Import Error Code:(4)
Message: Build asset version error: assets/scrips/audiomanager.cs in SourceAssetDB has modification time of '2025-09-25T06:51:22.0288933Z' while content on disk has modification time of '2025-09-25T06:51:35.5080598Z'
  ERROR: Build asset version error: assets/scrips/audiomanager.cs in SourceAssetDB has modification time of '2025-09-25T06:51:22.0288933Z' while content on disk has modification time of '2025-09-25T06:51:35.5080598Z'
Number of updated asset objects reloaded before import = 0Number of asset objects unloaded after import = 0

========================================================================
Received Import Request.
  Time since last request: 0.000017 seconds.
  path: Assets/Scrips/AudioManager.cs
  artifactKey: Guid(f0ea02a54565c8a489b149e67e7ad055) Importer(815301076,1909f56bfc062723c751e8b465ee728b)
Start importing Assets/Scrips/AudioManager.cs using Guid(f0ea02a54565c8a489b149e67e7ad055) Importer(815301076,1909f56bfc062723c751e8b465ee728b) (PreviewImporter) -> (artifact id: '00000000000000000000000000000000') in 0.0005545 seconds
Import Error Code:(4)
Message: Build asset version error: assets/scrips/audiomanager.cs in SourceAssetDB has modification time of '2025-09-25T06:51:22.0288933Z' while content on disk has modification time of '2025-09-25T06:51:35.5080598Z'
  ERROR: Build asset version error: assets/scrips/audiomanager.cs in SourceAssetDB has modification time of '2025-09-25T06:51:22.0288933Z' while content on disk has modification time of '2025-09-25T06:51:35.5080598Z'
Number of updated asset objects reloaded before import = 0Number of asset objects unloaded after import = 0

========================================================================
Received Import Request.
  Time since last request: 0.001590 seconds.
  path: Assets/Scrips/AudioManager.cs
  artifactKey: Guid(f0ea02a54565c8a489b149e67e7ad055) Importer(815301076,1909f56bfc062723c751e8b465ee728b)
Start importing Assets/Scrips/AudioManager.cs using Guid(f0ea02a54565c8a489b149e67e7ad055) Importer(815301076,1909f56bfc062723c751e8b465ee728b) (PreviewImporter) -> (artifact id: '00000000000000000000000000000000') in 0.0006525 seconds
Import Error Code:(4)
Message: Build asset version error: assets/scrips/audiomanager.cs in SourceAssetDB has modification time of '2025-09-25T06:51:22.0288933Z' while content on disk has modification time of '2025-09-25T06:51:35.5080598Z'
  ERROR: Build asset version error: assets/scrips/audiomanager.cs in SourceAssetDB has modification time of '2025-09-25T06:51:22.0288933Z' while content on disk has modification time of '2025-09-25T06:51:35.5080598Z'
Number of updated asset objects reloaded before import = 0Number of asset objects unloaded after import = 0

========================================================================
Received Import Request.
  Time since last request: 0.000020 seconds.
  path: Assets/Scrips/AudioManager.cs
  artifactKey: Guid(f0ea02a54565c8a489b149e67e7ad055) Importer(815301076,1909f56bfc062723c751e8b465ee728b)
Start importing Assets/Scrips/AudioManager.cs using Guid(f0ea02a54565c8a489b149e67e7ad055) Importer(815301076,1909f56bfc062723c751e8b465ee728b) (PreviewImporter) -> (artifact id: '00000000000000000000000000000000') in 0.0005536 seconds
Import Error Code:(4)
Message: Build asset version error: assets/scrips/audiomanager.cs in SourceAssetDB has modification time of '2025-09-25T06:51:22.0288933Z' while content on disk has modification time of '2025-09-25T06:51:35.5080598Z'
  ERROR: Build asset version error: assets/scrips/audiomanager.cs in SourceAssetDB has modification time of '2025-09-25T06:51:22.0288933Z' while content on disk has modification time of '2025-09-25T06:51:35.5080598Z'
Number of updated asset objects reloaded before import = 0Number of asset objects unloaded after import = 0

========================================================================
Received Import Request.
  Time since last request: 0.000737 seconds.
  path: Assets/Scrips/AudioManager.cs
  artifactKey: Guid(f0ea02a54565c8a489b149e67e7ad055) Importer(815301076,1909f56bfc062723c751e8b465ee728b)
Start importing Assets/Scrips/AudioManager.cs using Guid(f0ea02a54565c8a489b149e67e7ad055) Importer(815301076,1909f56bfc062723c751e8b465ee728b) (PreviewImporter) -> (artifact id: '00000000000000000000000000000000') in 0.0007104 seconds
Import Error Code:(4)
Message: Build asset version error: assets/scrips/audiomanager.cs in SourceAssetDB has modification time of '2025-09-25T06:51:22.0288933Z' while content on disk has modification time of '2025-09-25T06:51:35.5080598Z'
  ERROR: Build asset version error: assets/scrips/audiomanager.cs in SourceAssetDB has modification time of '2025-09-25T06:51:22.0288933Z' while content on disk has modification time of '2025-09-25T06:51:35.5080598Z'
Number of updated asset objects reloaded before import = 0Number of asset objects unloaded after import = 0

========================================================================
Received Import Request.
  Time since last request: 0.002250 seconds.
  path: Assets/Scrips/AudioManager.cs
  artifactKey: Guid(f0ea02a54565c8a489b149e67e7ad055) Importer(815301076,1909f56bfc062723c751e8b465ee728b)
Start importing Assets/Scrips/AudioManager.cs using Guid(f0ea02a54565c8a489b149e67e7ad055) Importer(815301076,1909f56bfc062723c751e8b465ee728b) (PreviewImporter) -> (artifact id: '00000000000000000000000000000000') in 0.0007546 seconds
Import Error Code:(4)
Message: Build asset version error: assets/scrips/audiomanager.cs in SourceAssetDB has modification time of '2025-09-25T06:51:22.0288933Z' while content on disk has modification time of '2025-09-25T06:51:35.5080598Z'
  ERROR: Build asset version error: assets/scrips/audiomanager.cs in SourceAssetDB has modification time of '2025-09-25T06:51:22.0288933Z' while content on disk has modification time of '2025-09-25T06:51:35.5080598Z'
Number of updated asset objects reloaded before import = 0Number of asset objects unloaded after import = 0

========================================================================
Received Import Request.
  Time since last request: 0.000015 seconds.
  path: Assets/Scrips/AudioManager.cs
  artifactKey: Guid(f0ea02a54565c8a489b149e67e7ad055) Importer(815301076,1909f56bfc062723c751e8b465ee728b)
Start importing Assets/Scrips/AudioManager.cs using Guid(f0ea02a54565c8a489b149e67e7ad055) Importer(815301076,1909f56bfc062723c751e8b465ee728b) (PreviewImporter) -> (artifact id: '00000000000000000000000000000000') in 0.0005854 seconds
Import Error Code:(4)
Message: Build asset version error: assets/scrips/audiomanager.cs in SourceAssetDB has modification time of '2025-09-25T06:51:22.0288933Z' while content on disk has modification time of '2025-09-25T06:51:35.5080598Z'
  ERROR: Build asset version error: assets/scrips/audiomanager.cs in SourceAssetDB has modification time of '2025-09-25T06:51:22.0288933Z' while content on disk has modification time of '2025-09-25T06:51:35.5080598Z'
Number of updated asset objects reloaded before import = 0Number of asset objects unloaded after import = 0

========================================================================
Received Import Request.
  Time since last request: 0.003816 seconds.
  path: Assets/Scrips/AudioManager.cs
  artifactKey: Guid(f0ea02a54565c8a489b149e67e7ad055) Importer(815301076,1909f56bfc062723c751e8b465ee728b)
Start importing Assets/Scrips/AudioManager.cs using Guid(f0ea02a54565c8a489b149e67e7ad055) Importer(815301076,1909f56bfc062723c751e8b465ee728b) (PreviewImporter) -> (artifact id: '00000000000000000000000000000000') in 0.0005975 seconds
Import Error Code:(4)
Message: Build asset version error: assets/scrips/audiomanager.cs in SourceAssetDB has modification time of '2025-09-25T06:51:22.0288933Z' while content on disk has modification time of '2025-09-25T06:51:35.5080598Z'
  ERROR: Build asset version error: assets/scrips/audiomanager.cs in SourceAssetDB has modification time of '2025-09-25T06:51:22.0288933Z' while content on disk has modification time of '2025-09-25T06:51:35.5080598Z'
Number of updated asset objects reloaded before import = 0Number of asset objects unloaded after import = 0

========================================================================
Received Import Request.
  Time since last request: 0.000020 seconds.
  path: Assets/Scrips/AudioManager.cs
  artifactKey: Guid(f0ea02a54565c8a489b149e67e7ad055) Importer(815301076,1909f56bfc062723c751e8b465ee728b)
Start importing Assets/Scrips/AudioManager.cs using Guid(f0ea02a54565c8a489b149e67e7ad055) Importer(815301076,1909f56bfc062723c751e8b465ee728b) (PreviewImporter) -> (artifact id: '00000000000000000000000000000000') in 0.0006037 seconds
Import Error Code:(4)
Message: Build asset version error: assets/scrips/audiomanager.cs in SourceAssetDB has modification time of '2025-09-25T06:51:22.0288933Z' while content on disk has modification time of '2025-09-25T06:51:35.5080598Z'
  ERROR: Build asset version error: assets/scrips/audiomanager.cs in SourceAssetDB has modification time of '2025-09-25T06:51:22.0288933Z' while content on disk has modification time of '2025-09-25T06:51:35.5080598Z'
Number of updated asset objects reloaded before import = 0Number of asset objects unloaded after import = 0

========================================================================
Received Import Request.
  Time since last request: 0.000017 seconds.
  path: Assets/Scrips/AudioManager.cs
  artifactKey: Guid(f0ea02a54565c8a489b149e67e7ad055) Importer(815301076,1909f56bfc062723c751e8b465ee728b)
Start importing Assets/Scrips/AudioManager.cs using Guid(f0ea02a54565c8a489b149e67e7ad055) Importer(815301076,1909f56bfc062723c751e8b465ee728b) (PreviewImporter) -> (artifact id: '00000000000000000000000000000000') in 0.0006646 seconds
Import Error Code:(4)
Message: Build asset version error: assets/scrips/audiomanager.cs in SourceAssetDB has modification time of '2025-09-25T06:51:22.0288933Z' while content on disk has modification time of '2025-09-25T06:51:35.5080598Z'
  ERROR: Build asset version error: assets/scrips/audiomanager.cs in SourceAssetDB has modification time of '2025-09-25T06:51:22.0288933Z' while content on disk has modification time of '2025-09-25T06:51:35.5080598Z'
Number of updated asset objects reloaded before import = 0Number of asset objects unloaded after import = 0

========================================================================
Received Import Request.
  Time since last request: 0.001218 seconds.
  path: Assets/Scrips/AudioManager.cs
  artifactKey: Guid(f0ea02a54565c8a489b149e67e7ad055) Importer(815301076,1909f56bfc062723c751e8b465ee728b)
Start importing Assets/Scrips/AudioManager.cs using Guid(f0ea02a54565c8a489b149e67e7ad055) Importer(815301076,1909f56bfc062723c751e8b465ee728b) (PreviewImporter) -> (artifact id: '00000000000000000000000000000000') in 0.0005184 seconds
Import Error Code:(4)
Message: Build asset version error: assets/scrips/audiomanager.cs in SourceAssetDB has modification time of '2025-09-25T06:51:22.0288933Z' while content on disk has modification time of '2025-09-25T06:51:35.5080598Z'
  ERROR: Build asset version error: assets/scrips/audiomanager.cs in SourceAssetDB has modification time of '2025-09-25T06:51:22.0288933Z' while content on disk has modification time of '2025-09-25T06:51:35.5080598Z'
Number of updated asset objects reloaded before import = 0Number of asset objects unloaded after import = 0

========================================================================
Received Import Request.
  Time since last request: 0.000013 seconds.
  path: Assets/Scrips/AudioManager.cs
  artifactKey: Guid(f0ea02a54565c8a489b149e67e7ad055) Importer(815301076,1909f56bfc062723c751e8b465ee728b)
Start importing Assets/Scrips/AudioManager.cs using Guid(f0ea02a54565c8a489b149e67e7ad055) Importer(815301076,1909f56bfc062723c751e8b465ee728b) (PreviewImporter) -> (artifact id: '00000000000000000000000000000000') in 0.0005312 seconds
Import Error Code:(4)
Message: Build asset version error: assets/scrips/audiomanager.cs in SourceAssetDB has modification time of '2025-09-25T06:51:22.0288933Z' while content on disk has modification time of '2025-09-25T06:51:35.5080598Z'
  ERROR: Build asset version error: assets/scrips/audiomanager.cs in SourceAssetDB has modification time of '2025-09-25T06:51:22.0288933Z' while content on disk has modification time of '2025-09-25T06:51:35.5080598Z'
Number of updated asset objects reloaded before import = 0Number of asset objects unloaded after import = 0

========================================================================
Received Import Request.
  Time since last request: 0.001197 seconds.
  path: Assets/Scrips/AudioManager.cs
  artifactKey: Guid(f0ea02a54565c8a489b149e67e7ad055) Importer(815301076,1909f56bfc062723c751e8b465ee728b)
Start importing Assets/Scrips/AudioManager.cs using Guid(f0ea02a54565c8a489b149e67e7ad055) Importer(815301076,1909f56bfc062723c751e8b465ee728b) (PreviewImporter) -> (artifact id: '00000000000000000000000000000000') in 0.0005218 seconds
Import Error Code:(4)
Message: Build asset version error: assets/scrips/audiomanager.cs in SourceAssetDB has modification time of '2025-09-25T06:51:22.0288933Z' while content on disk has modification time of '2025-09-25T06:51:35.5080598Z'
  ERROR: Build asset version error: assets/scrips/audiomanager.cs in SourceAssetDB has modification time of '2025-09-25T06:51:22.0288933Z' while content on disk has modification time of '2025-09-25T06:51:35.5080598Z'
Number of updated asset objects reloaded before import = 0Number of asset objects unloaded after import = 0

========================================================================
Received Import Request.
  Time since last request: 0.000523 seconds.
  path: Assets/Scrips/AudioManager.cs
  artifactKey: Guid(f0ea02a54565c8a489b149e67e7ad055) Importer(815301076,1909f56bfc062723c751e8b465ee728b)
Start importing Assets/Scrips/AudioManager.cs using Guid(f0ea02a54565c8a489b149e67e7ad055) Importer(815301076,1909f56bfc062723c751e8b465ee728b) (PreviewImporter) -> (artifact id: '00000000000000000000000000000000') in 0.0006154 seconds
Import Error Code:(4)
Message: Build asset version error: assets/scrips/audiomanager.cs in SourceAssetDB has modification time of '2025-09-25T06:51:22.0288933Z' while content on disk has modification time of '2025-09-25T06:51:35.5080598Z'
  ERROR: Build asset version error: assets/scrips/audiomanager.cs in SourceAssetDB has modification time of '2025-09-25T06:51:22.0288933Z' while content on disk has modification time of '2025-09-25T06:51:35.5080598Z'
Number of updated asset objects reloaded before import = 0Number of asset objects unloaded after import = 0

========================================================================
Received Import Request.
  Time since last request: 0.000018 seconds.
  path: Assets/Scrips/AudioManager.cs
  artifactKey: Guid(f0ea02a54565c8a489b149e67e7ad055) Importer(815301076,1909f56bfc062723c751e8b465ee728b)
Start importing Assets/Scrips/AudioManager.cs using Guid(f0ea02a54565c8a489b149e67e7ad055) Importer(815301076,1909f56bfc062723c751e8b465ee728b) (PreviewImporter) -> (artifact id: '00000000000000000000000000000000') in 0.0005406 seconds
Import Error Code:(4)
Message: Build asset version error: assets/scrips/audiomanager.cs in SourceAssetDB has modification time of '2025-09-25T06:51:22.0288933Z' while content on disk has modification time of '2025-09-25T06:51:35.5080598Z'
  ERROR: Build asset version error: assets/scrips/audiomanager.cs in SourceAssetDB has modification time of '2025-09-25T06:51:22.0288933Z' while content on disk has modification time of '2025-09-25T06:51:35.5080598Z'
Number of updated asset objects reloaded before import = 0Number of asset objects unloaded after import = 0

========================================================================
Received Import Request.
  Time since last request: 0.000017 seconds.
  path: Assets/Scrips/AudioManager.cs
  artifactKey: Guid(f0ea02a54565c8a489b149e67e7ad055) Importer(815301076,1909f56bfc062723c751e8b465ee728b)
Start importing Assets/Scrips/AudioManager.cs using Guid(f0ea02a54565c8a489b149e67e7ad055) Importer(815301076,1909f56bfc062723c751e8b465ee728b) (PreviewImporter) -> (artifact id: '00000000000000000000000000000000') in 0.0009404 seconds
Import Error Code:(4)
Message: Build asset version error: assets/scrips/audiomanager.cs in SourceAssetDB has modification time of '2025-09-25T06:51:22.0288933Z' while content on disk has modification time of '2025-09-25T06:51:35.5080598Z'
  ERROR: Build asset version error: assets/scrips/audiomanager.cs in SourceAssetDB has modification time of '2025-09-25T06:51:22.0288933Z' while content on disk has modification time of '2025-09-25T06:51:35.5080598Z'
Number of updated asset objects reloaded before import = 0Number of asset objects unloaded after import = 0

========================================================================
Received Import Request.
  Time since last request: 0.000017 seconds.
  path: Assets/Scrips/AudioManager.cs
  artifactKey: Guid(f0ea02a54565c8a489b149e67e7ad055) Importer(815301076,1909f56bfc062723c751e8b465ee728b)
Start importing Assets/Scrips/AudioManager.cs using Guid(f0ea02a54565c8a489b149e67e7ad055) Importer(815301076,1909f56bfc062723c751e8b465ee728b) (PreviewImporter) -> (artifact id: '00000000000000000000000000000000') in 0.0006491 seconds
Import Error Code:(4)
Message: Build asset version error: assets/scrips/audiomanager.cs in SourceAssetDB has modification time of '2025-09-25T06:51:22.0288933Z' while content on disk has modification time of '2025-09-25T06:51:35.5080598Z'
  ERROR: Build asset version error: assets/scrips/audiomanager.cs in SourceAssetDB has modification time of '2025-09-25T06:51:22.0288933Z' while content on disk has modification time of '2025-09-25T06:51:35.5080598Z'
Number of updated asset objects reloaded before import = 0Number of asset objects unloaded after import = 0

========================================================================
Received Import Request.
  Time since last request: 0.000026 seconds.
  path: Assets/Scrips/AudioManager.cs
  artifactKey: Guid(f0ea02a54565c8a489b149e67e7ad055) Importer(815301076,1909f56bfc062723c751e8b465ee728b)
Start importing Assets/Scrips/AudioManager.cs using Guid(f0ea02a54565c8a489b149e67e7ad055) Importer(815301076,1909f56bfc062723c751e8b465ee728b) (PreviewImporter) -> (artifact id: '00000000000000000000000000000000') in 0.0005622 seconds
Import Error Code:(4)
Message: Build asset version error: assets/scrips/audiomanager.cs in SourceAssetDB has modification time of '2025-09-25T06:51:22.0288933Z' while content on disk has modification time of '2025-09-25T06:51:35.5080598Z'
  ERROR: Build asset version error: assets/scrips/audiomanager.cs in SourceAssetDB has modification time of '2025-09-25T06:51:22.0288933Z' while content on disk has modification time of '2025-09-25T06:51:35.5080598Z'
Number of updated asset objects reloaded before import = 0Number of asset objects unloaded after import = 0

========================================================================
Received Import Request.
  Time since last request: 0.000027 seconds.
  path: Assets/Scrips/AudioManager.cs
  artifactKey: Guid(f0ea02a54565c8a489b149e67e7ad055) Importer(815301076,1909f56bfc062723c751e8b465ee728b)
Start importing Assets/Scrips/AudioManager.cs using Guid(f0ea02a54565c8a489b149e67e7ad055) Importer(815301076,1909f56bfc062723c751e8b465ee728b) (PreviewImporter) -> (artifact id: '00000000000000000000000000000000') in 0.0006176 seconds
Import Error Code:(4)
Message: Build asset version error: assets/scrips/audiomanager.cs in SourceAssetDB has modification time of '2025-09-25T06:51:22.0288933Z' while content on disk has modification time of '2025-09-25T06:51:35.5080598Z'
  ERROR: Build asset version error: assets/scrips/audiomanager.cs in SourceAssetDB has modification time of '2025-09-25T06:51:22.0288933Z' while content on disk has modification time of '2025-09-25T06:51:35.5080598Z'
Number of updated asset objects reloaded before import = 0Number of asset objects unloaded after import = 0

========================================================================
Received Import Request.
  Time since last request: 0.000020 seconds.
  path: Assets/Scrips/AudioManager.cs
  artifactKey: Guid(f0ea02a54565c8a489b149e67e7ad055) Importer(815301076,1909f56bfc062723c751e8b465ee728b)
Start importing Assets/Scrips/AudioManager.cs using Guid(f0ea02a54565c8a489b149e67e7ad055) Importer(815301076,1909f56bfc062723c751e8b465ee728b) (PreviewImporter) -> (artifact id: '00000000000000000000000000000000') in 0.0008768 seconds
Import Error Code:(4)
Message: Build asset version error: assets/scrips/audiomanager.cs in SourceAssetDB has modification time of '2025-09-25T06:51:22.0288933Z' while content on disk has modification time of '2025-09-25T06:51:35.5080598Z'
  ERROR: Build asset version error: assets/scrips/audiomanager.cs in SourceAssetDB has modification time of '2025-09-25T06:51:22.0288933Z' while content on disk has modification time of '2025-09-25T06:51:35.5080598Z'
Number of updated asset objects reloaded before import = 0Number of asset objects unloaded after import = 0

========================================================================
Received Import Request.
  Time since last request: 0.000017 seconds.
  path: Assets/Scrips/AudioManager.cs
  artifactKey: Guid(f0ea02a54565c8a489b149e67e7ad055) Importer(815301076,1909f56bfc062723c751e8b465ee728b)
Start importing Assets/Scrips/AudioManager.cs using Guid(f0ea02a54565c8a489b149e67e7ad055) Importer(815301076,1909f56bfc062723c751e8b465ee728b) (PreviewImporter) -> (artifact id: '00000000000000000000000000000000') in 0.0006138 seconds
Import Error Code:(4)
Message: Build asset version error: assets/scrips/audiomanager.cs in SourceAssetDB has modification time of '2025-09-25T06:51:22.0288933Z' while content on disk has modification time of '2025-09-25T06:51:35.5080598Z'
  ERROR: Build asset version error: assets/scrips/audiomanager.cs in SourceAssetDB has modification time of '2025-09-25T06:51:22.0288933Z' while content on disk has modification time of '2025-09-25T06:51:35.5080598Z'
Number of updated asset objects reloaded before import = 0Number of asset objects unloaded after import = 0

========================================================================
Received Import Request.
  Time since last request: 0.000017 seconds.
  path: Assets/Scrips/AudioManager.cs
  artifactKey: Guid(f0ea02a54565c8a489b149e67e7ad055) Importer(815301076,1909f56bfc062723c751e8b465ee728b)
Start importing Assets/Scrips/AudioManager.cs using Guid(f0ea02a54565c8a489b149e67e7ad055) Importer(815301076,1909f56bfc062723c751e8b465ee728b) (PreviewImporter) -> (artifact id: '00000000000000000000000000000000') in 0.0005701 seconds
Import Error Code:(4)
Message: Build asset version error: assets/scrips/audiomanager.cs in SourceAssetDB has modification time of '2025-09-25T06:51:22.0288933Z' while content on disk has modification time of '2025-09-25T06:51:35.5080598Z'
  ERROR: Build asset version error: assets/scrips/audiomanager.cs in SourceAssetDB has modification time of '2025-09-25T06:51:22.0288933Z' while content on disk has modification time of '2025-09-25T06:51:35.5080598Z'
Number of updated asset objects reloaded before import = 0Number of asset objects unloaded after import = 0

========================================================================
Received Import Request.
  Time since last request: 0.000017 seconds.
  path: Assets/Scrips/AudioManager.cs
  artifactKey: Guid(f0ea02a54565c8a489b149e67e7ad055) Importer(815301076,1909f56bfc062723c751e8b465ee728b)
Start importing Assets/Scrips/AudioManager.cs using Guid(f0ea02a54565c8a489b149e67e7ad055) Importer(815301076,1909f56bfc062723c751e8b465ee728b) (PreviewImporter) -> (artifact id: '00000000000000000000000000000000') in 0.0006131 seconds
Import Error Code:(4)
Message: Build asset version error: assets/scrips/audiomanager.cs in SourceAssetDB has modification time of '2025-09-25T06:51:22.0288933Z' while content on disk has modification time of '2025-09-25T06:51:35.5080598Z'
  ERROR: Build asset version error: assets/scrips/audiomanager.cs in SourceAssetDB has modification time of '2025-09-25T06:51:22.0288933Z' while content on disk has modification time of '2025-09-25T06:51:35.5080598Z'
Number of updated asset objects reloaded before import = 0Number of asset objects unloaded after import = 0

========================================================================
Received Import Request.
  Time since last request: 0.000017 seconds.
  path: Assets/Scrips/AudioManager.cs
  artifactKey: Guid(f0ea02a54565c8a489b149e67e7ad055) Importer(815301076,1909f56bfc062723c751e8b465ee728b)
Start importing Assets/Scrips/AudioManager.cs using Guid(f0ea02a54565c8a489b149e67e7ad055) Importer(815301076,1909f56bfc062723c751e8b465ee728b) (PreviewImporter) -> (artifact id: '00000000000000000000000000000000') in 0.0005396 seconds
Import Error Code:(4)
Message: Build asset version error: assets/scrips/audiomanager.cs in SourceAssetDB has modification time of '2025-09-25T06:51:22.0288933Z' while content on disk has modification time of '2025-09-25T06:51:35.5080598Z'
  ERROR: Build asset version error: assets/scrips/audiomanager.cs in SourceAssetDB has modification time of '2025-09-25T06:51:22.0288933Z' while content on disk has modification time of '2025-09-25T06:51:35.5080598Z'
Number of updated asset objects reloaded before import = 0Number of asset objects unloaded after import = 0

========================================================================
Received Import Request.
  Time since last request: 0.004287 seconds.
  path: Assets/Scrips/AudioManager.cs
  artifactKey: Guid(f0ea02a54565c8a489b149e67e7ad055) Importer(815301076,1909f56bfc062723c751e8b465ee728b)
Start importing Assets/Scrips/AudioManager.cs using Guid(f0ea02a54565c8a489b149e67e7ad055) Importer(815301076,1909f56bfc062723c751e8b465ee728b) (PreviewImporter) -> (artifact id: '00000000000000000000000000000000') in 0.0005489 seconds
Import Error Code:(4)
Message: Build asset version error: assets/scrips/audiomanager.cs in SourceAssetDB has modification time of '2025-09-25T06:51:22.0288933Z' while content on disk has modification time of '2025-09-25T06:51:35.5080598Z'
  ERROR: Build asset version error: assets/scrips/audiomanager.cs in SourceAssetDB has modification time of '2025-09-25T06:51:22.0288933Z' while content on disk has modification time of '2025-09-25T06:51:35.5080598Z'
Number of updated asset objects reloaded before import = 0Number of asset objects unloaded after import = 0

========================================================================
Received Import Request.
  Time since last request: 0.002494 seconds.
  path: Assets/Scrips/AudioManager.cs
  artifactKey: Guid(f0ea02a54565c8a489b149e67e7ad055) Importer(815301076,1909f56bfc062723c751e8b465ee728b)
Start importing Assets/Scrips/AudioManager.cs using Guid(f0ea02a54565c8a489b149e67e7ad055) Importer(815301076,1909f56bfc062723c751e8b465ee728b) (PreviewImporter) -> (artifact id: '00000000000000000000000000000000') in 0.0005945 seconds
Import Error Code:(4)
Message: Build asset version error: assets/scrips/audiomanager.cs in SourceAssetDB has modification time of '2025-09-25T06:51:22.0288933Z' while content on disk has modification time of '2025-09-25T06:51:35.5080598Z'
  ERROR: Build asset version error: assets/scrips/audiomanager.cs in SourceAssetDB has modification time of '2025-09-25T06:51:22.0288933Z' while content on disk has modification time of '2025-09-25T06:51:35.5080598Z'
Number of updated asset objects reloaded before import = 0Number of asset objects unloaded after import = 0

========================================================================
Received Import Request.
  Time since last request: 0.000204 seconds.
  path: Assets/Scrips/AudioManager.cs
  artifactKey: Guid(f0ea02a54565c8a489b149e67e7ad055) Importer(815301076,1909f56bfc062723c751e8b465ee728b)
Start importing Assets/Scrips/AudioManager.cs using Guid(f0ea02a54565c8a489b149e67e7ad055) Importer(815301076,1909f56bfc062723c751e8b465ee728b) (PreviewImporter) -> (artifact id: '00000000000000000000000000000000') in 0.0006187 seconds
Import Error Code:(4)
Message: Build asset version error: assets/scrips/audiomanager.cs in SourceAssetDB has modification time of '2025-09-25T06:51:22.0288933Z' while content on disk has modification time of '2025-09-25T06:51:35.5080598Z'
  ERROR: Build asset version error: assets/scrips/audiomanager.cs in SourceAssetDB has modification time of '2025-09-25T06:51:22.0288933Z' while content on disk has modification time of '2025-09-25T06:51:35.5080598Z'
Number of updated asset objects reloaded before import = 0Number of asset objects unloaded after import = 0

========================================================================
Received Import Request.
  Time since last request: 0.000018 seconds.
  path: Assets/Scrips/AudioManager.cs
  artifactKey: Guid(f0ea02a54565c8a489b149e67e7ad055) Importer(815301076,1909f56bfc062723c751e8b465ee728b)
Start importing Assets/Scrips/AudioManager.cs using Guid(f0ea02a54565c8a489b149e67e7ad055) Importer(815301076,1909f56bfc062723c751e8b465ee728b) (PreviewImporter) -> (artifact id: '00000000000000000000000000000000') in 0.0005944 seconds
Import Error Code:(4)
Message: Build asset version error: assets/scrips/audiomanager.cs in SourceAssetDB has modification time of '2025-09-25T06:51:22.0288933Z' while content on disk has modification time of '2025-09-25T06:51:35.5080598Z'
  ERROR: Build asset version error: assets/scrips/audiomanager.cs in SourceAssetDB has modification time of '2025-09-25T06:51:22.0288933Z' while content on disk has modification time of '2025-09-25T06:51:35.5080598Z'
Number of updated asset objects reloaded before import = 0Number of asset objects unloaded after import = 0

========================================================================
Received Import Request.
  Time since last request: 0.000525 seconds.
  path: Assets/Scrips/AudioManager.cs
  artifactKey: Guid(f0ea02a54565c8a489b149e67e7ad055) Importer(815301076,1909f56bfc062723c751e8b465ee728b)
Start importing Assets/Scrips/AudioManager.cs using Guid(f0ea02a54565c8a489b149e67e7ad055) Importer(815301076,1909f56bfc062723c751e8b465ee728b) (PreviewImporter) -> (artifact id: '00000000000000000000000000000000') in 0.0005208 seconds
Import Error Code:(4)
Message: Build asset version error: assets/scrips/audiomanager.cs in SourceAssetDB has modification time of '2025-09-25T06:51:22.0288933Z' while content on disk has modification time of '2025-09-25T06:51:35.5080598Z'
  ERROR: Build asset version error: assets/scrips/audiomanager.cs in SourceAssetDB has modification time of '2025-09-25T06:51:22.0288933Z' while content on disk has modification time of '2025-09-25T06:51:35.5080598Z'
Number of updated asset objects reloaded before import = 0Number of asset objects unloaded after import = 0

========================================================================
Received Import Request.
  Time since last request: 0.001399 seconds.
  path: Assets/Scrips/AudioManager.cs
  artifactKey: Guid(f0ea02a54565c8a489b149e67e7ad055) Importer(815301076,1909f56bfc062723c751e8b465ee728b)
Start importing Assets/Scrips/AudioManager.cs using Guid(f0ea02a54565c8a489b149e67e7ad055) Importer(815301076,1909f56bfc062723c751e8b465ee728b) (PreviewImporter) -> (artifact id: '00000000000000000000000000000000') in 0.000565 seconds
Import Error Code:(4)
Message: Build asset version error: assets/scrips/audiomanager.cs in SourceAssetDB has modification time of '2025-09-25T06:51:22.0288933Z' while content on disk has modification time of '2025-09-25T06:51:35.5080598Z'
  ERROR: Build asset version error: assets/scrips/audiomanager.cs in SourceAssetDB has modification time of '2025-09-25T06:51:22.0288933Z' while content on disk has modification time of '2025-09-25T06:51:35.5080598Z'
Number of updated asset objects reloaded before import = 0Number of asset objects unloaded after import = 0

========================================================================
Received Import Request.
  Time since last request: 0.000040 seconds.
  path: Assets/Scrips/AudioManager.cs
  artifactKey: Guid(f0ea02a54565c8a489b149e67e7ad055) Importer(815301076,1909f56bfc062723c751e8b465ee728b)
Start importing Assets/Scrips/AudioManager.cs using Guid(f0ea02a54565c8a489b149e67e7ad055) Importer(815301076,1909f56bfc062723c751e8b465ee728b) (PreviewImporter) -> (artifact id: '00000000000000000000000000000000') in 0.0005323 seconds
Import Error Code:(4)
Message: Build asset version error: assets/scrips/audiomanager.cs in SourceAssetDB has modification time of '2025-09-25T06:51:22.0288933Z' while content on disk has modification time of '2025-09-25T06:51:35.5080598Z'
  ERROR: Build asset version error: assets/scrips/audiomanager.cs in SourceAssetDB has modification time of '2025-09-25T06:51:22.0288933Z' while content on disk has modification time of '2025-09-25T06:51:35.5080598Z'
Number of updated asset objects reloaded before import = 0Number of asset objects unloaded after import = 0

========================================================================
Received Import Request.
  Time since last request: 0.000014 seconds.
  path: Assets/Scrips/AudioManager.cs
  artifactKey: Guid(f0ea02a54565c8a489b149e67e7ad055) Importer(815301076,1909f56bfc062723c751e8b465ee728b)
Start importing Assets/Scrips/AudioManager.cs using Guid(f0ea02a54565c8a489b149e67e7ad055) Importer(815301076,1909f56bfc062723c751e8b465ee728b) (PreviewImporter) -> (artifact id: '00000000000000000000000000000000') in 0.0005192 seconds
Import Error Code:(4)
Message: Build asset version error: assets/scrips/audiomanager.cs in SourceAssetDB has modification time of '2025-09-25T06:51:22.0288933Z' while content on disk has modification time of '2025-09-25T06:51:35.5080598Z'
  ERROR: Build asset version error: assets/scrips/audiomanager.cs in SourceAssetDB has modification time of '2025-09-25T06:51:22.0288933Z' while content on disk has modification time of '2025-09-25T06:51:35.5080598Z'
Number of updated asset objects reloaded before import = 0Number of asset objects unloaded after import = 0

========================================================================
Received Import Request.
  Time since last request: 0.000055 seconds.
  path: Assets/Scrips/AudioManager.cs
  artifactKey: Guid(f0ea02a54565c8a489b149e67e7ad055) Importer(815301076,1909f56bfc062723c751e8b465ee728b)
Start importing Assets/Scrips/AudioManager.cs using Guid(f0ea02a54565c8a489b149e67e7ad055) Importer(815301076,1909f56bfc062723c751e8b465ee728b) (PreviewImporter) -> (artifact id: '00000000000000000000000000000000') in 0.0005814 seconds
Import Error Code:(4)
Message: Build asset version error: assets/scrips/audiomanager.cs in SourceAssetDB has modification time of '2025-09-25T06:51:22.0288933Z' while content on disk has modification time of '2025-09-25T06:51:35.5080598Z'
  ERROR: Build asset version error: assets/scrips/audiomanager.cs in SourceAssetDB has modification time of '2025-09-25T06:51:22.0288933Z' while content on disk has modification time of '2025-09-25T06:51:35.5080598Z'
Number of updated asset objects reloaded before import = 0Number of asset objects unloaded after import = 0

========================================================================
Received Import Request.
  Time since last request: 0.000148 seconds.
  path: Assets/Scrips/AudioManager.cs
  artifactKey: Guid(f0ea02a54565c8a489b149e67e7ad055) Importer(815301076,1909f56bfc062723c751e8b465ee728b)
Start importing Assets/Scrips/AudioManager.cs using Guid(f0ea02a54565c8a489b149e67e7ad055) Importer(815301076,1909f56bfc062723c751e8b465ee728b) (PreviewImporter) -> (artifact id: '00000000000000000000000000000000') in 0.0006486 seconds
Import Error Code:(4)
Message: Build asset version error: assets/scrips/audiomanager.cs in SourceAssetDB has modification time of '2025-09-25T06:51:22.0288933Z' while content on disk has modification time of '2025-09-25T06:51:35.5080598Z'
  ERROR: Build asset version error: assets/scrips/audiomanager.cs in SourceAssetDB has modification time of '2025-09-25T06:51:22.0288933Z' while content on disk has modification time of '2025-09-25T06:51:35.5080598Z'
Number of updated asset objects reloaded before import = 0Number of asset objects unloaded after import = 0

========================================================================
Received Import Request.
  Time since last request: 0.003818 seconds.
  path: Assets/Scrips/AudioManager.cs
  artifactKey: Guid(f0ea02a54565c8a489b149e67e7ad055) Importer(815301076,1909f56bfc062723c751e8b465ee728b)
Start importing Assets/Scrips/AudioManager.cs using Guid(f0ea02a54565c8a489b149e67e7ad055) Importer(815301076,1909f56bfc062723c751e8b465ee728b) (PreviewImporter) -> (artifact id: '00000000000000000000000000000000') in 0.0006661 seconds
Import Error Code:(4)
Message: Build asset version error: assets/scrips/audiomanager.cs in SourceAssetDB has modification time of '2025-09-25T06:51:22.0288933Z' while content on disk has modification time of '2025-09-25T06:51:35.5080598Z'
  ERROR: Build asset version error: assets/scrips/audiomanager.cs in SourceAssetDB has modification time of '2025-09-25T06:51:22.0288933Z' while content on disk has modification time of '2025-09-25T06:51:35.5080598Z'
Number of updated asset objects reloaded before import = 0Number of asset objects unloaded after import = 0

========================================================================
Received Import Request.
  Time since last request: 0.003087 seconds.
  path: Assets/Scrips/AudioManager.cs
  artifactKey: Guid(f0ea02a54565c8a489b149e67e7ad055) Importer(815301076,1909f56bfc062723c751e8b465ee728b)
Start importing Assets/Scrips/AudioManager.cs using Guid(f0ea02a54565c8a489b149e67e7ad055) Importer(815301076,1909f56bfc062723c751e8b465ee728b) (PreviewImporter) -> (artifact id: '00000000000000000000000000000000') in 0.0005963 seconds
Import Error Code:(4)
Message: Build asset version error: assets/scrips/audiomanager.cs in SourceAssetDB has modification time of '2025-09-25T06:51:22.0288933Z' while content on disk has modification time of '2025-09-25T06:51:35.5080598Z'
  ERROR: Build asset version error: assets/scrips/audiomanager.cs in SourceAssetDB has modification time of '2025-09-25T06:51:22.0288933Z' while content on disk has modification time of '2025-09-25T06:51:35.5080598Z'
Number of updated asset objects reloaded before import = 0Number of asset objects unloaded after import = 0

========================================================================
Received Import Request.
  Time since last request: 0.002265 seconds.
  path: Assets/Scrips/AudioManager.cs
  artifactKey: Guid(f0ea02a54565c8a489b149e67e7ad055) Importer(815301076,1909f56bfc062723c751e8b465ee728b)
Start importing Assets/Scrips/AudioManager.cs using Guid(f0ea02a54565c8a489b149e67e7ad055) Importer(815301076,1909f56bfc062723c751e8b465ee728b) (PreviewImporter) -> (artifact id: '00000000000000000000000000000000') in 0.0006541 seconds
Import Error Code:(4)
Message: Build asset version error: assets/scrips/audiomanager.cs in SourceAssetDB has modification time of '2025-09-25T06:51:22.0288933Z' while content on disk has modification time of '2025-09-25T06:51:35.5080598Z'
  ERROR: Build asset version error: assets/scrips/audiomanager.cs in SourceAssetDB has modification time of '2025-09-25T06:51:22.0288933Z' while content on disk has modification time of '2025-09-25T06:51:35.5080598Z'
Number of updated asset objects reloaded before import = 0Number of asset objects unloaded after import = 0

========================================================================
Received Import Request.
  Time since last request: 0.000021 seconds.
  path: Assets/Scrips/AudioManager.cs
  artifactKey: Guid(f0ea02a54565c8a489b149e67e7ad055) Importer(815301076,1909f56bfc062723c751e8b465ee728b)
Start importing Assets/Scrips/AudioManager.cs using Guid(f0ea02a54565c8a489b149e67e7ad055) Importer(815301076,1909f56bfc062723c751e8b465ee728b) (PreviewImporter) -> (artifact id: '00000000000000000000000000000000') in 0.0007343 seconds
Import Error Code:(4)
Message: Build asset version error: assets/scrips/audiomanager.cs in SourceAssetDB has modification time of '2025-09-25T06:51:22.0288933Z' while content on disk has modification time of '2025-09-25T06:51:35.5080598Z'
  ERROR: Build asset version error: assets/scrips/audiomanager.cs in SourceAssetDB has modification time of '2025-09-25T06:51:22.0288933Z' while content on disk has modification time of '2025-09-25T06:51:35.5080598Z'
Number of updated asset objects reloaded before import = 0Number of asset objects unloaded after import = 0

========================================================================
Received Import Request.
  Time since last request: 0.000020 seconds.
  path: Assets/Scrips/AudioManager.cs
  artifactKey: Guid(f0ea02a54565c8a489b149e67e7ad055) Importer(815301076,1909f56bfc062723c751e8b465ee728b)
Start importing Assets/Scrips/AudioManager.cs using Guid(f0ea02a54565c8a489b149e67e7ad055) Importer(815301076,1909f56bfc062723c751e8b465ee728b) (PreviewImporter) -> (artifact id: '00000000000000000000000000000000') in 0.0006537 seconds
Import Error Code:(4)
Message: Build asset version error: assets/scrips/audiomanager.cs in SourceAssetDB has modification time of '2025-09-25T06:51:22.0288933Z' while content on disk has modification time of '2025-09-25T06:51:35.5080598Z'
  ERROR: Build asset version error: assets/scrips/audiomanager.cs in SourceAssetDB has modification time of '2025-09-25T06:51:22.0288933Z' while content on disk has modification time of '2025-09-25T06:51:35.5080598Z'
Number of updated asset objects reloaded before import = 0Number of asset objects unloaded after import = 0

========================================================================
Received Import Request.
  Time since last request: 0.000032 seconds.
  path: Assets/Scrips/AudioManager.cs
  artifactKey: Guid(f0ea02a54565c8a489b149e67e7ad055) Importer(815301076,1909f56bfc062723c751e8b465ee728b)
Start importing Assets/Scrips/AudioManager.cs using Guid(f0ea02a54565c8a489b149e67e7ad055) Importer(815301076,1909f56bfc062723c751e8b465ee728b) (PreviewImporter) -> (artifact id: '00000000000000000000000000000000') in 0.000701 seconds
Import Error Code:(4)
Message: Build asset version error: assets/scrips/audiomanager.cs in SourceAssetDB has modification time of '2025-09-25T06:51:22.0288933Z' while content on disk has modification time of '2025-09-25T06:51:35.5080598Z'
  ERROR: Build asset version error: assets/scrips/audiomanager.cs in SourceAssetDB has modification time of '2025-09-25T06:51:22.0288933Z' while content on disk has modification time of '2025-09-25T06:51:35.5080598Z'
Number of updated asset objects reloaded before import = 0Number of asset objects unloaded after import = 0

========================================================================
Received Import Request.
  Time since last request: 0.000014 seconds.
  path: Assets/Scrips/AudioManager.cs
  artifactKey: Guid(f0ea02a54565c8a489b149e67e7ad055) Importer(815301076,1909f56bfc062723c751e8b465ee728b)
Start importing Assets/Scrips/AudioManager.cs using Guid(f0ea02a54565c8a489b149e67e7ad055) Importer(815301076,1909f56bfc062723c751e8b465ee728b) (PreviewImporter) -> (artifact id: '00000000000000000000000000000000') in 0.0006798 seconds
Import Error Code:(4)
Message: Build asset version error: assets/scrips/audiomanager.cs in SourceAssetDB has modification time of '2025-09-25T06:51:22.0288933Z' while content on disk has modification time of '2025-09-25T06:51:35.5080598Z'
  ERROR: Build asset version error: assets/scrips/audiomanager.cs in SourceAssetDB has modification time of '2025-09-25T06:51:22.0288933Z' while content on disk has modification time of '2025-09-25T06:51:35.5080598Z'
Number of updated asset objects reloaded before import = 0Number of asset objects unloaded after import = 0

========================================================================
Received Import Request.
  Time since last request: 0.000023 seconds.
  path: Assets/Scrips/AudioManager.cs
  artifactKey: Guid(f0ea02a54565c8a489b149e67e7ad055) Importer(815301076,1909f56bfc062723c751e8b465ee728b)
Start importing Assets/Scrips/AudioManager.cs using Guid(f0ea02a54565c8a489b149e67e7ad055) Importer(815301076,1909f56bfc062723c751e8b465ee728b) (PreviewImporter) -> (artifact id: '00000000000000000000000000000000') in 0.0006213 seconds
Import Error Code:(4)
Message: Build asset version error: assets/scrips/audiomanager.cs in SourceAssetDB has modification time of '2025-09-25T06:51:22.0288933Z' while content on disk has modification time of '2025-09-25T06:51:35.5080598Z'
  ERROR: Build asset version error: assets/scrips/audiomanager.cs in SourceAssetDB has modification time of '2025-09-25T06:51:22.0288933Z' while content on disk has modification time of '2025-09-25T06:51:35.5080598Z'
Number of updated asset objects reloaded before import = 0Number of asset objects unloaded after import = 0

========================================================================
Received Import Request.
  Time since last request: 0.000021 seconds.
  path: Assets/Scrips/AudioManager.cs
  artifactKey: Guid(f0ea02a54565c8a489b149e67e7ad055) Importer(815301076,1909f56bfc062723c751e8b465ee728b)
Start importing Assets/Scrips/AudioManager.cs using Guid(f0ea02a54565c8a489b149e67e7ad055) Importer(815301076,1909f56bfc062723c751e8b465ee728b) (PreviewImporter) -> (artifact id: '00000000000000000000000000000000') in 0.0005477 seconds
Import Error Code:(4)
Message: Build asset version error: assets/scrips/audiomanager.cs in SourceAssetDB has modification time of '2025-09-25T06:51:22.0288933Z' while content on disk has modification time of '2025-09-25T06:51:35.5080598Z'
  ERROR: Build asset version error: assets/scrips/audiomanager.cs in SourceAssetDB has modification time of '2025-09-25T06:51:22.0288933Z' while content on disk has modification time of '2025-09-25T06:51:35.5080598Z'
Number of updated asset objects reloaded before import = 0Number of asset objects unloaded after import = 0

========================================================================
Received Import Request.
  Time since last request: 0.001999 seconds.
  path: Assets/Scrips/AudioManager.cs
  artifactKey: Guid(f0ea02a54565c8a489b149e67e7ad055) Importer(815301076,1909f56bfc062723c751e8b465ee728b)
Start importing Assets/Scrips/AudioManager.cs using Guid(f0ea02a54565c8a489b149e67e7ad055) Importer(815301076,1909f56bfc062723c751e8b465ee728b) (PreviewImporter) -> (artifact id: '00000000000000000000000000000000') in 0.0005655 seconds
Import Error Code:(4)
Message: Build asset version error: assets/scrips/audiomanager.cs in SourceAssetDB has modification time of '2025-09-25T06:51:22.0288933Z' while content on disk has modification time of '2025-09-25T06:51:35.5080598Z'
  ERROR: Build asset version error: assets/scrips/audiomanager.cs in SourceAssetDB has modification time of '2025-09-25T06:51:22.0288933Z' while content on disk has modification time of '2025-09-25T06:51:35.5080598Z'
Number of updated asset objects reloaded before import = 0Number of asset objects unloaded after import = 0

========================================================================
Received Import Request.
  Time since last request: 0.000626 seconds.
  path: Assets/Scrips/AudioManager.cs
  artifactKey: Guid(f0ea02a54565c8a489b149e67e7ad055) Importer(815301076,1909f56bfc062723c751e8b465ee728b)
Start importing Assets/Scrips/AudioManager.cs using Guid(f0ea02a54565c8a489b149e67e7ad055) Importer(815301076,1909f56bfc062723c751e8b465ee728b) (PreviewImporter) -> (artifact id: '00000000000000000000000000000000') in 0.0005484 seconds
Import Error Code:(4)
Message: Build asset version error: assets/scrips/audiomanager.cs in SourceAssetDB has modification time of '2025-09-25T06:51:22.0288933Z' while content on disk has modification time of '2025-09-25T06:51:35.5080598Z'
  ERROR: Build asset version error: assets/scrips/audiomanager.cs in SourceAssetDB has modification time of '2025-09-25T06:51:22.0288933Z' while content on disk has modification time of '2025-09-25T06:51:35.5080598Z'
Number of updated asset objects reloaded before import = 0Number of asset objects unloaded after import = 0

========================================================================
Received Import Request.
  Time since last request: 0.001124 seconds.
  path: Assets/Scrips/AudioManager.cs
  artifactKey: Guid(f0ea02a54565c8a489b149e67e7ad055) Importer(815301076,1909f56bfc062723c751e8b465ee728b)
Start importing Assets/Scrips/AudioManager.cs using Guid(f0ea02a54565c8a489b149e67e7ad055) Importer(815301076,1909f56bfc062723c751e8b465ee728b) (PreviewImporter) -> (artifact id: '00000000000000000000000000000000') in 0.0007581 seconds
Import Error Code:(4)
Message: Build asset version error: assets/scrips/audiomanager.cs in SourceAssetDB has modification time of '2025-09-25T06:51:22.0288933Z' while content on disk has modification time of '2025-09-25T06:51:35.5080598Z'
  ERROR: Build asset version error: assets/scrips/audiomanager.cs in SourceAssetDB has modification time of '2025-09-25T06:51:22.0288933Z' while content on disk has modification time of '2025-09-25T06:51:35.5080598Z'
Number of updated asset objects reloaded before import = 0Number of asset objects unloaded after import = 0

========================================================================
Received Import Request.
  Time since last request: 0.005760 seconds.
  path: Assets/Scrips/AudioManager.cs
  artifactKey: Guid(f0ea02a54565c8a489b149e67e7ad055) Importer(815301076,1909f56bfc062723c751e8b465ee728b)
Start importing Assets/Scrips/AudioManager.cs using Guid(f0ea02a54565c8a489b149e67e7ad055) Importer(815301076,1909f56bfc062723c751e8b465ee728b) (PreviewImporter) -> (artifact id: '00000000000000000000000000000000') in 0.0006977 seconds
Import Error Code:(4)
Message: Build asset version error: assets/scrips/audiomanager.cs in SourceAssetDB has modification time of '2025-09-25T06:51:22.0288933Z' while content on disk has modification time of '2025-09-25T06:51:35.5080598Z'
  ERROR: Build asset version error: assets/scrips/audiomanager.cs in SourceAssetDB has modification time of '2025-09-25T06:51:22.0288933Z' while content on disk has modification time of '2025-09-25T06:51:35.5080598Z'
Number of updated asset objects reloaded before import = 0Number of asset objects unloaded after import = 0

========================================================================
Received Import Request.
  Time since last request: 0.006689 seconds.
  path: Assets/Scrips/AudioManager.cs
  artifactKey: Guid(f0ea02a54565c8a489b149e67e7ad055) Importer(815301076,1909f56bfc062723c751e8b465ee728b)
Start importing Assets/Scrips/AudioManager.cs using Guid(f0ea02a54565c8a489b149e67e7ad055) Importer(815301076,1909f56bfc062723c751e8b465ee728b) (PreviewImporter) -> (artifact id: '00000000000000000000000000000000') in 0.0008214 seconds
Import Error Code:(4)
Message: Build asset version error: assets/scrips/audiomanager.cs in SourceAssetDB has modification time of '2025-09-25T06:51:22.0288933Z' while content on disk has modification time of '2025-09-25T06:51:35.5080598Z'
  ERROR: Build asset version error: assets/scrips/audiomanager.cs in SourceAssetDB has modification time of '2025-09-25T06:51:22.0288933Z' while content on disk has modification time of '2025-09-25T06:51:35.5080598Z'
Number of updated asset objects reloaded before import = 0Number of asset objects unloaded after import = 0

========================================================================
Received Import Request.
  Time since last request: 0.019338 seconds.
  path: Assets/Scrips/AudioManager.cs
  artifactKey: Guid(f0ea02a54565c8a489b149e67e7ad055) Importer(815301076,1909f56bfc062723c751e8b465ee728b)
Start importing Assets/Scrips/AudioManager.cs using Guid(f0ea02a54565c8a489b149e67e7ad055) Importer(815301076,1909f56bfc062723c751e8b465ee728b) (PreviewImporter) -> (artifact id: '00000000000000000000000000000000') in 0.0010395 seconds
Import Error Code:(4)
Message: Build asset version error: assets/scrips/audiomanager.cs in SourceAssetDB has modification time of '2025-09-25T06:51:22.0288933Z' while content on disk has modification time of '2025-09-25T06:51:35.5080598Z'
  ERROR: Build asset version error: assets/scrips/audiomanager.cs in SourceAssetDB has modification time of '2025-09-25T06:51:22.0288933Z' while content on disk has modification time of '2025-09-25T06:51:35.5080598Z'
Number of updated asset objects reloaded before import = 0Number of asset objects unloaded after import = 0

========================================================================
Received Import Request.
  Time since last request: 0.019554 seconds.
  path: Assets/Scrips/AudioManager.cs
  artifactKey: Guid(f0ea02a54565c8a489b149e67e7ad055) Importer(815301076,1909f56bfc062723c751e8b465ee728b)
Start importing Assets/Scrips/AudioManager.cs using Guid(f0ea02a54565c8a489b149e67e7ad055) Importer(815301076,1909f56bfc062723c751e8b465ee728b) (PreviewImporter) -> (artifact id: '00000000000000000000000000000000') in 0.0006137 seconds
Import Error Code:(4)
Message: Build asset version error: assets/scrips/audiomanager.cs in SourceAssetDB has modification time of '2025-09-25T06:51:22.0288933Z' while content on disk has modification time of '2025-09-25T06:51:35.5080598Z'
  ERROR: Build asset version error: assets/scrips/audiomanager.cs in SourceAssetDB has modification time of '2025-09-25T06:51:22.0288933Z' while content on disk has modification time of '2025-09-25T06:51:35.5080598Z'
Number of updated asset objects reloaded before import = 0Number of asset objects unloaded after import = 0

========================================================================
Received Import Request.
  Time since last request: 0.000017 seconds.
  path: Assets/Scrips/AudioManager.cs
  artifactKey: Guid(f0ea02a54565c8a489b149e67e7ad055) Importer(815301076,1909f56bfc062723c751e8b465ee728b)
Start importing Assets/Scrips/AudioManager.cs using Guid(f0ea02a54565c8a489b149e67e7ad055) Importer(815301076,1909f56bfc062723c751e8b465ee728b) (PreviewImporter) -> (artifact id: '00000000000000000000000000000000') in 0.000829 seconds
Import Error Code:(4)
Message: Build asset version error: assets/scrips/audiomanager.cs in SourceAssetDB has modification time of '2025-09-25T06:51:22.0288933Z' while content on disk has modification time of '2025-09-25T06:51:35.5080598Z'
  ERROR: Build asset version error: assets/scrips/audiomanager.cs in SourceAssetDB has modification time of '2025-09-25T06:51:22.0288933Z' while content on disk has modification time of '2025-09-25T06:51:35.5080598Z'
Number of updated asset objects reloaded before import = 0Number of asset objects unloaded after import = 0

========================================================================
Received Import Request.
  Time since last request: 0.000020 seconds.
  path: Assets/Scrips/AudioManager.cs
  artifactKey: Guid(f0ea02a54565c8a489b149e67e7ad055) Importer(815301076,1909f56bfc062723c751e8b465ee728b)
Start importing Assets/Scrips/AudioManager.cs using Guid(f0ea02a54565c8a489b149e67e7ad055) Importer(815301076,1909f56bfc062723c751e8b465ee728b) (PreviewImporter) -> (artifact id: '00000000000000000000000000000000') in 0.0005728 seconds
Import Error Code:(4)
Message: Build asset version error: assets/scrips/audiomanager.cs in SourceAssetDB has modification time of '2025-09-25T06:51:22.0288933Z' while content on disk has modification time of '2025-09-25T06:51:35.5080598Z'
  ERROR: Build asset version error: assets/scrips/audiomanager.cs in SourceAssetDB has modification time of '2025-09-25T06:51:22.0288933Z' while content on disk has modification time of '2025-09-25T06:51:35.5080598Z'
Number of updated asset objects reloaded before import = 0Number of asset objects unloaded after import = 0

========================================================================
Received Import Request.
  Time since last request: 0.009111 seconds.
  path: Assets/Scrips/AudioManager.cs
  artifactKey: Guid(f0ea02a54565c8a489b149e67e7ad055) Importer(815301076,1909f56bfc062723c751e8b465ee728b)
Start importing Assets/Scrips/AudioManager.cs using Guid(f0ea02a54565c8a489b149e67e7ad055) Importer(815301076,1909f56bfc062723c751e8b465ee728b) (PreviewImporter) -> (artifact id: '00000000000000000000000000000000') in 0.0006353 seconds
Import Error Code:(4)
Message: Build asset version error: assets/scrips/audiomanager.cs in SourceAssetDB has modification time of '2025-09-25T06:51:22.0288933Z' while content on disk has modification time of '2025-09-25T06:51:35.5080598Z'
  ERROR: Build asset version error: assets/scrips/audiomanager.cs in SourceAssetDB has modification time of '2025-09-25T06:51:22.0288933Z' while content on disk has modification time of '2025-09-25T06:51:35.5080598Z'
Number of updated asset objects reloaded before import = 0Number of asset objects unloaded after import = 0

========================================================================
Received Import Request.
  Time since last request: 0.025710 seconds.
  path: Assets/Scrips/AudioManager.cs
  artifactKey: Guid(f0ea02a54565c8a489b149e67e7ad055) Importer(815301076,1909f56bfc062723c751e8b465ee728b)
Start importing Assets/Scrips/AudioManager.cs using Guid(f0ea02a54565c8a489b149e67e7ad055) Importer(815301076,1909f56bfc062723c751e8b465ee728b) (PreviewImporter) -> (artifact id: '00000000000000000000000000000000') in 0.0006045 seconds
Import Error Code:(4)
Message: Build asset version error: assets/scrips/audiomanager.cs in SourceAssetDB has modification time of '2025-09-25T06:51:22.0288933Z' while content on disk has modification time of '2025-09-25T06:51:35.5080598Z'
  ERROR: Build asset version error: assets/scrips/audiomanager.cs in SourceAssetDB has modification time of '2025-09-25T06:51:22.0288933Z' while content on disk has modification time of '2025-09-25T06:51:35.5080598Z'
Number of updated asset objects reloaded before import = 0Number of asset objects unloaded after import = 0

========================================================================
Received Import Request.
  Time since last request: 0.005099 seconds.
  path: Assets/Scrips/AudioManager.cs
  artifactKey: Guid(f0ea02a54565c8a489b149e67e7ad055) Importer(815301076,1909f56bfc062723c751e8b465ee728b)
Start importing Assets/Scrips/AudioManager.cs using Guid(f0ea02a54565c8a489b149e67e7ad055) Importer(815301076,1909f56bfc062723c751e8b465ee728b) (PreviewImporter) -> (artifact id: '00000000000000000000000000000000') in 0.0007429 seconds
Import Error Code:(4)
Message: Build asset version error: assets/scrips/audiomanager.cs in SourceAssetDB has modification time of '2025-09-25T06:51:22.0288933Z' while content on disk has modification time of '2025-09-25T06:51:35.5080598Z'
  ERROR: Build asset version error: assets/scrips/audiomanager.cs in SourceAssetDB has modification time of '2025-09-25T06:51:22.0288933Z' while content on disk has modification time of '2025-09-25T06:51:35.5080598Z'
Number of updated asset objects reloaded before import = 0Number of asset objects unloaded after import = 0

========================================================================
Received Import Request.
  Time since last request: 0.001812 seconds.
  path: Assets/Scrips/AudioManager.cs
  artifactKey: Guid(f0ea02a54565c8a489b149e67e7ad055) Importer(815301076,1909f56bfc062723c751e8b465ee728b)
Start importing Assets/Scrips/AudioManager.cs using Guid(f0ea02a54565c8a489b149e67e7ad055) Importer(815301076,1909f56bfc062723c751e8b465ee728b) (PreviewImporter) -> (artifact id: '00000000000000000000000000000000') in 0.0006284 seconds
Import Error Code:(4)
Message: Build asset version error: assets/scrips/audiomanager.cs in SourceAssetDB has modification time of '2025-09-25T06:51:22.0288933Z' while content on disk has modification time of '2025-09-25T06:51:35.5080598Z'
  ERROR: Build asset version error: assets/scrips/audiomanager.cs in SourceAssetDB has modification time of '2025-09-25T06:51:22.0288933Z' while content on disk has modification time of '2025-09-25T06:51:35.5080598Z'
Number of updated asset objects reloaded before import = 0Number of asset objects unloaded after import = 0

========================================================================
Received Import Request.
  Time since last request: 0.000016 seconds.
  path: Assets/Scrips/AudioManager.cs
  artifactKey: Guid(f0ea02a54565c8a489b149e67e7ad055) Importer(815301076,1909f56bfc062723c751e8b465ee728b)
Start importing Assets/Scrips/AudioManager.cs using Guid(f0ea02a54565c8a489b149e67e7ad055) Importer(815301076,1909f56bfc062723c751e8b465ee728b) (PreviewImporter) -> (artifact id: '00000000000000000000000000000000') in 0.0006117 seconds
Import Error Code:(4)
Message: Build asset version error: assets/scrips/audiomanager.cs in SourceAssetDB has modification time of '2025-09-25T06:51:22.0288933Z' while content on disk has modification time of '2025-09-25T06:51:35.5080598Z'
  ERROR: Build asset version error: assets/scrips/audiomanager.cs in SourceAssetDB has modification time of '2025-09-25T06:51:22.0288933Z' while content on disk has modification time of '2025-09-25T06:51:35.5080598Z'
Number of updated asset objects reloaded before import = 0Number of asset objects unloaded after import = 0

========================================================================
Received Import Request.
  Time since last request: 0.000022 seconds.
  path: Assets/Scrips/AudioManager.cs
  artifactKey: Guid(f0ea02a54565c8a489b149e67e7ad055) Importer(815301076,1909f56bfc062723c751e8b465ee728b)
Start importing Assets/Scrips/AudioManager.cs using Guid(f0ea02a54565c8a489b149e67e7ad055) Importer(815301076,1909f56bfc062723c751e8b465ee728b) (PreviewImporter) -> (artifact id: '00000000000000000000000000000000') in 0.0006978 seconds
Import Error Code:(4)
Message: Build asset version error: assets/scrips/audiomanager.cs in SourceAssetDB has modification time of '2025-09-25T06:51:22.0288933Z' while content on disk has modification time of '2025-09-25T06:51:35.5080598Z'
  ERROR: Build asset version error: assets/scrips/audiomanager.cs in SourceAssetDB has modification time of '2025-09-25T06:51:22.0288933Z' while content on disk has modification time of '2025-09-25T06:51:35.5080598Z'
Number of updated asset objects reloaded before import = 0Number of asset objects unloaded after import = 0

========================================================================
Received Import Request.
  Time since last request: 0.009490 seconds.
  path: Assets/Scrips/AudioManager.cs
  artifactKey: Guid(f0ea02a54565c8a489b149e67e7ad055) Importer(815301076,1909f56bfc062723c751e8b465ee728b)
Start importing Assets/Scrips/AudioManager.cs using Guid(f0ea02a54565c8a489b149e67e7ad055) Importer(815301076,1909f56bfc062723c751e8b465ee728b) (PreviewImporter) -> (artifact id: '00000000000000000000000000000000') in 0.0009389 seconds
Import Error Code:(4)
Message: Build asset version error: assets/scrips/audiomanager.cs in SourceAssetDB has modification time of '2025-09-25T06:51:22.0288933Z' while content on disk has modification time of '2025-09-25T06:51:35.5080598Z'
  ERROR: Build asset version error: assets/scrips/audiomanager.cs in SourceAssetDB has modification time of '2025-09-25T06:51:22.0288933Z' while content on disk has modification time of '2025-09-25T06:51:35.5080598Z'
Number of updated asset objects reloaded before import = 0Number of asset objects unloaded after import = 0

========================================================================
Received Import Request.
  Time since last request: 0.004579 seconds.
  path: Assets/Scrips/AudioManager.cs
  artifactKey: Guid(f0ea02a54565c8a489b149e67e7ad055) Importer(815301076,1909f56bfc062723c751e8b465ee728b)
Start importing Assets/Scrips/AudioManager.cs using Guid(f0ea02a54565c8a489b149e67e7ad055) Importer(815301076,1909f56bfc062723c751e8b465ee728b) (PreviewImporter) -> (artifact id: '00000000000000000000000000000000') in 0.0009472 seconds
Import Error Code:(4)
Message: Build asset version error: assets/scrips/audiomanager.cs in SourceAssetDB has modification time of '2025-09-25T06:51:22.0288933Z' while content on disk has modification time of '2025-09-25T06:51:35.5080598Z'
  ERROR: Build asset version error: assets/scrips/audiomanager.cs in SourceAssetDB has modification time of '2025-09-25T06:51:22.0288933Z' while content on disk has modification time of '2025-09-25T06:51:35.5080598Z'
Number of updated asset objects reloaded before import = 0Number of asset objects unloaded after import = 0

========================================================================
Received Import Request.
  Time since last request: 0.005601 seconds.
  path: Assets/Scrips/AudioManager.cs
  artifactKey: Guid(f0ea02a54565c8a489b149e67e7ad055) Importer(815301076,1909f56bfc062723c751e8b465ee728b)
Start importing Assets/Scrips/AudioManager.cs using Guid(f0ea02a54565c8a489b149e67e7ad055) Importer(815301076,1909f56bfc062723c751e8b465ee728b) (PreviewImporter) -> (artifact id: '00000000000000000000000000000000') in 0.0009574 seconds
Import Error Code:(4)
Message: Build asset version error: assets/scrips/audiomanager.cs in SourceAssetDB has modification time of '2025-09-25T06:51:22.0288933Z' while content on disk has modification time of '2025-09-25T06:51:35.5080598Z'
  ERROR: Build asset version error: assets/scrips/audiomanager.cs in SourceAssetDB has modification time of '2025-09-25T06:51:22.0288933Z' while content on disk has modification time of '2025-09-25T06:51:35.5080598Z'
Number of updated asset objects reloaded before import = 0Number of asset objects unloaded after import = 0

========================================================================
Received Import Request.
  Time since last request: 0.009049 seconds.
  path: Assets/Scrips/AudioManager.cs
  artifactKey: Guid(f0ea02a54565c8a489b149e67e7ad055) Importer(815301076,1909f56bfc062723c751e8b465ee728b)
Start importing Assets/Scrips/AudioManager.cs using Guid(f0ea02a54565c8a489b149e67e7ad055) Importer(815301076,1909f56bfc062723c751e8b465ee728b) (PreviewImporter) -> (artifact id: '00000000000000000000000000000000') in 0.0009018 seconds
Import Error Code:(4)
Message: Build asset version error: assets/scrips/audiomanager.cs in SourceAssetDB has modification time of '2025-09-25T06:51:22.0288933Z' while content on disk has modification time of '2025-09-25T06:51:35.5080598Z'
  ERROR: Build asset version error: assets/scrips/audiomanager.cs in SourceAssetDB has modification time of '2025-09-25T06:51:22.0288933Z' while content on disk has modification time of '2025-09-25T06:51:35.5080598Z'
Number of updated asset objects reloaded before import = 0Number of asset objects unloaded after import = 0

========================================================================
Received Import Request.
  Time since last request: 0.000020 seconds.
  path: Assets/Scrips/AudioManager.cs
  artifactKey: Guid(f0ea02a54565c8a489b149e67e7ad055) Importer(815301076,1909f56bfc062723c751e8b465ee728b)
Start importing Assets/Scrips/AudioManager.cs using Guid(f0ea02a54565c8a489b149e67e7ad055) Importer(815301076,1909f56bfc062723c751e8b465ee728b) (PreviewImporter) -> (artifact id: '00000000000000000000000000000000') in 0.0007458 seconds
Import Error Code:(4)
Message: Build asset version error: assets/scrips/audiomanager.cs in SourceAssetDB has modification time of '2025-09-25T06:51:22.0288933Z' while content on disk has modification time of '2025-09-25T06:51:35.5080598Z'
  ERROR: Build asset version error: assets/scrips/audiomanager.cs in SourceAssetDB has modification time of '2025-09-25T06:51:22.0288933Z' while content on disk has modification time of '2025-09-25T06:51:35.5080598Z'
Number of updated asset objects reloaded before import = 0Number of asset objects unloaded after import = 0

========================================================================
Received Import Request.
  Time since last request: 0.000027 seconds.
  path: Assets/Scrips/AudioManager.cs
  artifactKey: Guid(f0ea02a54565c8a489b149e67e7ad055) Importer(815301076,1909f56bfc062723c751e8b465ee728b)
Start importing Assets/Scrips/AudioManager.cs using Guid(f0ea02a54565c8a489b149e67e7ad055) Importer(815301076,1909f56bfc062723c751e8b465ee728b) (PreviewImporter) -> (artifact id: '00000000000000000000000000000000') in 0.0006584 seconds
Import Error Code:(4)
Message: Build asset version error: assets/scrips/audiomanager.cs in SourceAssetDB has modification time of '2025-09-25T06:51:22.0288933Z' while content on disk has modification time of '2025-09-25T06:51:35.5080598Z'
  ERROR: Build asset version error: assets/scrips/audiomanager.cs in SourceAssetDB has modification time of '2025-09-25T06:51:22.0288933Z' while content on disk has modification time of '2025-09-25T06:51:35.5080598Z'
Number of updated asset objects reloaded before import = 0Number of asset objects unloaded after import = 0

========================================================================
Received Import Request.
  Time since last request: 0.000021 seconds.
  path: Assets/Scrips/AudioManager.cs
  artifactKey: Guid(f0ea02a54565c8a489b149e67e7ad055) Importer(815301076,1909f56bfc062723c751e8b465ee728b)
Start importing Assets/Scrips/AudioManager.cs using Guid(f0ea02a54565c8a489b149e67e7ad055) Importer(815301076,1909f56bfc062723c751e8b465ee728b) (PreviewImporter) -> (artifact id: '00000000000000000000000000000000') in 0.0005831 seconds
Import Error Code:(4)
Message: Build asset version error: assets/scrips/audiomanager.cs in SourceAssetDB has modification time of '2025-09-25T06:51:22.0288933Z' while content on disk has modification time of '2025-09-25T06:51:35.5080598Z'
  ERROR: Build asset version error: assets/scrips/audiomanager.cs in SourceAssetDB has modification time of '2025-09-25T06:51:22.0288933Z' while content on disk has modification time of '2025-09-25T06:51:35.5080598Z'
Number of updated asset objects reloaded before import = 0Number of asset objects unloaded after import = 0

========================================================================
Received Import Request.
  Time since last request: 0.000028 seconds.
  path: Assets/Scrips/AudioManager.cs
  artifactKey: Guid(f0ea02a54565c8a489b149e67e7ad055) Importer(815301076,1909f56bfc062723c751e8b465ee728b)
Start importing Assets/Scrips/AudioManager.cs using Guid(f0ea02a54565c8a489b149e67e7ad055) Importer(815301076,1909f56bfc062723c751e8b465ee728b) (PreviewImporter) -> (artifact id: '00000000000000000000000000000000') in 0.0005671 seconds
Import Error Code:(4)
Message: Build asset version error: assets/scrips/audiomanager.cs in SourceAssetDB has modification time of '2025-09-25T06:51:22.0288933Z' while content on disk has modification time of '2025-09-25T06:51:35.5080598Z'
  ERROR: Build asset version error: assets/scrips/audiomanager.cs in SourceAssetDB has modification time of '2025-09-25T06:51:22.0288933Z' while content on disk has modification time of '2025-09-25T06:51:35.5080598Z'
Number of updated asset objects reloaded before import = 0Number of asset objects unloaded after import = 0

========================================================================
Received Import Request.
  Time since last request: 0.000019 seconds.
  path: Assets/Scrips/AudioManager.cs
  artifactKey: Guid(f0ea02a54565c8a489b149e67e7ad055) Importer(815301076,1909f56bfc062723c751e8b465ee728b)
Start importing Assets/Scrips/AudioManager.cs using Guid(f0ea02a54565c8a489b149e67e7ad055) Importer(815301076,1909f56bfc062723c751e8b465ee728b) (PreviewImporter) -> (artifact id: '00000000000000000000000000000000') in 0.0005541 seconds
Import Error Code:(4)
Message: Build asset version error: assets/scrips/audiomanager.cs in SourceAssetDB has modification time of '2025-09-25T06:51:22.0288933Z' while content on disk has modification time of '2025-09-25T06:51:35.5080598Z'
  ERROR: Build asset version error: assets/scrips/audiomanager.cs in SourceAssetDB has modification time of '2025-09-25T06:51:22.0288933Z' while content on disk has modification time of '2025-09-25T06:51:35.5080598Z'
Number of updated asset objects reloaded before import = 0Number of asset objects unloaded after import = 0

========================================================================
Received Import Request.
  Time since last request: 0.002730 seconds.
  path: Assets/Scrips/AudioManager.cs
  artifactKey: Guid(f0ea02a54565c8a489b149e67e7ad055) Importer(815301076,1909f56bfc062723c751e8b465ee728b)
Start importing Assets/Scrips/AudioManager.cs using Guid(f0ea02a54565c8a489b149e67e7ad055) Importer(815301076,1909f56bfc062723c751e8b465ee728b) (PreviewImporter) -> (artifact id: '00000000000000000000000000000000') in 0.0005636 seconds
Import Error Code:(4)
Message: Build asset version error: assets/scrips/audiomanager.cs in SourceAssetDB has modification time of '2025-09-25T06:51:22.0288933Z' while content on disk has modification time of '2025-09-25T06:51:35.5080598Z'
  ERROR: Build asset version error: assets/scrips/audiomanager.cs in SourceAssetDB has modification time of '2025-09-25T06:51:22.0288933Z' while content on disk has modification time of '2025-09-25T06:51:35.5080598Z'
Number of updated asset objects reloaded before import = 0Number of asset objects unloaded after import = 0

========================================================================
Received Import Request.
  Time since last request: 0.001148 seconds.
  path: Assets/Scrips/AudioManager.cs
  artifactKey: Guid(f0ea02a54565c8a489b149e67e7ad055) Importer(815301076,1909f56bfc062723c751e8b465ee728b)
Start importing Assets/Scrips/AudioManager.cs using Guid(f0ea02a54565c8a489b149e67e7ad055) Importer(815301076,1909f56bfc062723c751e8b465ee728b) (PreviewImporter) -> (artifact id: '00000000000000000000000000000000') in 0.0005216 seconds
Import Error Code:(4)
Message: Build asset version error: assets/scrips/audiomanager.cs in SourceAssetDB has modification time of '2025-09-25T06:51:22.0288933Z' while content on disk has modification time of '2025-09-25T06:51:35.5080598Z'
  ERROR: Build asset version error: assets/scrips/audiomanager.cs in SourceAssetDB has modification time of '2025-09-25T06:51:22.0288933Z' while content on disk has modification time of '2025-09-25T06:51:35.5080598Z'
Number of updated asset objects reloaded before import = 0Number of asset objects unloaded after import = 0

========================================================================
Received Import Request.
  Time since last request: 0.000017 seconds.
  path: Assets/Scrips/AudioManager.cs
  artifactKey: Guid(f0ea02a54565c8a489b149e67e7ad055) Importer(815301076,1909f56bfc062723c751e8b465ee728b)
Start importing Assets/Scrips/AudioManager.cs using Guid(f0ea02a54565c8a489b149e67e7ad055) Importer(815301076,1909f56bfc062723c751e8b465ee728b) (PreviewImporter) -> (artifact id: '00000000000000000000000000000000') in 0.000551 seconds
Import Error Code:(4)
Message: Build asset version error: assets/scrips/audiomanager.cs in SourceAssetDB has modification time of '2025-09-25T06:51:22.0288933Z' while content on disk has modification time of '2025-09-25T06:51:35.5080598Z'
  ERROR: Build asset version error: assets/scrips/audiomanager.cs in SourceAssetDB has modification time of '2025-09-25T06:51:22.0288933Z' while content on disk has modification time of '2025-09-25T06:51:35.5080598Z'
Number of updated asset objects reloaded before import = 0Number of asset objects unloaded after import = 0

========================================================================
Received Import Request.
  Time since last request: 0.000017 seconds.
  path: Assets/Scrips/AudioManager.cs
  artifactKey: Guid(f0ea02a54565c8a489b149e67e7ad055) Importer(815301076,1909f56bfc062723c751e8b465ee728b)
Start importing Assets/Scrips/AudioManager.cs using Guid(f0ea02a54565c8a489b149e67e7ad055) Importer(815301076,1909f56bfc062723c751e8b465ee728b) (PreviewImporter) -> (artifact id: '00000000000000000000000000000000') in 0.0005519 seconds
Import Error Code:(4)
Message: Build asset version error: assets/scrips/audiomanager.cs in SourceAssetDB has modification time of '2025-09-25T06:51:22.0288933Z' while content on disk has modification time of '2025-09-25T06:51:35.5080598Z'
  ERROR: Build asset version error: assets/scrips/audiomanager.cs in SourceAssetDB has modification time of '2025-09-25T06:51:22.0288933Z' while content on disk has modification time of '2025-09-25T06:51:35.5080598Z'
Number of updated asset objects reloaded before import = 0Number of asset objects unloaded after import = 0

========================================================================
Received Import Request.
  Time since last request: 0.002923 seconds.
  path: Assets/Scrips/AudioManager.cs
  artifactKey: Guid(f0ea02a54565c8a489b149e67e7ad055) Importer(815301076,1909f56bfc062723c751e8b465ee728b)
Start importing Assets/Scrips/AudioManager.cs using Guid(f0ea02a54565c8a489b149e67e7ad055) Importer(815301076,1909f56bfc062723c751e8b465ee728b) (PreviewImporter) -> (artifact id: '00000000000000000000000000000000') in 0.0005643 seconds
Import Error Code:(4)
Message: Build asset version error: assets/scrips/audiomanager.cs in SourceAssetDB has modification time of '2025-09-25T06:51:22.0288933Z' while content on disk has modification time of '2025-09-25T06:51:35.5080598Z'
  ERROR: Build asset version error: assets/scrips/audiomanager.cs in SourceAssetDB has modification time of '2025-09-25T06:51:22.0288933Z' while content on disk has modification time of '2025-09-25T06:51:35.5080598Z'
Number of updated asset objects reloaded before import = 0Number of asset objects unloaded after import = 0

========================================================================
Received Import Request.
  Time since last request: 0.000020 seconds.
  path: Assets/Scrips/AudioManager.cs
  artifactKey: Guid(f0ea02a54565c8a489b149e67e7ad055) Importer(815301076,1909f56bfc062723c751e8b465ee728b)
Start importing Assets/Scrips/AudioManager.cs using Guid(f0ea02a54565c8a489b149e67e7ad055) Importer(815301076,1909f56bfc062723c751e8b465ee728b) (PreviewImporter) -> (artifact id: '00000000000000000000000000000000') in 0.0005602 seconds
Import Error Code:(4)
Message: Build asset version error: assets/scrips/audiomanager.cs in SourceAssetDB has modification time of '2025-09-25T06:51:22.0288933Z' while content on disk has modification time of '2025-09-25T06:51:35.5080598Z'
  ERROR: Build asset version error: assets/scrips/audiomanager.cs in SourceAssetDB has modification time of '2025-09-25T06:51:22.0288933Z' while content on disk has modification time of '2025-09-25T06:51:35.5080598Z'
Number of updated asset objects reloaded before import = 0Number of asset objects unloaded after import = 0

========================================================================
Received Import Request.
  Time since last request: 0.022535 seconds.
  path: Assets/Scrips/AudioManager.cs
  artifactKey: Guid(f0ea02a54565c8a489b149e67e7ad055) Importer(815301076,1909f56bfc062723c751e8b465ee728b)
Start importing Assets/Scrips/AudioManager.cs using Guid(f0ea02a54565c8a489b149e67e7ad055) Importer(815301076,1909f56bfc062723c751e8b465ee728b) (PreviewImporter) -> (artifact id: '00000000000000000000000000000000') in 0.0005676 seconds
Import Error Code:(4)
Message: Build asset version error: assets/scrips/audiomanager.cs in SourceAssetDB has modification time of '2025-09-25T06:51:22.0288933Z' while content on disk has modification time of '2025-09-25T06:51:35.5080598Z'
  ERROR: Build asset version error: assets/scrips/audiomanager.cs in SourceAssetDB has modification time of '2025-09-25T06:51:22.0288933Z' while content on disk has modification time of '2025-09-25T06:51:35.5080598Z'
Number of updated asset objects reloaded before import = 0Number of asset objects unloaded after import = 0

========================================================================
Received Import Request.
  Time since last request: 0.000019 seconds.
  path: Assets/Scrips/AudioManager.cs
  artifactKey: Guid(f0ea02a54565c8a489b149e67e7ad055) Importer(815301076,1909f56bfc062723c751e8b465ee728b)
Start importing Assets/Scrips/AudioManager.cs using Guid(f0ea02a54565c8a489b149e67e7ad055) Importer(815301076,1909f56bfc062723c751e8b465ee728b) (PreviewImporter) -> (artifact id: '00000000000000000000000000000000') in 0.0005799 seconds
Import Error Code:(4)
Message: Build asset version error: assets/scrips/audiomanager.cs in SourceAssetDB has modification time of '2025-09-25T06:51:22.0288933Z' while content on disk has modification time of '2025-09-25T06:51:35.5080598Z'
  ERROR: Build asset version error: assets/scrips/audiomanager.cs in SourceAssetDB has modification time of '2025-09-25T06:51:22.0288933Z' while content on disk has modification time of '2025-09-25T06:51:35.5080598Z'
Number of updated asset objects reloaded before import = 0Number of asset objects unloaded after import = 0

========================================================================
Received Import Request.
  Time since last request: 0.000017 seconds.
  path: Assets/Scrips/AudioManager.cs
  artifactKey: Guid(f0ea02a54565c8a489b149e67e7ad055) Importer(815301076,1909f56bfc062723c751e8b465ee728b)
Start importing Assets/Scrips/AudioManager.cs using Guid(f0ea02a54565c8a489b149e67e7ad055) Importer(815301076,1909f56bfc062723c751e8b465ee728b) (PreviewImporter) -> (artifact id: '00000000000000000000000000000000') in 0.0008394 seconds
Import Error Code:(4)
Message: Build asset version error: assets/scrips/audiomanager.cs in SourceAssetDB has modification time of '2025-09-25T06:51:22.0288933Z' while content on disk has modification time of '2025-09-25T06:51:35.5080598Z'
  ERROR: Build asset version error: assets/scrips/audiomanager.cs in SourceAssetDB has modification time of '2025-09-25T06:51:22.0288933Z' while content on disk has modification time of '2025-09-25T06:51:35.5080598Z'
Number of updated asset objects reloaded before import = 0Number of asset objects unloaded after import = 0

========================================================================
Received Import Request.
  Time since last request: 0.000017 seconds.
  path: Assets/Scrips/AudioManager.cs
  artifactKey: Guid(f0ea02a54565c8a489b149e67e7ad055) Importer(815301076,1909f56bfc062723c751e8b465ee728b)
Start importing Assets/Scrips/AudioManager.cs using Guid(f0ea02a54565c8a489b149e67e7ad055) Importer(815301076,1909f56bfc062723c751e8b465ee728b) (PreviewImporter) -> (artifact id: '00000000000000000000000000000000') in 0.0006922 seconds
Import Error Code:(4)
Message: Build asset version error: assets/scrips/audiomanager.cs in SourceAssetDB has modification time of '2025-09-25T06:51:22.0288933Z' while content on disk has modification time of '2025-09-25T06:51:35.5080598Z'
  ERROR: Build asset version error: assets/scrips/audiomanager.cs in SourceAssetDB has modification time of '2025-09-25T06:51:22.0288933Z' while content on disk has modification time of '2025-09-25T06:51:35.5080598Z'
Number of updated asset objects reloaded before import = 0Number of asset objects unloaded after import = 0

========================================================================
Received Import Request.
  Time since last request: 0.000015 seconds.
  path: Assets/Scrips/AudioManager.cs
  artifactKey: Guid(f0ea02a54565c8a489b149e67e7ad055) Importer(815301076,1909f56bfc062723c751e8b465ee728b)
Start importing Assets/Scrips/AudioManager.cs using Guid(f0ea02a54565c8a489b149e67e7ad055) Importer(815301076,1909f56bfc062723c751e8b465ee728b) (PreviewImporter) -> (artifact id: '00000000000000000000000000000000') in 0.0006127 seconds
Import Error Code:(4)
Message: Build asset version error: assets/scrips/audiomanager.cs in SourceAssetDB has modification time of '2025-09-25T06:51:22.0288933Z' while content on disk has modification time of '2025-09-25T06:51:35.5080598Z'
  ERROR: Build asset version error: assets/scrips/audiomanager.cs in SourceAssetDB has modification time of '2025-09-25T06:51:22.0288933Z' while content on disk has modification time of '2025-09-25T06:51:35.5080598Z'
Number of updated asset objects reloaded before import = 0Number of asset objects unloaded after import = 0

========================================================================
Received Import Request.
  Time since last request: 0.000017 seconds.
  path: Assets/Scrips/AudioManager.cs
  artifactKey: Guid(f0ea02a54565c8a489b149e67e7ad055) Importer(815301076,1909f56bfc062723c751e8b465ee728b)
Start importing Assets/Scrips/AudioManager.cs using Guid(f0ea02a54565c8a489b149e67e7ad055) Importer(815301076,1909f56bfc062723c751e8b465ee728b) (PreviewImporter) -> (artifact id: '00000000000000000000000000000000') in 0.0006143 seconds
Import Error Code:(4)
Message: Build asset version error: assets/scrips/audiomanager.cs in SourceAssetDB has modification time of '2025-09-25T06:51:22.0288933Z' while content on disk has modification time of '2025-09-25T06:51:35.5080598Z'
  ERROR: Build asset version error: assets/scrips/audiomanager.cs in SourceAssetDB has modification time of '2025-09-25T06:51:22.0288933Z' while content on disk has modification time of '2025-09-25T06:51:35.5080598Z'
Number of updated asset objects reloaded before import = 0Number of asset objects unloaded after import = 0

========================================================================
Received Import Request.
  Time since last request: 0.000021 seconds.
  path: Assets/Scrips/AudioManager.cs
  artifactKey: Guid(f0ea02a54565c8a489b149e67e7ad055) Importer(815301076,1909f56bfc062723c751e8b465ee728b)
Start importing Assets/Scrips/AudioManager.cs using Guid(f0ea02a54565c8a489b149e67e7ad055) Importer(815301076,1909f56bfc062723c751e8b465ee728b) (PreviewImporter) -> (artifact id: '00000000000000000000000000000000') in 0.0005354 seconds
Import Error Code:(4)
Message: Build asset version error: assets/scrips/audiomanager.cs in SourceAssetDB has modification time of '2025-09-25T06:51:22.0288933Z' while content on disk has modification time of '2025-09-25T06:51:35.5080598Z'
  ERROR: Build asset version error: assets/scrips/audiomanager.cs in SourceAssetDB has modification time of '2025-09-25T06:51:22.0288933Z' while content on disk has modification time of '2025-09-25T06:51:35.5080598Z'
Number of updated asset objects reloaded before import = 0Number of asset objects unloaded after import = 0

========================================================================
Received Import Request.
  Time since last request: 0.001747 seconds.
  path: Assets/Scrips/AudioManager.cs
  artifactKey: Guid(f0ea02a54565c8a489b149e67e7ad055) Importer(815301076,1909f56bfc062723c751e8b465ee728b)
Start importing Assets/Scrips/AudioManager.cs using Guid(f0ea02a54565c8a489b149e67e7ad055) Importer(815301076,1909f56bfc062723c751e8b465ee728b) (PreviewImporter) -> (artifact id: '00000000000000000000000000000000') in 0.0006781 seconds
Import Error Code:(4)
Message: Build asset version error: assets/scrips/audiomanager.cs in SourceAssetDB has modification time of '2025-09-25T06:51:22.0288933Z' while content on disk has modification time of '2025-09-25T06:51:35.5080598Z'
  ERROR: Build asset version error: assets/scrips/audiomanager.cs in SourceAssetDB has modification time of '2025-09-25T06:51:22.0288933Z' while content on disk has modification time of '2025-09-25T06:51:35.5080598Z'
Number of updated asset objects reloaded before import = 0Number of asset objects unloaded after import = 0

========================================================================
Received Import Request.
  Time since last request: 0.000016 seconds.
  path: Assets/Scrips/AudioManager.cs
  artifactKey: Guid(f0ea02a54565c8a489b149e67e7ad055) Importer(815301076,1909f56bfc062723c751e8b465ee728b)
Start importing Assets/Scrips/AudioManager.cs using Guid(f0ea02a54565c8a489b149e67e7ad055) Importer(815301076,1909f56bfc062723c751e8b465ee728b) (PreviewImporter) -> (artifact id: '00000000000000000000000000000000') in 0.0005521 seconds
Import Error Code:(4)
Message: Build asset version error: assets/scrips/audiomanager.cs in SourceAssetDB has modification time of '2025-09-25T06:51:22.0288933Z' while content on disk has modification time of '2025-09-25T06:51:35.5080598Z'
  ERROR: Build asset version error: assets/scrips/audiomanager.cs in SourceAssetDB has modification time of '2025-09-25T06:51:22.0288933Z' while content on disk has modification time of '2025-09-25T06:51:35.5080598Z'
Number of updated asset objects reloaded before import = 0Number of asset objects unloaded after import = 0

========================================================================
Received Import Request.
  Time since last request: 0.000017 seconds.
  path: Assets/Scrips/AudioManager.cs
  artifactKey: Guid(f0ea02a54565c8a489b149e67e7ad055) Importer(815301076,1909f56bfc062723c751e8b465ee728b)
Start importing Assets/Scrips/AudioManager.cs using Guid(f0ea02a54565c8a489b149e67e7ad055) Importer(815301076,1909f56bfc062723c751e8b465ee728b) (PreviewImporter) -> (artifact id: '00000000000000000000000000000000') in 0.0006268 seconds
Import Error Code:(4)
Message: Build asset version error: assets/scrips/audiomanager.cs in SourceAssetDB has modification time of '2025-09-25T06:51:22.0288933Z' while content on disk has modification time of '2025-09-25T06:51:35.5080598Z'
  ERROR: Build asset version error: assets/scrips/audiomanager.cs in SourceAssetDB has modification time of '2025-09-25T06:51:22.0288933Z' while content on disk has modification time of '2025-09-25T06:51:35.5080598Z'
Number of updated asset objects reloaded before import = 0Number of asset objects unloaded after import = 0

========================================================================
Received Import Request.
  Time since last request: 0.000017 seconds.
  path: Assets/Scrips/AudioManager.cs
  artifactKey: Guid(f0ea02a54565c8a489b149e67e7ad055) Importer(815301076,1909f56bfc062723c751e8b465ee728b)
Start importing Assets/Scrips/AudioManager.cs using Guid(f0ea02a54565c8a489b149e67e7ad055) Importer(815301076,1909f56bfc062723c751e8b465ee728b) (PreviewImporter) -> (artifact id: '00000000000000000000000000000000') in 0.000629 seconds
Import Error Code:(4)
Message: Build asset version error: assets/scrips/audiomanager.cs in SourceAssetDB has modification time of '2025-09-25T06:51:22.0288933Z' while content on disk has modification time of '2025-09-25T06:51:35.5080598Z'
  ERROR: Build asset version error: assets/scrips/audiomanager.cs in SourceAssetDB has modification time of '2025-09-25T06:51:22.0288933Z' while content on disk has modification time of '2025-09-25T06:51:35.5080598Z'
Number of updated asset objects reloaded before import = 0Number of asset objects unloaded after import = 0

========================================================================
Received Import Request.
  Time since last request: 0.000019 seconds.
  path: Assets/Scrips/AudioManager.cs
  artifactKey: Guid(f0ea02a54565c8a489b149e67e7ad055) Importer(815301076,1909f56bfc062723c751e8b465ee728b)
Start importing Assets/Scrips/AudioManager.cs using Guid(f0ea02a54565c8a489b149e67e7ad055) Importer(815301076,1909f56bfc062723c751e8b465ee728b) (PreviewImporter) -> (artifact id: '00000000000000000000000000000000') in 0.000663 seconds
Import Error Code:(4)
Message: Build asset version error: assets/scrips/audiomanager.cs in SourceAssetDB has modification time of '2025-09-25T06:51:22.0288933Z' while content on disk has modification time of '2025-09-25T06:51:35.5080598Z'
  ERROR: Build asset version error: assets/scrips/audiomanager.cs in SourceAssetDB has modification time of '2025-09-25T06:51:22.0288933Z' while content on disk has modification time of '2025-09-25T06:51:35.5080598Z'
Number of updated asset objects reloaded before import = 0Number of asset objects unloaded after import = 0

========================================================================
Received Import Request.
  Time since last request: 0.000018 seconds.
  path: Assets/Scrips/AudioManager.cs
  artifactKey: Guid(f0ea02a54565c8a489b149e67e7ad055) Importer(815301076,1909f56bfc062723c751e8b465ee728b)
Start importing Assets/Scrips/AudioManager.cs using Guid(f0ea02a54565c8a489b149e67e7ad055) Importer(815301076,1909f56bfc062723c751e8b465ee728b) (PreviewImporter) -> (artifact id: '00000000000000000000000000000000') in 0.0008754 seconds
Import Error Code:(4)
Message: Build asset version error: assets/scrips/audiomanager.cs in SourceAssetDB has modification time of '2025-09-25T06:51:22.0288933Z' while content on disk has modification time of '2025-09-25T06:51:35.5080598Z'
  ERROR: Build asset version error: assets/scrips/audiomanager.cs in SourceAssetDB has modification time of '2025-09-25T06:51:22.0288933Z' while content on disk has modification time of '2025-09-25T06:51:35.5080598Z'
Number of updated asset objects reloaded before import = 0Number of asset objects unloaded after import = 0

========================================================================
Received Import Request.
  Time since last request: 0.000018 seconds.
  path: Assets/Scrips/AudioManager.cs
  artifactKey: Guid(f0ea02a54565c8a489b149e67e7ad055) Importer(815301076,1909f56bfc062723c751e8b465ee728b)
Start importing Assets/Scrips/AudioManager.cs using Guid(f0ea02a54565c8a489b149e67e7ad055) Importer(815301076,1909f56bfc062723c751e8b465ee728b) (PreviewImporter) -> (artifact id: '00000000000000000000000000000000') in 0.0006467 seconds
Import Error Code:(4)
Message: Build asset version error: assets/scrips/audiomanager.cs in SourceAssetDB has modification time of '2025-09-25T06:51:22.0288933Z' while content on disk has modification time of '2025-09-25T06:51:35.5080598Z'
  ERROR: Build asset version error: assets/scrips/audiomanager.cs in SourceAssetDB has modification time of '2025-09-25T06:51:22.0288933Z' while content on disk has modification time of '2025-09-25T06:51:35.5080598Z'
Number of updated asset objects reloaded before import = 0Number of asset objects unloaded after import = 0

========================================================================
Received Import Request.
  Time since last request: 0.000020 seconds.
  path: Assets/Scrips/AudioManager.cs
  artifactKey: Guid(f0ea02a54565c8a489b149e67e7ad055) Importer(815301076,1909f56bfc062723c751e8b465ee728b)
Start importing Assets/Scrips/AudioManager.cs using Guid(f0ea02a54565c8a489b149e67e7ad055) Importer(815301076,1909f56bfc062723c751e8b465ee728b) (PreviewImporter) -> (artifact id: '00000000000000000000000000000000') in 0.0007285 seconds
Import Error Code:(4)
Message: Build asset version error: assets/scrips/audiomanager.cs in SourceAssetDB has modification time of '2025-09-25T06:51:22.0288933Z' while content on disk has modification time of '2025-09-25T06:51:35.5080598Z'
  ERROR: Build asset version error: assets/scrips/audiomanager.cs in SourceAssetDB has modification time of '2025-09-25T06:51:22.0288933Z' while content on disk has modification time of '2025-09-25T06:51:35.5080598Z'
Number of updated asset objects reloaded before import = 0Number of asset objects unloaded after import = 0

========================================================================
Received Import Request.
  Time since last request: 0.000044 seconds.
  path: Assets/Scrips/AudioManager.cs
  artifactKey: Guid(f0ea02a54565c8a489b149e67e7ad055) Importer(815301076,1909f56bfc062723c751e8b465ee728b)
Start importing Assets/Scrips/AudioManager.cs using Guid(f0ea02a54565c8a489b149e67e7ad055) Importer(815301076,1909f56bfc062723c751e8b465ee728b) (PreviewImporter) -> (artifact id: '00000000000000000000000000000000') in 0.0005863 seconds
Import Error Code:(4)
Message: Build asset version error: assets/scrips/audiomanager.cs in SourceAssetDB has modification time of '2025-09-25T06:51:22.0288933Z' while content on disk has modification time of '2025-09-25T06:51:35.5080598Z'
  ERROR: Build asset version error: assets/scrips/audiomanager.cs in SourceAssetDB has modification time of '2025-09-25T06:51:22.0288933Z' while content on disk has modification time of '2025-09-25T06:51:35.5080598Z'
Number of updated asset objects reloaded before import = 0Number of asset objects unloaded after import = 0

========================================================================
Received Import Request.
  Time since last request: 0.000016 seconds.
  path: Assets/Scrips/AudioManager.cs
  artifactKey: Guid(f0ea02a54565c8a489b149e67e7ad055) Importer(815301076,1909f56bfc062723c751e8b465ee728b)
Start importing Assets/Scrips/AudioManager.cs using Guid(f0ea02a54565c8a489b149e67e7ad055) Importer(815301076,1909f56bfc062723c751e8b465ee728b) (PreviewImporter) -> (artifact id: '00000000000000000000000000000000') in 0.0006802 seconds
Import Error Code:(4)
Message: Build asset version error: assets/scrips/audiomanager.cs in SourceAssetDB has modification time of '2025-09-25T06:51:22.0288933Z' while content on disk has modification time of '2025-09-25T06:51:35.5080598Z'
  ERROR: Build asset version error: assets/scrips/audiomanager.cs in SourceAssetDB has modification time of '2025-09-25T06:51:22.0288933Z' while content on disk has modification time of '2025-09-25T06:51:35.5080598Z'
Number of updated asset objects reloaded before import = 0Number of asset objects unloaded after import = 0

========================================================================
Received Import Request.
  Time since last request: 0.000020 seconds.
  path: Assets/Scrips/AudioManager.cs
  artifactKey: Guid(f0ea02a54565c8a489b149e67e7ad055) Importer(815301076,1909f56bfc062723c751e8b465ee728b)
Start importing Assets/Scrips/AudioManager.cs using Guid(f0ea02a54565c8a489b149e67e7ad055) Importer(815301076,1909f56bfc062723c751e8b465ee728b) (PreviewImporter) -> (artifact id: '00000000000000000000000000000000') in 0.0005849 seconds
Import Error Code:(4)
Message: Build asset version error: assets/scrips/audiomanager.cs in SourceAssetDB has modification time of '2025-09-25T06:51:22.0288933Z' while content on disk has modification time of '2025-09-25T06:51:35.5080598Z'
  ERROR: Build asset version error: assets/scrips/audiomanager.cs in SourceAssetDB has modification time of '2025-09-25T06:51:22.0288933Z' while content on disk has modification time of '2025-09-25T06:51:35.5080598Z'
Number of updated asset objects reloaded before import = 0Number of asset objects unloaded after import = 0

========================================================================
Received Import Request.
  Time since last request: 0.001126 seconds.
  path: Assets/Scrips/AudioManager.cs
  artifactKey: Guid(f0ea02a54565c8a489b149e67e7ad055) Importer(815301076,1909f56bfc062723c751e8b465ee728b)
Start importing Assets/Scrips/AudioManager.cs using Guid(f0ea02a54565c8a489b149e67e7ad055) Importer(815301076,1909f56bfc062723c751e8b465ee728b) (PreviewImporter) -> (artifact id: '00000000000000000000000000000000') in 0.0008062 seconds
Import Error Code:(4)
Message: Build asset version error: assets/scrips/audiomanager.cs in SourceAssetDB has modification time of '2025-09-25T06:51:22.0288933Z' while content on disk has modification time of '2025-09-25T06:51:35.5080598Z'
  ERROR: Build asset version error: assets/scrips/audiomanager.cs in SourceAssetDB has modification time of '2025-09-25T06:51:22.0288933Z' while content on disk has modification time of '2025-09-25T06:51:35.5080598Z'
Number of updated asset objects reloaded before import = 0Number of asset objects unloaded after import = 0

========================================================================
Received Import Request.
  Time since last request: 0.000023 seconds.
  path: Assets/Scrips/AudioManager.cs
  artifactKey: Guid(f0ea02a54565c8a489b149e67e7ad055) Importer(815301076,1909f56bfc062723c751e8b465ee728b)
Start importing Assets/Scrips/AudioManager.cs using Guid(f0ea02a54565c8a489b149e67e7ad055) Importer(815301076,1909f56bfc062723c751e8b465ee728b) (PreviewImporter) -> (artifact id: '00000000000000000000000000000000') in 0.0007486 seconds
Import Error Code:(4)
Message: Build asset version error: assets/scrips/audiomanager.cs in SourceAssetDB has modification time of '2025-09-25T06:51:22.0288933Z' while content on disk has modification time of '2025-09-25T06:51:35.5080598Z'
  ERROR: Build asset version error: assets/scrips/audiomanager.cs in SourceAssetDB has modification time of '2025-09-25T06:51:22.0288933Z' while content on disk has modification time of '2025-09-25T06:51:35.5080598Z'
Number of updated asset objects reloaded before import = 0Number of asset objects unloaded after import = 0

========================================================================
Received Import Request.
  Time since last request: 0.000760 seconds.
  path: Assets/Scrips/AudioManager.cs
  artifactKey: Guid(f0ea02a54565c8a489b149e67e7ad055) Importer(815301076,1909f56bfc062723c751e8b465ee728b)
Start importing Assets/Scrips/AudioManager.cs using Guid(f0ea02a54565c8a489b149e67e7ad055) Importer(815301076,1909f56bfc062723c751e8b465ee728b) (PreviewImporter) -> (artifact id: '00000000000000000000000000000000') in 0.0006141 seconds
Import Error Code:(4)
Message: Build asset version error: assets/scrips/audiomanager.cs in SourceAssetDB has modification time of '2025-09-25T06:51:22.0288933Z' while content on disk has modification time of '2025-09-25T06:51:35.5080598Z'
  ERROR: Build asset version error: assets/scrips/audiomanager.cs in SourceAssetDB has modification time of '2025-09-25T06:51:22.0288933Z' while content on disk has modification time of '2025-09-25T06:51:35.5080598Z'
Number of updated asset objects reloaded before import = 0Number of asset objects unloaded after import = 0

========================================================================
Received Import Request.
  Time since last request: 0.000021 seconds.
  path: Assets/Scrips/AudioManager.cs
  artifactKey: Guid(f0ea02a54565c8a489b149e67e7ad055) Importer(815301076,1909f56bfc062723c751e8b465ee728b)
Start importing Assets/Scrips/AudioManager.cs using Guid(f0ea02a54565c8a489b149e67e7ad055) Importer(815301076,1909f56bfc062723c751e8b465ee728b) (PreviewImporter) -> (artifact id: '00000000000000000000000000000000') in 0.0006124 seconds
Import Error Code:(4)
Message: Build asset version error: assets/scrips/audiomanager.cs in SourceAssetDB has modification time of '2025-09-25T06:51:22.0288933Z' while content on disk has modification time of '2025-09-25T06:51:35.5080598Z'
  ERROR: Build asset version error: assets/scrips/audiomanager.cs in SourceAssetDB has modification time of '2025-09-25T06:51:22.0288933Z' while content on disk has modification time of '2025-09-25T06:51:35.5080598Z'
Number of updated asset objects reloaded before import = 0Number of asset objects unloaded after import = 0

========================================================================
Received Import Request.
  Time since last request: 0.000031 seconds.
  path: Assets/Scrips/AudioManager.cs
  artifactKey: Guid(f0ea02a54565c8a489b149e67e7ad055) Importer(815301076,1909f56bfc062723c751e8b465ee728b)
Start importing Assets/Scrips/AudioManager.cs using Guid(f0ea02a54565c8a489b149e67e7ad055) Importer(815301076,1909f56bfc062723c751e8b465ee728b) (PreviewImporter) -> (artifact id: '00000000000000000000000000000000') in 0.0006369 seconds
Import Error Code:(4)
Message: Build asset version error: assets/scrips/audiomanager.cs in SourceAssetDB has modification time of '2025-09-25T06:51:22.0288933Z' while content on disk has modification time of '2025-09-25T06:51:35.5080598Z'
  ERROR: Build asset version error: assets/scrips/audiomanager.cs in SourceAssetDB has modification time of '2025-09-25T06:51:22.0288933Z' while content on disk has modification time of '2025-09-25T06:51:35.5080598Z'
Number of updated asset objects reloaded before import = 0Number of asset objects unloaded after import = 0

========================================================================
Received Import Request.
  Time since last request: 0.000017 seconds.
  path: Assets/Scrips/AudioManager.cs
  artifactKey: Guid(f0ea02a54565c8a489b149e67e7ad055) Importer(815301076,1909f56bfc062723c751e8b465ee728b)
Start importing Assets/Scrips/AudioManager.cs using Guid(f0ea02a54565c8a489b149e67e7ad055) Importer(815301076,1909f56bfc062723c751e8b465ee728b) (PreviewImporter) -> (artifact id: '00000000000000000000000000000000') in 0.0007225 seconds
Import Error Code:(4)
Message: Build asset version error: assets/scrips/audiomanager.cs in SourceAssetDB has modification time of '2025-09-25T06:51:22.0288933Z' while content on disk has modification time of '2025-09-25T06:51:35.5080598Z'
  ERROR: Build asset version error: assets/scrips/audiomanager.cs in SourceAssetDB has modification time of '2025-09-25T06:51:22.0288933Z' while content on disk has modification time of '2025-09-25T06:51:35.5080598Z'
Number of updated asset objects reloaded before import = 0Number of asset objects unloaded after import = 0

========================================================================
Received Import Request.
  Time since last request: 0.000022 seconds.
  path: Assets/Scrips/AudioManager.cs
  artifactKey: Guid(f0ea02a54565c8a489b149e67e7ad055) Importer(815301076,1909f56bfc062723c751e8b465ee728b)
Start importing Assets/Scrips/AudioManager.cs using Guid(f0ea02a54565c8a489b149e67e7ad055) Importer(815301076,1909f56bfc062723c751e8b465ee728b) (PreviewImporter) -> (artifact id: '00000000000000000000000000000000') in 0.0006192 seconds
Import Error Code:(4)
Message: Build asset version error: assets/scrips/audiomanager.cs in SourceAssetDB has modification time of '2025-09-25T06:51:22.0288933Z' while content on disk has modification time of '2025-09-25T06:51:35.5080598Z'
  ERROR: Build asset version error: assets/scrips/audiomanager.cs in SourceAssetDB has modification time of '2025-09-25T06:51:22.0288933Z' while content on disk has modification time of '2025-09-25T06:51:35.5080598Z'
Number of updated asset objects reloaded before import = 0Number of asset objects unloaded after import = 0

========================================================================
Received Import Request.
  Time since last request: 0.000018 seconds.
  path: Assets/Scrips/AudioManager.cs
  artifactKey: Guid(f0ea02a54565c8a489b149e67e7ad055) Importer(815301076,1909f56bfc062723c751e8b465ee728b)
Start importing Assets/Scrips/AudioManager.cs using Guid(f0ea02a54565c8a489b149e67e7ad055) Importer(815301076,1909f56bfc062723c751e8b465ee728b) (PreviewImporter) -> (artifact id: '00000000000000000000000000000000') in 0.0006214 seconds
Import Error Code:(4)
Message: Build asset version error: assets/scrips/audiomanager.cs in SourceAssetDB has modification time of '2025-09-25T06:51:22.0288933Z' while content on disk has modification time of '2025-09-25T06:51:35.5080598Z'
  ERROR: Build asset version error: assets/scrips/audiomanager.cs in SourceAssetDB has modification time of '2025-09-25T06:51:22.0288933Z' while content on disk has modification time of '2025-09-25T06:51:35.5080598Z'
Number of updated asset objects reloaded before import = 0Number of asset objects unloaded after import = 0

========================================================================
Received Import Request.
  Time since last request: 0.000018 seconds.
  path: Assets/Scrips/AudioManager.cs
  artifactKey: Guid(f0ea02a54565c8a489b149e67e7ad055) Importer(815301076,1909f56bfc062723c751e8b465ee728b)
Start importing Assets/Scrips/AudioManager.cs using Guid(f0ea02a54565c8a489b149e67e7ad055) Importer(815301076,1909f56bfc062723c751e8b465ee728b) (PreviewImporter) -> (artifact id: '00000000000000000000000000000000') in 0.0007833 seconds
Import Error Code:(4)
Message: Build asset version error: assets/scrips/audiomanager.cs in SourceAssetDB has modification time of '2025-09-25T06:51:22.0288933Z' while content on disk has modification time of '2025-09-25T06:51:35.5080598Z'
  ERROR: Build asset version error: assets/scrips/audiomanager.cs in SourceAssetDB has modification time of '2025-09-25T06:51:22.0288933Z' while content on disk has modification time of '2025-09-25T06:51:35.5080598Z'
Number of updated asset objects reloaded before import = 0Number of asset objects unloaded after import = 0

========================================================================
Received Import Request.
  Time since last request: 0.000017 seconds.
  path: Assets/Scrips/AudioManager.cs
  artifactKey: Guid(f0ea02a54565c8a489b149e67e7ad055) Importer(815301076,1909f56bfc062723c751e8b465ee728b)
Start importing Assets/Scrips/AudioManager.cs using Guid(f0ea02a54565c8a489b149e67e7ad055) Importer(815301076,1909f56bfc062723c751e8b465ee728b) (PreviewImporter) -> (artifact id: '00000000000000000000000000000000') in 0.0006124 seconds
Import Error Code:(4)
Message: Build asset version error: assets/scrips/audiomanager.cs in SourceAssetDB has modification time of '2025-09-25T06:51:22.0288933Z' while content on disk has modification time of '2025-09-25T06:51:35.5080598Z'
  ERROR: Build asset version error: assets/scrips/audiomanager.cs in SourceAssetDB has modification time of '2025-09-25T06:51:22.0288933Z' while content on disk has modification time of '2025-09-25T06:51:35.5080598Z'
Number of updated asset objects reloaded before import = 0Number of asset objects unloaded after import = 0

========================================================================
Received Import Request.
  Time since last request: 0.000019 seconds.
  path: Assets/Scrips/AudioManager.cs
  artifactKey: Guid(f0ea02a54565c8a489b149e67e7ad055) Importer(815301076,1909f56bfc062723c751e8b465ee728b)
Start importing Assets/Scrips/AudioManager.cs using Guid(f0ea02a54565c8a489b149e67e7ad055) Importer(815301076,1909f56bfc062723c751e8b465ee728b) (PreviewImporter) -> (artifact id: '00000000000000000000000000000000') in 0.0005274 seconds
Import Error Code:(4)
Message: Build asset version error: assets/scrips/audiomanager.cs in SourceAssetDB has modification time of '2025-09-25T06:51:22.0288933Z' while content on disk has modification time of '2025-09-25T06:51:35.5080598Z'
  ERROR: Build asset version error: assets/scrips/audiomanager.cs in SourceAssetDB has modification time of '2025-09-25T06:51:22.0288933Z' while content on disk has modification time of '2025-09-25T06:51:35.5080598Z'
Number of updated asset objects reloaded before import = 0Number of asset objects unloaded after import = 0

========================================================================
Received Import Request.
  Time since last request: 0.000025 seconds.
  path: Assets/Scrips/AudioManager.cs
  artifactKey: Guid(f0ea02a54565c8a489b149e67e7ad055) Importer(815301076,1909f56bfc062723c751e8b465ee728b)
Start importing Assets/Scrips/AudioManager.cs using Guid(f0ea02a54565c8a489b149e67e7ad055) Importer(815301076,1909f56bfc062723c751e8b465ee728b) (PreviewImporter) -> (artifact id: '00000000000000000000000000000000') in 0.0005591 seconds
Import Error Code:(4)
Message: Build asset version error: assets/scrips/audiomanager.cs in SourceAssetDB has modification time of '2025-09-25T06:51:22.0288933Z' while content on disk has modification time of '2025-09-25T06:51:35.5080598Z'
  ERROR: Build asset version error: assets/scrips/audiomanager.cs in SourceAssetDB has modification time of '2025-09-25T06:51:22.0288933Z' while content on disk has modification time of '2025-09-25T06:51:35.5080598Z'
Number of updated asset objects reloaded before import = 0Number of asset objects unloaded after import = 0

========================================================================
Received Import Request.
  Time since last request: 0.000017 seconds.
  path: Assets/Scrips/AudioManager.cs
  artifactKey: Guid(f0ea02a54565c8a489b149e67e7ad055) Importer(815301076,1909f56bfc062723c751e8b465ee728b)
Start importing Assets/Scrips/AudioManager.cs using Guid(f0ea02a54565c8a489b149e67e7ad055) Importer(815301076,1909f56bfc062723c751e8b465ee728b) (PreviewImporter) -> (artifact id: '00000000000000000000000000000000') in 0.0005366 seconds
Import Error Code:(4)
Message: Build asset version error: assets/scrips/audiomanager.cs in SourceAssetDB has modification time of '2025-09-25T06:51:22.0288933Z' while content on disk has modification time of '2025-09-25T06:51:35.5080598Z'
  ERROR: Build asset version error: assets/scrips/audiomanager.cs in SourceAssetDB has modification time of '2025-09-25T06:51:22.0288933Z' while content on disk has modification time of '2025-09-25T06:51:35.5080598Z'
Number of updated asset objects reloaded before import = 0Number of asset objects unloaded after import = 0

========================================================================
Received Import Request.
  Time since last request: 0.000015 seconds.
  path: Assets/Scrips/AudioManager.cs
  artifactKey: Guid(f0ea02a54565c8a489b149e67e7ad055) Importer(815301076,1909f56bfc062723c751e8b465ee728b)
Start importing Assets/Scrips/AudioManager.cs using Guid(f0ea02a54565c8a489b149e67e7ad055) Importer(815301076,1909f56bfc062723c751e8b465ee728b) (PreviewImporter) -> (artifact id: '00000000000000000000000000000000') in 0.0005369 seconds
Import Error Code:(4)
Message: Build asset version error: assets/scrips/audiomanager.cs in SourceAssetDB has modification time of '2025-09-25T06:51:22.0288933Z' while content on disk has modification time of '2025-09-25T06:51:35.5080598Z'
  ERROR: Build asset version error: assets/scrips/audiomanager.cs in SourceAssetDB has modification time of '2025-09-25T06:51:22.0288933Z' while content on disk has modification time of '2025-09-25T06:51:35.5080598Z'
Number of updated asset objects reloaded before import = 0Number of asset objects unloaded after import = 0

========================================================================
Received Import Request.
  Time since last request: 0.000017 seconds.
  path: Assets/Scrips/AudioManager.cs
  artifactKey: Guid(f0ea02a54565c8a489b149e67e7ad055) Importer(815301076,1909f56bfc062723c751e8b465ee728b)
Start importing Assets/Scrips/AudioManager.cs using Guid(f0ea02a54565c8a489b149e67e7ad055) Importer(815301076,1909f56bfc062723c751e8b465ee728b) (PreviewImporter) -> (artifact id: '00000000000000000000000000000000') in 0.0006917 seconds
Import Error Code:(4)
Message: Build asset version error: assets/scrips/audiomanager.cs in SourceAssetDB has modification time of '2025-09-25T06:51:22.0288933Z' while content on disk has modification time of '2025-09-25T06:51:35.5080598Z'
  ERROR: Build asset version error: assets/scrips/audiomanager.cs in SourceAssetDB has modification time of '2025-09-25T06:51:22.0288933Z' while content on disk has modification time of '2025-09-25T06:51:35.5080598Z'
Number of updated asset objects reloaded before import = 0Number of asset objects unloaded after import = 0

========================================================================
Received Import Request.
  Time since last request: 0.000018 seconds.
  path: Assets/Scrips/AudioManager.cs
  artifactKey: Guid(f0ea02a54565c8a489b149e67e7ad055) Importer(815301076,1909f56bfc062723c751e8b465ee728b)
Start importing Assets/Scrips/AudioManager.cs using Guid(f0ea02a54565c8a489b149e67e7ad055) Importer(815301076,1909f56bfc062723c751e8b465ee728b) (PreviewImporter) -> (artifact id: '00000000000000000000000000000000') in 0.0006459 seconds
Import Error Code:(4)
Message: Build asset version error: assets/scrips/audiomanager.cs in SourceAssetDB has modification time of '2025-09-25T06:51:22.0288933Z' while content on disk has modification time of '2025-09-25T06:51:35.5080598Z'
  ERROR: Build asset version error: assets/scrips/audiomanager.cs in SourceAssetDB has modification time of '2025-09-25T06:51:22.0288933Z' while content on disk has modification time of '2025-09-25T06:51:35.5080598Z'
Number of updated asset objects reloaded before import = 0Number of asset objects unloaded after import = 0

========================================================================
Received Import Request.
  Time since last request: 0.000015 seconds.
  path: Assets/Scrips/AudioManager.cs
  artifactKey: Guid(f0ea02a54565c8a489b149e67e7ad055) Importer(815301076,1909f56bfc062723c751e8b465ee728b)
Start importing Assets/Scrips/AudioManager.cs using Guid(f0ea02a54565c8a489b149e67e7ad055) Importer(815301076,1909f56bfc062723c751e8b465ee728b) (PreviewImporter) -> (artifact id: '00000000000000000000000000000000') in 0.0005529 seconds
Import Error Code:(4)
Message: Build asset version error: assets/scrips/audiomanager.cs in SourceAssetDB has modification time of '2025-09-25T06:51:22.0288933Z' while content on disk has modification time of '2025-09-25T06:51:35.5080598Z'
  ERROR: Build asset version error: assets/scrips/audiomanager.cs in SourceAssetDB has modification time of '2025-09-25T06:51:22.0288933Z' while content on disk has modification time of '2025-09-25T06:51:35.5080598Z'
Number of updated asset objects reloaded before import = 0Number of asset objects unloaded after import = 0

========================================================================
Received Import Request.
  Time since last request: 0.000017 seconds.
  path: Assets/Scrips/AudioManager.cs
  artifactKey: Guid(f0ea02a54565c8a489b149e67e7ad055) Importer(815301076,1909f56bfc062723c751e8b465ee728b)
Start importing Assets/Scrips/AudioManager.cs using Guid(f0ea02a54565c8a489b149e67e7ad055) Importer(815301076,1909f56bfc062723c751e8b465ee728b) (PreviewImporter) -> (artifact id: '00000000000000000000000000000000') in 0.0007799 seconds
Import Error Code:(4)
Message: Build asset version error: assets/scrips/audiomanager.cs in SourceAssetDB has modification time of '2025-09-25T06:51:22.0288933Z' while content on disk has modification time of '2025-09-25T06:51:35.5080598Z'
  ERROR: Build asset version error: assets/scrips/audiomanager.cs in SourceAssetDB has modification time of '2025-09-25T06:51:22.0288933Z' while content on disk has modification time of '2025-09-25T06:51:35.5080598Z'
Number of updated asset objects reloaded before import = 0Number of asset objects unloaded after import = 0

========================================================================
Received Import Request.
  Time since last request: 0.000023 seconds.
  path: Assets/Scrips/AudioManager.cs
  artifactKey: Guid(f0ea02a54565c8a489b149e67e7ad055) Importer(815301076,1909f56bfc062723c751e8b465ee728b)
Start importing Assets/Scrips/AudioManager.cs using Guid(f0ea02a54565c8a489b149e67e7ad055) Importer(815301076,1909f56bfc062723c751e8b465ee728b) (PreviewImporter) -> (artifact id: '00000000000000000000000000000000') in 0.0006431 seconds
Import Error Code:(4)
Message: Build asset version error: assets/scrips/audiomanager.cs in SourceAssetDB has modification time of '2025-09-25T06:51:22.0288933Z' while content on disk has modification time of '2025-09-25T06:51:35.5080598Z'
  ERROR: Build asset version error: assets/scrips/audiomanager.cs in SourceAssetDB has modification time of '2025-09-25T06:51:22.0288933Z' while content on disk has modification time of '2025-09-25T06:51:35.5080598Z'
Number of updated asset objects reloaded before import = 0Number of asset objects unloaded after import = 0

========================================================================
Received Import Request.
  Time since last request: 0.002562 seconds.
  path: Assets/Scrips/AudioManager.cs
  artifactKey: Guid(f0ea02a54565c8a489b149e67e7ad055) Importer(815301076,1909f56bfc062723c751e8b465ee728b)
Start importing Assets/Scrips/AudioManager.cs using Guid(f0ea02a54565c8a489b149e67e7ad055) Importer(815301076,1909f56bfc062723c751e8b465ee728b) (PreviewImporter) -> (artifact id: '00000000000000000000000000000000') in 0.0005388 seconds
Import Error Code:(4)
Message: Build asset version error: assets/scrips/audiomanager.cs in SourceAssetDB has modification time of '2025-09-25T06:51:22.0288933Z' while content on disk has modification time of '2025-09-25T06:51:35.5080598Z'
  ERROR: Build asset version error: assets/scrips/audiomanager.cs in SourceAssetDB has modification time of '2025-09-25T06:51:22.0288933Z' while content on disk has modification time of '2025-09-25T06:51:35.5080598Z'
Number of updated asset objects reloaded before import = 0Number of asset objects unloaded after import = 0

========================================================================
Received Import Request.
  Time since last request: 0.000020 seconds.
  path: Assets/Scrips/AudioManager.cs
  artifactKey: Guid(f0ea02a54565c8a489b149e67e7ad055) Importer(815301076,1909f56bfc062723c751e8b465ee728b)
Start importing Assets/Scrips/AudioManager.cs using Guid(f0ea02a54565c8a489b149e67e7ad055) Importer(815301076,1909f56bfc062723c751e8b465ee728b) (PreviewImporter) -> (artifact id: '00000000000000000000000000000000') in 0.0006823 seconds
Import Error Code:(4)
Message: Build asset version error: assets/scrips/audiomanager.cs in SourceAssetDB has modification time of '2025-09-25T06:51:22.0288933Z' while content on disk has modification time of '2025-09-25T06:51:35.5080598Z'
  ERROR: Build asset version error: assets/scrips/audiomanager.cs in SourceAssetDB has modification time of '2025-09-25T06:51:22.0288933Z' while content on disk has modification time of '2025-09-25T06:51:35.5080598Z'
Number of updated asset objects reloaded before import = 0Number of asset objects unloaded after import = 0

========================================================================
Received Import Request.
  Time since last request: 0.000017 seconds.
  path: Assets/Scrips/AudioManager.cs
  artifactKey: Guid(f0ea02a54565c8a489b149e67e7ad055) Importer(815301076,1909f56bfc062723c751e8b465ee728b)
Start importing Assets/Scrips/AudioManager.cs using Guid(f0ea02a54565c8a489b149e67e7ad055) Importer(815301076,1909f56bfc062723c751e8b465ee728b) (PreviewImporter) -> (artifact id: '00000000000000000000000000000000') in 0.0005818 seconds
Import Error Code:(4)
Message: Build asset version error: assets/scrips/audiomanager.cs in SourceAssetDB has modification time of '2025-09-25T06:51:22.0288933Z' while content on disk has modification time of '2025-09-25T06:51:35.5080598Z'
  ERROR: Build asset version error: assets/scrips/audiomanager.cs in SourceAssetDB has modification time of '2025-09-25T06:51:22.0288933Z' while content on disk has modification time of '2025-09-25T06:51:35.5080598Z'
Number of updated asset objects reloaded before import = 0Number of asset objects unloaded after import = 0

========================================================================
Received Import Request.
  Time since last request: 0.000016 seconds.
  path: Assets/Scrips/AudioManager.cs
  artifactKey: Guid(f0ea02a54565c8a489b149e67e7ad055) Importer(815301076,1909f56bfc062723c751e8b465ee728b)
Start importing Assets/Scrips/AudioManager.cs using Guid(f0ea02a54565c8a489b149e67e7ad055) Importer(815301076,1909f56bfc062723c751e8b465ee728b) (PreviewImporter) -> (artifact id: '00000000000000000000000000000000') in 0.000669 seconds
Import Error Code:(4)
Message: Build asset version error: assets/scrips/audiomanager.cs in SourceAssetDB has modification time of '2025-09-25T06:51:22.0288933Z' while content on disk has modification time of '2025-09-25T06:51:35.5080598Z'
  ERROR: Build asset version error: assets/scrips/audiomanager.cs in SourceAssetDB has modification time of '2025-09-25T06:51:22.0288933Z' while content on disk has modification time of '2025-09-25T06:51:35.5080598Z'
Number of updated asset objects reloaded before import = 0Number of asset objects unloaded after import = 0

========================================================================
Received Import Request.
  Time since last request: 0.000018 seconds.
  path: Assets/Scrips/AudioManager.cs
  artifactKey: Guid(f0ea02a54565c8a489b149e67e7ad055) Importer(815301076,1909f56bfc062723c751e8b465ee728b)
Start importing Assets/Scrips/AudioManager.cs using Guid(f0ea02a54565c8a489b149e67e7ad055) Importer(815301076,1909f56bfc062723c751e8b465ee728b) (PreviewImporter) -> (artifact id: '00000000000000000000000000000000') in 0.0006096 seconds
Import Error Code:(4)
Message: Build asset version error: assets/scrips/audiomanager.cs in SourceAssetDB has modification time of '2025-09-25T06:51:22.0288933Z' while content on disk has modification time of '2025-09-25T06:51:35.5080598Z'
  ERROR: Build asset version error: assets/scrips/audiomanager.cs in SourceAssetDB has modification time of '2025-09-25T06:51:22.0288933Z' while content on disk has modification time of '2025-09-25T06:51:35.5080598Z'
Number of updated asset objects reloaded before import = 0Number of asset objects unloaded after import = 0

========================================================================
Received Import Request.
  Time since last request: 0.000018 seconds.
  path: Assets/Scrips/AudioManager.cs
  artifactKey: Guid(f0ea02a54565c8a489b149e67e7ad055) Importer(815301076,1909f56bfc062723c751e8b465ee728b)
Start importing Assets/Scrips/AudioManager.cs using Guid(f0ea02a54565c8a489b149e67e7ad055) Importer(815301076,1909f56bfc062723c751e8b465ee728b) (PreviewImporter) -> (artifact id: '00000000000000000000000000000000') in 0.0005992 seconds
Import Error Code:(4)
Message: Build asset version error: assets/scrips/audiomanager.cs in SourceAssetDB has modification time of '2025-09-25T06:51:22.0288933Z' while content on disk has modification time of '2025-09-25T06:51:35.5080598Z'
  ERROR: Build asset version error: assets/scrips/audiomanager.cs in SourceAssetDB has modification time of '2025-09-25T06:51:22.0288933Z' while content on disk has modification time of '2025-09-25T06:51:35.5080598Z'
Number of updated asset objects reloaded before import = 0Number of asset objects unloaded after import = 0

========================================================================
Received Import Request.
  Time since last request: 0.000020 seconds.
  path: Assets/Scrips/AudioManager.cs
  artifactKey: Guid(f0ea02a54565c8a489b149e67e7ad055) Importer(815301076,1909f56bfc062723c751e8b465ee728b)
Start importing Assets/Scrips/AudioManager.cs using Guid(f0ea02a54565c8a489b149e67e7ad055) Importer(815301076,1909f56bfc062723c751e8b465ee728b) (PreviewImporter) -> (artifact id: '00000000000000000000000000000000') in 0.0005352 seconds
Import Error Code:(4)
Message: Build asset version error: assets/scrips/audiomanager.cs in SourceAssetDB has modification time of '2025-09-25T06:51:22.0288933Z' while content on disk has modification time of '2025-09-25T06:51:35.5080598Z'
  ERROR: Build asset version error: assets/scrips/audiomanager.cs in SourceAssetDB has modification time of '2025-09-25T06:51:22.0288933Z' while content on disk has modification time of '2025-09-25T06:51:35.5080598Z'
Number of updated asset objects reloaded before import = 0Number of asset objects unloaded after import = 0

========================================================================
Received Import Request.
  Time since last request: 0.000024 seconds.
  path: Assets/Scrips/AudioManager.cs
  artifactKey: Guid(f0ea02a54565c8a489b149e67e7ad055) Importer(815301076,1909f56bfc062723c751e8b465ee728b)
Start importing Assets/Scrips/AudioManager.cs using Guid(f0ea02a54565c8a489b149e67e7ad055) Importer(815301076,1909f56bfc062723c751e8b465ee728b) (PreviewImporter) -> (artifact id: '00000000000000000000000000000000') in 0.0006008 seconds
Import Error Code:(4)
Message: Build asset version error: assets/scrips/audiomanager.cs in SourceAssetDB has modification time of '2025-09-25T06:51:22.0288933Z' while content on disk has modification time of '2025-09-25T06:51:35.5080598Z'
  ERROR: Build asset version error: assets/scrips/audiomanager.cs in SourceAssetDB has modification time of '2025-09-25T06:51:22.0288933Z' while content on disk has modification time of '2025-09-25T06:51:35.5080598Z'
Number of updated asset objects reloaded before import = 0Number of asset objects unloaded after import = 0

========================================================================
Received Import Request.
  Time since last request: 0.000017 seconds.
  path: Assets/Scrips/AudioManager.cs
  artifactKey: Guid(f0ea02a54565c8a489b149e67e7ad055) Importer(815301076,1909f56bfc062723c751e8b465ee728b)
Start importing Assets/Scrips/AudioManager.cs using Guid(f0ea02a54565c8a489b149e67e7ad055) Importer(815301076,1909f56bfc062723c751e8b465ee728b) (PreviewImporter) -> (artifact id: '00000000000000000000000000000000') in 0.0006445 seconds
Import Error Code:(4)
Message: Build asset version error: assets/scrips/audiomanager.cs in SourceAssetDB has modification time of '2025-09-25T06:51:22.0288933Z' while content on disk has modification time of '2025-09-25T06:51:35.5080598Z'
  ERROR: Build asset version error: assets/scrips/audiomanager.cs in SourceAssetDB has modification time of '2025-09-25T06:51:22.0288933Z' while content on disk has modification time of '2025-09-25T06:51:35.5080598Z'
Number of updated asset objects reloaded before import = 0Number of asset objects unloaded after import = 0

========================================================================
Received Import Request.
  Time since last request: 0.000024 seconds.
  path: Assets/Scrips/AudioManager.cs
  artifactKey: Guid(f0ea02a54565c8a489b149e67e7ad055) Importer(815301076,1909f56bfc062723c751e8b465ee728b)
Start importing Assets/Scrips/AudioManager.cs using Guid(f0ea02a54565c8a489b149e67e7ad055) Importer(815301076,1909f56bfc062723c751e8b465ee728b) (PreviewImporter) -> (artifact id: '00000000000000000000000000000000') in 0.0006919 seconds
Import Error Code:(4)
Message: Build asset version error: assets/scrips/audiomanager.cs in SourceAssetDB has modification time of '2025-09-25T06:51:22.0288933Z' while content on disk has modification time of '2025-09-25T06:51:35.5080598Z'
  ERROR: Build asset version error: assets/scrips/audiomanager.cs in SourceAssetDB has modification time of '2025-09-25T06:51:22.0288933Z' while content on disk has modification time of '2025-09-25T06:51:35.5080598Z'
Number of updated asset objects reloaded before import = 0Number of asset objects unloaded after import = 0

========================================================================
Received Import Request.
  Time since last request: 0.000025 seconds.
  path: Assets/Scrips/AudioManager.cs
  artifactKey: Guid(f0ea02a54565c8a489b149e67e7ad055) Importer(815301076,1909f56bfc062723c751e8b465ee728b)
Start importing Assets/Scrips/AudioManager.cs using Guid(f0ea02a54565c8a489b149e67e7ad055) Importer(815301076,1909f56bfc062723c751e8b465ee728b) (PreviewImporter) -> (artifact id: '00000000000000000000000000000000') in 0.0007136 seconds
Import Error Code:(4)
Message: Build asset version error: assets/scrips/audiomanager.cs in SourceAssetDB has modification time of '2025-09-25T06:51:22.0288933Z' while content on disk has modification time of '2025-09-25T06:51:35.5080598Z'
  ERROR: Build asset version error: assets/scrips/audiomanager.cs in SourceAssetDB has modification time of '2025-09-25T06:51:22.0288933Z' while content on disk has modification time of '2025-09-25T06:51:35.5080598Z'
Number of updated asset objects reloaded before import = 0Number of asset objects unloaded after import = 0

========================================================================
Received Import Request.
  Time since last request: 0.000022 seconds.
  path: Assets/Scrips/AudioManager.cs
  artifactKey: Guid(f0ea02a54565c8a489b149e67e7ad055) Importer(815301076,1909f56bfc062723c751e8b465ee728b)
Start importing Assets/Scrips/AudioManager.cs using Guid(f0ea02a54565c8a489b149e67e7ad055) Importer(815301076,1909f56bfc062723c751e8b465ee728b) (PreviewImporter) -> (artifact id: '00000000000000000000000000000000') in 0.0006513 seconds
Import Error Code:(4)
Message: Build asset version error: assets/scrips/audiomanager.cs in SourceAssetDB has modification time of '2025-09-25T06:51:22.0288933Z' while content on disk has modification time of '2025-09-25T06:51:35.5080598Z'
  ERROR: Build asset version error: assets/scrips/audiomanager.cs in SourceAssetDB has modification time of '2025-09-25T06:51:22.0288933Z' while content on disk has modification time of '2025-09-25T06:51:35.5080598Z'
Number of updated asset objects reloaded before import = 0Number of asset objects unloaded after import = 0

========================================================================
Received Import Request.
  Time since last request: 0.000019 seconds.
  path: Assets/Scrips/AudioManager.cs
  artifactKey: Guid(f0ea02a54565c8a489b149e67e7ad055) Importer(815301076,1909f56bfc062723c751e8b465ee728b)
Start importing Assets/Scrips/AudioManager.cs using Guid(f0ea02a54565c8a489b149e67e7ad055) Importer(815301076,1909f56bfc062723c751e8b465ee728b) (PreviewImporter) -> (artifact id: '00000000000000000000000000000000') in 0.0006212 seconds
Import Error Code:(4)
Message: Build asset version error: assets/scrips/audiomanager.cs in SourceAssetDB has modification time of '2025-09-25T06:51:22.0288933Z' while content on disk has modification time of '2025-09-25T06:51:35.5080598Z'
  ERROR: Build asset version error: assets/scrips/audiomanager.cs in SourceAssetDB has modification time of '2025-09-25T06:51:22.0288933Z' while content on disk has modification time of '2025-09-25T06:51:35.5080598Z'
Number of updated asset objects reloaded before import = 0Number of asset objects unloaded after import = 0

========================================================================
Received Import Request.
  Time since last request: 0.000021 seconds.
  path: Assets/Scrips/AudioManager.cs
  artifactKey: Guid(f0ea02a54565c8a489b149e67e7ad055) Importer(815301076,1909f56bfc062723c751e8b465ee728b)
Start importing Assets/Scrips/AudioManager.cs using Guid(f0ea02a54565c8a489b149e67e7ad055) Importer(815301076,1909f56bfc062723c751e8b465ee728b) (PreviewImporter) -> (artifact id: '00000000000000000000000000000000') in 0.0005839 seconds
Import Error Code:(4)
Message: Build asset version error: assets/scrips/audiomanager.cs in SourceAssetDB has modification time of '2025-09-25T06:51:22.0288933Z' while content on disk has modification time of '2025-09-25T06:51:35.5080598Z'
  ERROR: Build asset version error: assets/scrips/audiomanager.cs in SourceAssetDB has modification time of '2025-09-25T06:51:22.0288933Z' while content on disk has modification time of '2025-09-25T06:51:35.5080598Z'
Number of updated asset objects reloaded before import = 0Number of asset objects unloaded after import = 0

========================================================================
Received Import Request.
  Time since last request: 0.000036 seconds.
  path: Assets/Scrips/AudioManager.cs
  artifactKey: Guid(f0ea02a54565c8a489b149e67e7ad055) Importer(815301076,1909f56bfc062723c751e8b465ee728b)
Start importing Assets/Scrips/AudioManager.cs using Guid(f0ea02a54565c8a489b149e67e7ad055) Importer(815301076,1909f56bfc062723c751e8b465ee728b) (PreviewImporter) -> (artifact id: '00000000000000000000000000000000') in 0.0005751 seconds
Import Error Code:(4)
Message: Build asset version error: assets/scrips/audiomanager.cs in SourceAssetDB has modification time of '2025-09-25T06:51:22.0288933Z' while content on disk has modification time of '2025-09-25T06:51:35.5080598Z'
  ERROR: Build asset version error: assets/scrips/audiomanager.cs in SourceAssetDB has modification time of '2025-09-25T06:51:22.0288933Z' while content on disk has modification time of '2025-09-25T06:51:35.5080598Z'
Number of updated asset objects reloaded before import = 0Number of asset objects unloaded after import = 0

========================================================================
Received Import Request.
  Time since last request: 0.000023 seconds.
  path: Assets/Scrips/AudioManager.cs
  artifactKey: Guid(f0ea02a54565c8a489b149e67e7ad055) Importer(815301076,1909f56bfc062723c751e8b465ee728b)
Start importing Assets/Scrips/AudioManager.cs using Guid(f0ea02a54565c8a489b149e67e7ad055) Importer(815301076,1909f56bfc062723c751e8b465ee728b) (PreviewImporter) -> (artifact id: '00000000000000000000000000000000') in 0.0010963 seconds
Import Error Code:(4)
Message: Build asset version error: assets/scrips/audiomanager.cs in SourceAssetDB has modification time of '2025-09-25T06:51:22.0288933Z' while content on disk has modification time of '2025-09-25T06:51:35.5080598Z'
  ERROR: Build asset version error: assets/scrips/audiomanager.cs in SourceAssetDB has modification time of '2025-09-25T06:51:22.0288933Z' while content on disk has modification time of '2025-09-25T06:51:35.5080598Z'
Number of updated asset objects reloaded before import = 0Number of asset objects unloaded after import = 0

========================================================================
Received Import Request.
  Time since last request: 0.000018 seconds.
  path: Assets/Scrips/AudioManager.cs
  artifactKey: Guid(f0ea02a54565c8a489b149e67e7ad055) Importer(815301076,1909f56bfc062723c751e8b465ee728b)
Start importing Assets/Scrips/AudioManager.cs using Guid(f0ea02a54565c8a489b149e67e7ad055) Importer(815301076,1909f56bfc062723c751e8b465ee728b) (PreviewImporter) -> (artifact id: '00000000000000000000000000000000') in 0.000657 seconds
Import Error Code:(4)
Message: Build asset version error: assets/scrips/audiomanager.cs in SourceAssetDB has modification time of '2025-09-25T06:51:22.0288933Z' while content on disk has modification time of '2025-09-25T06:51:35.5080598Z'
  ERROR: Build asset version error: assets/scrips/audiomanager.cs in SourceAssetDB has modification time of '2025-09-25T06:51:22.0288933Z' while content on disk has modification time of '2025-09-25T06:51:35.5080598Z'
Number of updated asset objects reloaded before import = 0Number of asset objects unloaded after import = 0

========================================================================
Received Import Request.
  Time since last request: 0.000091 seconds.
  path: Assets/Scrips/AudioManager.cs
  artifactKey: Guid(f0ea02a54565c8a489b149e67e7ad055) Importer(815301076,1909f56bfc062723c751e8b465ee728b)
Start importing Assets/Scrips/AudioManager.cs using Guid(f0ea02a54565c8a489b149e67e7ad055) Importer(815301076,1909f56bfc062723c751e8b465ee728b) (PreviewImporter) -> (artifact id: '00000000000000000000000000000000') in 0.0007465 seconds
Import Error Code:(4)
Message: Build asset version error: assets/scrips/audiomanager.cs in SourceAssetDB has modification time of '2025-09-25T06:51:22.0288933Z' while content on disk has modification time of '2025-09-25T06:51:35.5080598Z'
  ERROR: Build asset version error: assets/scrips/audiomanager.cs in SourceAssetDB has modification time of '2025-09-25T06:51:22.0288933Z' while content on disk has modification time of '2025-09-25T06:51:35.5080598Z'
Number of updated asset objects reloaded before import = 0Number of asset objects unloaded after import = 0

========================================================================
Received Import Request.
  Time since last request: 0.000654 seconds.
  path: Assets/Scrips/AudioManager.cs
  artifactKey: Guid(f0ea02a54565c8a489b149e67e7ad055) Importer(815301076,1909f56bfc062723c751e8b465ee728b)
Start importing Assets/Scrips/AudioManager.cs using Guid(f0ea02a54565c8a489b149e67e7ad055) Importer(815301076,1909f56bfc062723c751e8b465ee728b) (PreviewImporter) -> (artifact id: '00000000000000000000000000000000') in 0.0006542 seconds
Import Error Code:(4)
Message: Build asset version error: assets/scrips/audiomanager.cs in SourceAssetDB has modification time of '2025-09-25T06:51:22.0288933Z' while content on disk has modification time of '2025-09-25T06:51:35.5080598Z'
  ERROR: Build asset version error: assets/scrips/audiomanager.cs in SourceAssetDB has modification time of '2025-09-25T06:51:22.0288933Z' while content on disk has modification time of '2025-09-25T06:51:35.5080598Z'
Number of updated asset objects reloaded before import = 0Number of asset objects unloaded after import = 0

========================================================================
Received Import Request.
  Time since last request: 0.000024 seconds.
  path: Assets/Scrips/AudioManager.cs
  artifactKey: Guid(f0ea02a54565c8a489b149e67e7ad055) Importer(815301076,1909f56bfc062723c751e8b465ee728b)
Start importing Assets/Scrips/AudioManager.cs using Guid(f0ea02a54565c8a489b149e67e7ad055) Importer(815301076,1909f56bfc062723c751e8b465ee728b) (PreviewImporter) -> (artifact id: '00000000000000000000000000000000') in 0.0008683 seconds
Import Error Code:(4)
Message: Build asset version error: assets/scrips/audiomanager.cs in SourceAssetDB has modification time of '2025-09-25T06:51:22.0288933Z' while content on disk has modification time of '2025-09-25T06:51:35.5080598Z'
  ERROR: Build asset version error: assets/scrips/audiomanager.cs in SourceAssetDB has modification time of '2025-09-25T06:51:22.0288933Z' while content on disk has modification time of '2025-09-25T06:51:35.5080598Z'
Number of updated asset objects reloaded before import = 0Number of asset objects unloaded after import = 0

========================================================================
Received Import Request.
  Time since last request: 0.000036 seconds.
  path: Assets/Scrips/AudioManager.cs
  artifactKey: Guid(f0ea02a54565c8a489b149e67e7ad055) Importer(815301076,1909f56bfc062723c751e8b465ee728b)
Start importing Assets/Scrips/AudioManager.cs using Guid(f0ea02a54565c8a489b149e67e7ad055) Importer(815301076,1909f56bfc062723c751e8b465ee728b) (PreviewImporter) -> (artifact id: '00000000000000000000000000000000') in 0.0008136 seconds
Import Error Code:(4)
Message: Build asset version error: assets/scrips/audiomanager.cs in SourceAssetDB has modification time of '2025-09-25T06:51:22.0288933Z' while content on disk has modification time of '2025-09-25T06:51:35.5080598Z'
  ERROR: Build asset version error: assets/scrips/audiomanager.cs in SourceAssetDB has modification time of '2025-09-25T06:51:22.0288933Z' while content on disk has modification time of '2025-09-25T06:51:35.5080598Z'
Number of updated asset objects reloaded before import = 0Number of asset objects unloaded after import = 0

========================================================================
Received Import Request.
  Time since last request: 0.000025 seconds.
  path: Assets/Scrips/AudioManager.cs
  artifactKey: Guid(f0ea02a54565c8a489b149e67e7ad055) Importer(815301076,1909f56bfc062723c751e8b465ee728b)
Start importing Assets/Scrips/AudioManager.cs using Guid(f0ea02a54565c8a489b149e67e7ad055) Importer(815301076,1909f56bfc062723c751e8b465ee728b) (PreviewImporter) -> (artifact id: '00000000000000000000000000000000') in 0.0006254 seconds
Import Error Code:(4)
Message: Build asset version error: assets/scrips/audiomanager.cs in SourceAssetDB has modification time of '2025-09-25T06:51:22.0288933Z' while content on disk has modification time of '2025-09-25T06:51:35.5080598Z'
  ERROR: Build asset version error: assets/scrips/audiomanager.cs in SourceAssetDB has modification time of '2025-09-25T06:51:22.0288933Z' while content on disk has modification time of '2025-09-25T06:51:35.5080598Z'
Number of updated asset objects reloaded before import = 0Number of asset objects unloaded after import = 0

========================================================================
Received Import Request.
  Time since last request: 0.000025 seconds.
  path: Assets/Scrips/AudioManager.cs
  artifactKey: Guid(f0ea02a54565c8a489b149e67e7ad055) Importer(815301076,1909f56bfc062723c751e8b465ee728b)
Start importing Assets/Scrips/AudioManager.cs using Guid(f0ea02a54565c8a489b149e67e7ad055) Importer(815301076,1909f56bfc062723c751e8b465ee728b) (PreviewImporter) -> (artifact id: '00000000000000000000000000000000') in 0.0006663 seconds
Import Error Code:(4)
Message: Build asset version error: assets/scrips/audiomanager.cs in SourceAssetDB has modification time of '2025-09-25T06:51:22.0288933Z' while content on disk has modification time of '2025-09-25T06:51:35.5080598Z'
  ERROR: Build asset version error: assets/scrips/audiomanager.cs in SourceAssetDB has modification time of '2025-09-25T06:51:22.0288933Z' while content on disk has modification time of '2025-09-25T06:51:35.5080598Z'
Number of updated asset objects reloaded before import = 0Number of asset objects unloaded after import = 0

========================================================================
Received Import Request.
  Time since last request: 0.001349 seconds.
  path: Assets/Scrips/AudioManager.cs
  artifactKey: Guid(f0ea02a54565c8a489b149e67e7ad055) Importer(815301076,1909f56bfc062723c751e8b465ee728b)
Start importing Assets/Scrips/AudioManager.cs using Guid(f0ea02a54565c8a489b149e67e7ad055) Importer(815301076,1909f56bfc062723c751e8b465ee728b) (PreviewImporter) -> (artifact id: '00000000000000000000000000000000') in 0.0007817 seconds
Import Error Code:(4)
Message: Build asset version error: assets/scrips/audiomanager.cs in SourceAssetDB has modification time of '2025-09-25T06:51:22.0288933Z' while content on disk has modification time of '2025-09-25T06:51:35.5080598Z'
  ERROR: Build asset version error: assets/scrips/audiomanager.cs in SourceAssetDB has modification time of '2025-09-25T06:51:22.0288933Z' while content on disk has modification time of '2025-09-25T06:51:35.5080598Z'
Number of updated asset objects reloaded before import = 0Number of asset objects unloaded after import = 0

========================================================================
Received Import Request.
  Time since last request: 0.000022 seconds.
  path: Assets/Scrips/AudioManager.cs
  artifactKey: Guid(f0ea02a54565c8a489b149e67e7ad055) Importer(815301076,1909f56bfc062723c751e8b465ee728b)
Start importing Assets/Scrips/AudioManager.cs using Guid(f0ea02a54565c8a489b149e67e7ad055) Importer(815301076,1909f56bfc062723c751e8b465ee728b) (PreviewImporter) -> (artifact id: '00000000000000000000000000000000') in 0.0016522 seconds
Import Error Code:(4)
Message: Build asset version error: assets/scrips/audiomanager.cs in SourceAssetDB has modification time of '2025-09-25T06:51:22.0288933Z' while content on disk has modification time of '2025-09-25T06:51:35.5080598Z'
  ERROR: Build asset version error: assets/scrips/audiomanager.cs in SourceAssetDB has modification time of '2025-09-25T06:51:22.0288933Z' while content on disk has modification time of '2025-09-25T06:51:35.5080598Z'
Number of updated asset objects reloaded before import = 0Number of asset objects unloaded after import = 0

========================================================================
Received Import Request.
  Time since last request: 0.003057 seconds.
  path: Assets/Scrips/AudioManager.cs
  artifactKey: Guid(f0ea02a54565c8a489b149e67e7ad055) Importer(815301076,1909f56bfc062723c751e8b465ee728b)
Start importing Assets/Scrips/AudioManager.cs using Guid(f0ea02a54565c8a489b149e67e7ad055) Importer(815301076,1909f56bfc062723c751e8b465ee728b) (PreviewImporter) -> (artifact id: '00000000000000000000000000000000') in 0.0009618 seconds
Import Error Code:(4)
Message: Build asset version error: assets/scrips/audiomanager.cs in SourceAssetDB has modification time of '2025-09-25T06:51:22.0288933Z' while content on disk has modification time of '2025-09-25T06:51:35.5080598Z'
  ERROR: Build asset version error: assets/scrips/audiomanager.cs in SourceAssetDB has modification time of '2025-09-25T06:51:22.0288933Z' while content on disk has modification time of '2025-09-25T06:51:35.5080598Z'
Number of updated asset objects reloaded before import = 0Number of asset objects unloaded after import = 0

========================================================================
Received Import Request.
  Time since last request: 0.000020 seconds.
  path: Assets/Scrips/AudioManager.cs
  artifactKey: Guid(f0ea02a54565c8a489b149e67e7ad055) Importer(815301076,1909f56bfc062723c751e8b465ee728b)
Start importing Assets/Scrips/AudioManager.cs using Guid(f0ea02a54565c8a489b149e67e7ad055) Importer(815301076,1909f56bfc062723c751e8b465ee728b) (PreviewImporter) -> (artifact id: '00000000000000000000000000000000') in 0.0006589 seconds
Import Error Code:(4)
Message: Build asset version error: assets/scrips/audiomanager.cs in SourceAssetDB has modification time of '2025-09-25T06:51:22.0288933Z' while content on disk has modification time of '2025-09-25T06:51:35.5080598Z'
  ERROR: Build asset version error: assets/scrips/audiomanager.cs in SourceAssetDB has modification time of '2025-09-25T06:51:22.0288933Z' while content on disk has modification time of '2025-09-25T06:51:35.5080598Z'
Number of updated asset objects reloaded before import = 0Number of asset objects unloaded after import = 0

========================================================================
Received Import Request.
  Time since last request: 0.000028 seconds.
  path: Assets/Scrips/AudioManager.cs
  artifactKey: Guid(f0ea02a54565c8a489b149e67e7ad055) Importer(815301076,1909f56bfc062723c751e8b465ee728b)
Start importing Assets/Scrips/AudioManager.cs using Guid(f0ea02a54565c8a489b149e67e7ad055) Importer(815301076,1909f56bfc062723c751e8b465ee728b) (PreviewImporter) -> (artifact id: '00000000000000000000000000000000') in 0.0008731 seconds
Import Error Code:(4)
Message: Build asset version error: assets/scrips/audiomanager.cs in SourceAssetDB has modification time of '2025-09-25T06:51:22.0288933Z' while content on disk has modification time of '2025-09-25T06:51:35.5080598Z'
  ERROR: Build asset version error: assets/scrips/audiomanager.cs in SourceAssetDB has modification time of '2025-09-25T06:51:22.0288933Z' while content on disk has modification time of '2025-09-25T06:51:35.5080598Z'
Number of updated asset objects reloaded before import = 0Number of asset objects unloaded after import = 0

========================================================================
Received Import Request.
  Time since last request: 0.000018 seconds.
  path: Assets/Scrips/AudioManager.cs
  artifactKey: Guid(f0ea02a54565c8a489b149e67e7ad055) Importer(815301076,1909f56bfc062723c751e8b465ee728b)
Start importing Assets/Scrips/AudioManager.cs using Guid(f0ea02a54565c8a489b149e67e7ad055) Importer(815301076,1909f56bfc062723c751e8b465ee728b) (PreviewImporter) -> (artifact id: '00000000000000000000000000000000') in 0.0009273 seconds
Import Error Code:(4)
Message: Build asset version error: assets/scrips/audiomanager.cs in SourceAssetDB has modification time of '2025-09-25T06:51:22.0288933Z' while content on disk has modification time of '2025-09-25T06:51:35.5080598Z'
  ERROR: Build asset version error: assets/scrips/audiomanager.cs in SourceAssetDB has modification time of '2025-09-25T06:51:22.0288933Z' while content on disk has modification time of '2025-09-25T06:51:35.5080598Z'
Number of updated asset objects reloaded before import = 0Number of asset objects unloaded after import = 0

========================================================================
Received Import Request.
  Time since last request: 0.000017 seconds.
  path: Assets/Scrips/AudioManager.cs
  artifactKey: Guid(f0ea02a54565c8a489b149e67e7ad055) Importer(815301076,1909f56bfc062723c751e8b465ee728b)
Start importing Assets/Scrips/AudioManager.cs using Guid(f0ea02a54565c8a489b149e67e7ad055) Importer(815301076,1909f56bfc062723c751e8b465ee728b) (PreviewImporter) -> (artifact id: '00000000000000000000000000000000') in 0.0006311 seconds
Import Error Code:(4)
Message: Build asset version error: assets/scrips/audiomanager.cs in SourceAssetDB has modification time of '2025-09-25T06:51:22.0288933Z' while content on disk has modification time of '2025-09-25T06:51:35.5080598Z'
  ERROR: Build asset version error: assets/scrips/audiomanager.cs in SourceAssetDB has modification time of '2025-09-25T06:51:22.0288933Z' while content on disk has modification time of '2025-09-25T06:51:35.5080598Z'
Number of updated asset objects reloaded before import = 0Number of asset objects unloaded after import = 0

========================================================================
Received Import Request.
  Time since last request: 0.000020 seconds.
  path: Assets/Scrips/AudioManager.cs
  artifactKey: Guid(f0ea02a54565c8a489b149e67e7ad055) Importer(815301076,1909f56bfc062723c751e8b465ee728b)
Start importing Assets/Scrips/AudioManager.cs using Guid(f0ea02a54565c8a489b149e67e7ad055) Importer(815301076,1909f56bfc062723c751e8b465ee728b) (PreviewImporter) -> (artifact id: '00000000000000000000000000000000') in 0.0007213 seconds
Import Error Code:(4)
Message: Build asset version error: assets/scrips/audiomanager.cs in SourceAssetDB has modification time of '2025-09-25T06:51:22.0288933Z' while content on disk has modification time of '2025-09-25T06:51:35.5080598Z'
  ERROR: Build asset version error: assets/scrips/audiomanager.cs in SourceAssetDB has modification time of '2025-09-25T06:51:22.0288933Z' while content on disk has modification time of '2025-09-25T06:51:35.5080598Z'
Number of updated asset objects reloaded before import = 0Number of asset objects unloaded after import = 0

========================================================================
Received Import Request.
  Time since last request: 0.000022 seconds.
  path: Assets/Scrips/AudioManager.cs
  artifactKey: Guid(f0ea02a54565c8a489b149e67e7ad055) Importer(815301076,1909f56bfc062723c751e8b465ee728b)
Start importing Assets/Scrips/AudioManager.cs using Guid(f0ea02a54565c8a489b149e67e7ad055) Importer(815301076,1909f56bfc062723c751e8b465ee728b) (PreviewImporter) -> (artifact id: '00000000000000000000000000000000') in 0.0005849 seconds
Import Error Code:(4)
Message: Build asset version error: assets/scrips/audiomanager.cs in SourceAssetDB has modification time of '2025-09-25T06:51:22.0288933Z' while content on disk has modification time of '2025-09-25T06:51:35.5080598Z'
  ERROR: Build asset version error: assets/scrips/audiomanager.cs in SourceAssetDB has modification time of '2025-09-25T06:51:22.0288933Z' while content on disk has modification time of '2025-09-25T06:51:35.5080598Z'
Number of updated asset objects reloaded before import = 0Number of asset objects unloaded after import = 0

========================================================================
Received Import Request.
  Time since last request: 0.000016 seconds.
  path: Assets/Scrips/AudioManager.cs
  artifactKey: Guid(f0ea02a54565c8a489b149e67e7ad055) Importer(815301076,1909f56bfc062723c751e8b465ee728b)
Start importing Assets/Scrips/AudioManager.cs using Guid(f0ea02a54565c8a489b149e67e7ad055) Importer(815301076,1909f56bfc062723c751e8b465ee728b) (PreviewImporter) -> (artifact id: '00000000000000000000000000000000') in 0.000683 seconds
Import Error Code:(4)
Message: Build asset version error: assets/scrips/audiomanager.cs in SourceAssetDB has modification time of '2025-09-25T06:51:22.0288933Z' while content on disk has modification time of '2025-09-25T06:51:35.5080598Z'
  ERROR: Build asset version error: assets/scrips/audiomanager.cs in SourceAssetDB has modification time of '2025-09-25T06:51:22.0288933Z' while content on disk has modification time of '2025-09-25T06:51:35.5080598Z'
Number of updated asset objects reloaded before import = 0Number of asset objects unloaded after import = 0

========================================================================
Received Import Request.
  Time since last request: 0.000025 seconds.
  path: Assets/Scrips/AudioManager.cs
  artifactKey: Guid(f0ea02a54565c8a489b149e67e7ad055) Importer(815301076,1909f56bfc062723c751e8b465ee728b)
Start importing Assets/Scrips/AudioManager.cs using Guid(f0ea02a54565c8a489b149e67e7ad055) Importer(815301076,1909f56bfc062723c751e8b465ee728b) (PreviewImporter) -> (artifact id: '00000000000000000000000000000000') in 0.0005552 seconds
Import Error Code:(4)
Message: Build asset version error: assets/scrips/audiomanager.cs in SourceAssetDB has modification time of '2025-09-25T06:51:22.0288933Z' while content on disk has modification time of '2025-09-25T06:51:35.5080598Z'
  ERROR: Build asset version error: assets/scrips/audiomanager.cs in SourceAssetDB has modification time of '2025-09-25T06:51:22.0288933Z' while content on disk has modification time of '2025-09-25T06:51:35.5080598Z'
Number of updated asset objects reloaded before import = 0Number of asset objects unloaded after import = 0

========================================================================
Received Import Request.
  Time since last request: 0.000082 seconds.
  path: Assets/Scrips/AudioManager.cs
  artifactKey: Guid(f0ea02a54565c8a489b149e67e7ad055) Importer(815301076,1909f56bfc062723c751e8b465ee728b)
Start importing Assets/Scrips/AudioManager.cs using Guid(f0ea02a54565c8a489b149e67e7ad055) Importer(815301076,1909f56bfc062723c751e8b465ee728b) (PreviewImporter) -> (artifact id: '00000000000000000000000000000000') in 0.0006176 seconds
Import Error Code:(4)
Message: Build asset version error: assets/scrips/audiomanager.cs in SourceAssetDB has modification time of '2025-09-25T06:51:22.0288933Z' while content on disk has modification time of '2025-09-25T06:51:35.5080598Z'
  ERROR: Build asset version error: assets/scrips/audiomanager.cs in SourceAssetDB has modification time of '2025-09-25T06:51:22.0288933Z' while content on disk has modification time of '2025-09-25T06:51:35.5080598Z'
Number of updated asset objects reloaded before import = 0Number of asset objects unloaded after import = 0

========================================================================
Received Import Request.
  Time since last request: 0.000018 seconds.
  path: Assets/Scrips/AudioManager.cs
  artifactKey: Guid(f0ea02a54565c8a489b149e67e7ad055) Importer(815301076,1909f56bfc062723c751e8b465ee728b)
Start importing Assets/Scrips/AudioManager.cs using Guid(f0ea02a54565c8a489b149e67e7ad055) Importer(815301076,1909f56bfc062723c751e8b465ee728b) (PreviewImporter) -> (artifact id: '00000000000000000000000000000000') in 0.0006928 seconds
Import Error Code:(4)
Message: Build asset version error: assets/scrips/audiomanager.cs in SourceAssetDB has modification time of '2025-09-25T06:51:22.0288933Z' while content on disk has modification time of '2025-09-25T06:51:35.5080598Z'
  ERROR: Build asset version error: assets/scrips/audiomanager.cs in SourceAssetDB has modification time of '2025-09-25T06:51:22.0288933Z' while content on disk has modification time of '2025-09-25T06:51:35.5080598Z'
Number of updated asset objects reloaded before import = 0Number of asset objects unloaded after import = 0

========================================================================
Received Import Request.
  Time since last request: 0.000017 seconds.
  path: Assets/Scrips/AudioManager.cs
  artifactKey: Guid(f0ea02a54565c8a489b149e67e7ad055) Importer(815301076,1909f56bfc062723c751e8b465ee728b)
Start importing Assets/Scrips/AudioManager.cs using Guid(f0ea02a54565c8a489b149e67e7ad055) Importer(815301076,1909f56bfc062723c751e8b465ee728b) (PreviewImporter) -> (artifact id: '00000000000000000000000000000000') in 0.0007519 seconds
Import Error Code:(4)
Message: Build asset version error: assets/scrips/audiomanager.cs in SourceAssetDB has modification time of '2025-09-25T06:51:22.0288933Z' while content on disk has modification time of '2025-09-25T06:51:35.5080598Z'
  ERROR: Build asset version error: assets/scrips/audiomanager.cs in SourceAssetDB has modification time of '2025-09-25T06:51:22.0288933Z' while content on disk has modification time of '2025-09-25T06:51:35.5080598Z'
Number of updated asset objects reloaded before import = 0Number of asset objects unloaded after import = 0

========================================================================
Received Import Request.
  Time since last request: 0.000015 seconds.
  path: Assets/Scrips/AudioManager.cs
  artifactKey: Guid(f0ea02a54565c8a489b149e67e7ad055) Importer(815301076,1909f56bfc062723c751e8b465ee728b)
Start importing Assets/Scrips/AudioManager.cs using Guid(f0ea02a54565c8a489b149e67e7ad055) Importer(815301076,1909f56bfc062723c751e8b465ee728b) (PreviewImporter) -> (artifact id: '00000000000000000000000000000000') in 0.0005737 seconds
Import Error Code:(4)
Message: Build asset version error: assets/scrips/audiomanager.cs in SourceAssetDB has modification time of '2025-09-25T06:51:22.0288933Z' while content on disk has modification time of '2025-09-25T06:51:35.5080598Z'
  ERROR: Build asset version error: assets/scrips/audiomanager.cs in SourceAssetDB has modification time of '2025-09-25T06:51:22.0288933Z' while content on disk has modification time of '2025-09-25T06:51:35.5080598Z'
Number of updated asset objects reloaded before import = 0Number of asset objects unloaded after import = 0

========================================================================
Received Import Request.
  Time since last request: 0.000018 seconds.
  path: Assets/Scrips/AudioManager.cs
  artifactKey: Guid(f0ea02a54565c8a489b149e67e7ad055) Importer(815301076,1909f56bfc062723c751e8b465ee728b)
Start importing Assets/Scrips/AudioManager.cs using Guid(f0ea02a54565c8a489b149e67e7ad055) Importer(815301076,1909f56bfc062723c751e8b465ee728b) (PreviewImporter) -> (artifact id: '00000000000000000000000000000000') in 0.0005558 seconds
Import Error Code:(4)
Message: Build asset version error: assets/scrips/audiomanager.cs in SourceAssetDB has modification time of '2025-09-25T06:51:22.0288933Z' while content on disk has modification time of '2025-09-25T06:51:35.5080598Z'
  ERROR: Build asset version error: assets/scrips/audiomanager.cs in SourceAssetDB has modification time of '2025-09-25T06:51:22.0288933Z' while content on disk has modification time of '2025-09-25T06:51:35.5080598Z'
Number of updated asset objects reloaded before import = 0Number of asset objects unloaded after import = 0

========================================================================
Received Import Request.
  Time since last request: 0.000018 seconds.
  path: Assets/Scrips/AudioManager.cs
  artifactKey: Guid(f0ea02a54565c8a489b149e67e7ad055) Importer(815301076,1909f56bfc062723c751e8b465ee728b)
Start importing Assets/Scrips/AudioManager.cs using Guid(f0ea02a54565c8a489b149e67e7ad055) Importer(815301076,1909f56bfc062723c751e8b465ee728b) (PreviewImporter) -> (artifact id: '00000000000000000000000000000000') in 0.0005253 seconds
Import Error Code:(4)
Message: Build asset version error: assets/scrips/audiomanager.cs in SourceAssetDB has modification time of '2025-09-25T06:51:22.0288933Z' while content on disk has modification time of '2025-09-25T06:51:35.5080598Z'
  ERROR: Build asset version error: assets/scrips/audiomanager.cs in SourceAssetDB has modification time of '2025-09-25T06:51:22.0288933Z' while content on disk has modification time of '2025-09-25T06:51:35.5080598Z'
Number of updated asset objects reloaded before import = 0Number of asset objects unloaded after import = 0

========================================================================
Received Import Request.
  Time since last request: 0.000018 seconds.
  path: Assets/Scrips/AudioManager.cs
  artifactKey: Guid(f0ea02a54565c8a489b149e67e7ad055) Importer(815301076,1909f56bfc062723c751e8b465ee728b)
Start importing Assets/Scrips/AudioManager.cs using Guid(f0ea02a54565c8a489b149e67e7ad055) Importer(815301076,1909f56bfc062723c751e8b465ee728b) (PreviewImporter) -> (artifact id: '00000000000000000000000000000000') in 0.0005354 seconds
Import Error Code:(4)
Message: Build asset version error: assets/scrips/audiomanager.cs in SourceAssetDB has modification time of '2025-09-25T06:51:22.0288933Z' while content on disk has modification time of '2025-09-25T06:51:35.5080598Z'
  ERROR: Build asset version error: assets/scrips/audiomanager.cs in SourceAssetDB has modification time of '2025-09-25T06:51:22.0288933Z' while content on disk has modification time of '2025-09-25T06:51:35.5080598Z'
Number of updated asset objects reloaded before import = 0Number of asset objects unloaded after import = 0

========================================================================
Received Import Request.
  Time since last request: 0.000027 seconds.
  path: Assets/Scrips/AudioManager.cs
  artifactKey: Guid(f0ea02a54565c8a489b149e67e7ad055) Importer(815301076,1909f56bfc062723c751e8b465ee728b)
Start importing Assets/Scrips/AudioManager.cs using Guid(f0ea02a54565c8a489b149e67e7ad055) Importer(815301076,1909f56bfc062723c751e8b465ee728b) (PreviewImporter) -> (artifact id: '00000000000000000000000000000000') in 0.00054 seconds
Import Error Code:(4)
Message: Build asset version error: assets/scrips/audiomanager.cs in SourceAssetDB has modification time of '2025-09-25T06:51:22.0288933Z' while content on disk has modification time of '2025-09-25T06:51:35.5080598Z'
  ERROR: Build asset version error: assets/scrips/audiomanager.cs in SourceAssetDB has modification time of '2025-09-25T06:51:22.0288933Z' while content on disk has modification time of '2025-09-25T06:51:35.5080598Z'
Number of updated asset objects reloaded before import = 0Number of asset objects unloaded after import = 0

========================================================================
Received Import Request.
  Time since last request: 0.000021 seconds.
  path: Assets/Scrips/AudioManager.cs
  artifactKey: Guid(f0ea02a54565c8a489b149e67e7ad055) Importer(815301076,1909f56bfc062723c751e8b465ee728b)
Start importing Assets/Scrips/AudioManager.cs using Guid(f0ea02a54565c8a489b149e67e7ad055) Importer(815301076,1909f56bfc062723c751e8b465ee728b) (PreviewImporter) -> (artifact id: '00000000000000000000000000000000') in 0.0005566 seconds
Import Error Code:(4)
Message: Build asset version error: assets/scrips/audiomanager.cs in SourceAssetDB has modification time of '2025-09-25T06:51:22.0288933Z' while content on disk has modification time of '2025-09-25T06:51:35.5080598Z'
  ERROR: Build asset version error: assets/scrips/audiomanager.cs in SourceAssetDB has modification time of '2025-09-25T06:51:22.0288933Z' while content on disk has modification time of '2025-09-25T06:51:35.5080598Z'
Number of updated asset objects reloaded before import = 0Number of asset objects unloaded after import = 0

========================================================================
Received Import Request.
  Time since last request: 0.001062 seconds.
  path: Assets/Scrips/AudioManager.cs
  artifactKey: Guid(f0ea02a54565c8a489b149e67e7ad055) Importer(815301076,1909f56bfc062723c751e8b465ee728b)
Start importing Assets/Scrips/AudioManager.cs using Guid(f0ea02a54565c8a489b149e67e7ad055) Importer(815301076,1909f56bfc062723c751e8b465ee728b) (PreviewImporter) -> (artifact id: '00000000000000000000000000000000') in 0.0006157 seconds
Import Error Code:(4)
Message: Build asset version error: assets/scrips/audiomanager.cs in SourceAssetDB has modification time of '2025-09-25T06:51:22.0288933Z' while content on disk has modification time of '2025-09-25T06:51:35.5080598Z'
  ERROR: Build asset version error: assets/scrips/audiomanager.cs in SourceAssetDB has modification time of '2025-09-25T06:51:22.0288933Z' while content on disk has modification time of '2025-09-25T06:51:35.5080598Z'
Number of updated asset objects reloaded before import = 0Number of asset objects unloaded after import = 0

========================================================================
Received Import Request.
  Time since last request: 0.000016 seconds.
  path: Assets/Scrips/AudioManager.cs
  artifactKey: Guid(f0ea02a54565c8a489b149e67e7ad055) Importer(815301076,1909f56bfc062723c751e8b465ee728b)
Start importing Assets/Scrips/AudioManager.cs using Guid(f0ea02a54565c8a489b149e67e7ad055) Importer(815301076,1909f56bfc062723c751e8b465ee728b) (PreviewImporter) -> (artifact id: '00000000000000000000000000000000') in 0.0007501 seconds
Import Error Code:(4)
Message: Build asset version error: assets/scrips/audiomanager.cs in SourceAssetDB has modification time of '2025-09-25T06:51:22.0288933Z' while content on disk has modification time of '2025-09-25T06:51:35.5080598Z'
  ERROR: Build asset version error: assets/scrips/audiomanager.cs in SourceAssetDB has modification time of '2025-09-25T06:51:22.0288933Z' while content on disk has modification time of '2025-09-25T06:51:35.5080598Z'
Number of updated asset objects reloaded before import = 0Number of asset objects unloaded after import = 0

========================================================================
Received Import Request.
  Time since last request: 0.000029 seconds.
  path: Assets/Scrips/AudioManager.cs
  artifactKey: Guid(f0ea02a54565c8a489b149e67e7ad055) Importer(815301076,1909f56bfc062723c751e8b465ee728b)
Start importing Assets/Scrips/AudioManager.cs using Guid(f0ea02a54565c8a489b149e67e7ad055) Importer(815301076,1909f56bfc062723c751e8b465ee728b) (PreviewImporter) -> (artifact id: '00000000000000000000000000000000') in 0.0005861 seconds
Import Error Code:(4)
Message: Build asset version error: assets/scrips/audiomanager.cs in SourceAssetDB has modification time of '2025-09-25T06:51:22.0288933Z' while content on disk has modification time of '2025-09-25T06:51:35.5080598Z'
  ERROR: Build asset version error: assets/scrips/audiomanager.cs in SourceAssetDB has modification time of '2025-09-25T06:51:22.0288933Z' while content on disk has modification time of '2025-09-25T06:51:35.5080598Z'
Number of updated asset objects reloaded before import = 0Number of asset objects unloaded after import = 0

========================================================================
Received Import Request.
  Time since last request: 0.000018 seconds.
  path: Assets/Scrips/AudioManager.cs
  artifactKey: Guid(f0ea02a54565c8a489b149e67e7ad055) Importer(815301076,1909f56bfc062723c751e8b465ee728b)
Start importing Assets/Scrips/AudioManager.cs using Guid(f0ea02a54565c8a489b149e67e7ad055) Importer(815301076,1909f56bfc062723c751e8b465ee728b) (PreviewImporter) -> (artifact id: '00000000000000000000000000000000') in 0.0005883 seconds
Import Error Code:(4)
Message: Build asset version error: assets/scrips/audiomanager.cs in SourceAssetDB has modification time of '2025-09-25T06:51:22.0288933Z' while content on disk has modification time of '2025-09-25T06:51:35.5080598Z'
  ERROR: Build asset version error: assets/scrips/audiomanager.cs in SourceAssetDB has modification time of '2025-09-25T06:51:22.0288933Z' while content on disk has modification time of '2025-09-25T06:51:35.5080598Z'
Number of updated asset objects reloaded before import = 0Number of asset objects unloaded after import = 0

========================================================================
Received Import Request.
  Time since last request: 0.000031 seconds.
  path: Assets/Scrips/AudioManager.cs
  artifactKey: Guid(f0ea02a54565c8a489b149e67e7ad055) Importer(815301076,1909f56bfc062723c751e8b465ee728b)
Start importing Assets/Scrips/AudioManager.cs using Guid(f0ea02a54565c8a489b149e67e7ad055) Importer(815301076,1909f56bfc062723c751e8b465ee728b) (PreviewImporter) -> (artifact id: '00000000000000000000000000000000') in 0.0006882 seconds
Import Error Code:(4)
Message: Build asset version error: assets/scrips/audiomanager.cs in SourceAssetDB has modification time of '2025-09-25T06:51:22.0288933Z' while content on disk has modification time of '2025-09-25T06:51:35.5080598Z'
  ERROR: Build asset version error: assets/scrips/audiomanager.cs in SourceAssetDB has modification time of '2025-09-25T06:51:22.0288933Z' while content on disk has modification time of '2025-09-25T06:51:35.5080598Z'
Number of updated asset objects reloaded before import = 0Number of asset objects unloaded after import = 0

========================================================================
Received Import Request.
  Time since last request: 0.000028 seconds.
  path: Assets/Scrips/AudioManager.cs
  artifactKey: Guid(f0ea02a54565c8a489b149e67e7ad055) Importer(815301076,1909f56bfc062723c751e8b465ee728b)
Start importing Assets/Scrips/AudioManager.cs using Guid(f0ea02a54565c8a489b149e67e7ad055) Importer(815301076,1909f56bfc062723c751e8b465ee728b) (PreviewImporter) -> (artifact id: '00000000000000000000000000000000') in 0.0005547 seconds
Import Error Code:(4)
Message: Build asset version error: assets/scrips/audiomanager.cs in SourceAssetDB has modification time of '2025-09-25T06:51:22.0288933Z' while content on disk has modification time of '2025-09-25T06:51:35.5080598Z'
  ERROR: Build asset version error: assets/scrips/audiomanager.cs in SourceAssetDB has modification time of '2025-09-25T06:51:22.0288933Z' while content on disk has modification time of '2025-09-25T06:51:35.5080598Z'
Number of updated asset objects reloaded before import = 0Number of asset objects unloaded after import = 0

========================================================================
Received Import Request.
  Time since last request: 0.001254 seconds.
  path: Assets/Scrips/AudioManager.cs
  artifactKey: Guid(f0ea02a54565c8a489b149e67e7ad055) Importer(815301076,1909f56bfc062723c751e8b465ee728b)
Start importing Assets/Scrips/AudioManager.cs using Guid(f0ea02a54565c8a489b149e67e7ad055) Importer(815301076,1909f56bfc062723c751e8b465ee728b) (PreviewImporter) -> (artifact id: '00000000000000000000000000000000') in 0.0005608 seconds
Import Error Code:(4)
Message: Build asset version error: assets/scrips/audiomanager.cs in SourceAssetDB has modification time of '2025-09-25T06:51:22.0288933Z' while content on disk has modification time of '2025-09-25T06:51:35.5080598Z'
  ERROR: Build asset version error: assets/scrips/audiomanager.cs in SourceAssetDB has modification time of '2025-09-25T06:51:22.0288933Z' while content on disk has modification time of '2025-09-25T06:51:35.5080598Z'
Number of updated asset objects reloaded before import = 0Number of asset objects unloaded after import = 0

========================================================================
Received Import Request.
  Time since last request: 0.000020 seconds.
  path: Assets/Scrips/AudioManager.cs
  artifactKey: Guid(f0ea02a54565c8a489b149e67e7ad055) Importer(815301076,1909f56bfc062723c751e8b465ee728b)
Start importing Assets/Scrips/AudioManager.cs using Guid(f0ea02a54565c8a489b149e67e7ad055) Importer(815301076,1909f56bfc062723c751e8b465ee728b) (PreviewImporter) -> (artifact id: '00000000000000000000000000000000') in 0.0005509 seconds
Import Error Code:(4)
Message: Build asset version error: assets/scrips/audiomanager.cs in SourceAssetDB has modification time of '2025-09-25T06:51:22.0288933Z' while content on disk has modification time of '2025-09-25T06:51:35.5080598Z'
  ERROR: Build asset version error: assets/scrips/audiomanager.cs in SourceAssetDB has modification time of '2025-09-25T06:51:22.0288933Z' while content on disk has modification time of '2025-09-25T06:51:35.5080598Z'
Number of updated asset objects reloaded before import = 0Number of asset objects unloaded after import = 0

========================================================================
Received Import Request.
  Time since last request: 0.000018 seconds.
  path: Assets/Scrips/AudioManager.cs
  artifactKey: Guid(f0ea02a54565c8a489b149e67e7ad055) Importer(815301076,1909f56bfc062723c751e8b465ee728b)
Start importing Assets/Scrips/AudioManager.cs using Guid(f0ea02a54565c8a489b149e67e7ad055) Importer(815301076,1909f56bfc062723c751e8b465ee728b) (PreviewImporter) -> (artifact id: '00000000000000000000000000000000') in 0.0007675 seconds
Import Error Code:(4)
Message: Build asset version error: assets/scrips/audiomanager.cs in SourceAssetDB has modification time of '2025-09-25T06:51:22.0288933Z' while content on disk has modification time of '2025-09-25T06:51:35.5080598Z'
  ERROR: Build asset version error: assets/scrips/audiomanager.cs in SourceAssetDB has modification time of '2025-09-25T06:51:22.0288933Z' while content on disk has modification time of '2025-09-25T06:51:35.5080598Z'
Number of updated asset objects reloaded before import = 0Number of asset objects unloaded after import = 0

========================================================================
Received Import Request.
  Time since last request: 0.000018 seconds.
  path: Assets/Scrips/AudioManager.cs
  artifactKey: Guid(f0ea02a54565c8a489b149e67e7ad055) Importer(815301076,1909f56bfc062723c751e8b465ee728b)
Start importing Assets/Scrips/AudioManager.cs using Guid(f0ea02a54565c8a489b149e67e7ad055) Importer(815301076,1909f56bfc062723c751e8b465ee728b) (PreviewImporter) -> (artifact id: '00000000000000000000000000000000') in 0.0006668 seconds
Import Error Code:(4)
Message: Build asset version error: assets/scrips/audiomanager.cs in SourceAssetDB has modification time of '2025-09-25T06:51:22.0288933Z' while content on disk has modification time of '2025-09-25T06:51:35.5080598Z'
  ERROR: Build asset version error: assets/scrips/audiomanager.cs in SourceAssetDB has modification time of '2025-09-25T06:51:22.0288933Z' while content on disk has modification time of '2025-09-25T06:51:35.5080598Z'
Number of updated asset objects reloaded before import = 0Number of asset objects unloaded after import = 0

========================================================================
Received Import Request.
  Time since last request: 0.000020 seconds.
  path: Assets/Scrips/AudioManager.cs
  artifactKey: Guid(f0ea02a54565c8a489b149e67e7ad055) Importer(815301076,1909f56bfc062723c751e8b465ee728b)
Start importing Assets/Scrips/AudioManager.cs using Guid(f0ea02a54565c8a489b149e67e7ad055) Importer(815301076,1909f56bfc062723c751e8b465ee728b) (PreviewImporter) -> (artifact id: '00000000000000000000000000000000') in 0.0005163 seconds
Import Error Code:(4)
Message: Build asset version error: assets/scrips/audiomanager.cs in SourceAssetDB has modification time of '2025-09-25T06:51:22.0288933Z' while content on disk has modification time of '2025-09-25T06:51:35.5080598Z'
  ERROR: Build asset version error: assets/scrips/audiomanager.cs in SourceAssetDB has modification time of '2025-09-25T06:51:22.0288933Z' while content on disk has modification time of '2025-09-25T06:51:35.5080598Z'
Number of updated asset objects reloaded before import = 0Number of asset objects unloaded after import = 0

========================================================================
Received Import Request.
  Time since last request: 0.000015 seconds.
  path: Assets/Scrips/AudioManager.cs
  artifactKey: Guid(f0ea02a54565c8a489b149e67e7ad055) Importer(815301076,1909f56bfc062723c751e8b465ee728b)
Start importing Assets/Scrips/AudioManager.cs using Guid(f0ea02a54565c8a489b149e67e7ad055) Importer(815301076,1909f56bfc062723c751e8b465ee728b) (PreviewImporter) -> (artifact id: '00000000000000000000000000000000') in 0.0007043 seconds
Import Error Code:(4)
Message: Build asset version error: assets/scrips/audiomanager.cs in SourceAssetDB has modification time of '2025-09-25T06:51:22.0288933Z' while content on disk has modification time of '2025-09-25T06:51:35.5080598Z'
  ERROR: Build asset version error: assets/scrips/audiomanager.cs in SourceAssetDB has modification time of '2025-09-25T06:51:22.0288933Z' while content on disk has modification time of '2025-09-25T06:51:35.5080598Z'
Number of updated asset objects reloaded before import = 0Number of asset objects unloaded after import = 0

========================================================================
Received Import Request.
  Time since last request: 0.000018 seconds.
  path: Assets/Scrips/AudioManager.cs
  artifactKey: Guid(f0ea02a54565c8a489b149e67e7ad055) Importer(815301076,1909f56bfc062723c751e8b465ee728b)
Start importing Assets/Scrips/AudioManager.cs using Guid(f0ea02a54565c8a489b149e67e7ad055) Importer(815301076,1909f56bfc062723c751e8b465ee728b) (PreviewImporter) -> (artifact id: '00000000000000000000000000000000') in 0.0006289 seconds
Import Error Code:(4)
Message: Build asset version error: assets/scrips/audiomanager.cs in SourceAssetDB has modification time of '2025-09-25T06:51:22.0288933Z' while content on disk has modification time of '2025-09-25T06:51:35.5080598Z'
  ERROR: Build asset version error: assets/scrips/audiomanager.cs in SourceAssetDB has modification time of '2025-09-25T06:51:22.0288933Z' while content on disk has modification time of '2025-09-25T06:51:35.5080598Z'
Number of updated asset objects reloaded before import = 0Number of asset objects unloaded after import = 0

========================================================================
Received Import Request.
  Time since last request: 0.000027 seconds.
  path: Assets/Scrips/AudioManager.cs
  artifactKey: Guid(f0ea02a54565c8a489b149e67e7ad055) Importer(815301076,1909f56bfc062723c751e8b465ee728b)
Start importing Assets/Scrips/AudioManager.cs using Guid(f0ea02a54565c8a489b149e67e7ad055) Importer(815301076,1909f56bfc062723c751e8b465ee728b) (PreviewImporter) -> (artifact id: '00000000000000000000000000000000') in 0.0005516 seconds
Import Error Code:(4)
Message: Build asset version error: assets/scrips/audiomanager.cs in SourceAssetDB has modification time of '2025-09-25T06:51:22.0288933Z' while content on disk has modification time of '2025-09-25T06:51:35.5080598Z'
  ERROR: Build asset version error: assets/scrips/audiomanager.cs in SourceAssetDB has modification time of '2025-09-25T06:51:22.0288933Z' while content on disk has modification time of '2025-09-25T06:51:35.5080598Z'
Number of updated asset objects reloaded before import = 0Number of asset objects unloaded after import = 0

========================================================================
Received Import Request.
  Time since last request: 0.000738 seconds.
  path: Assets/Scrips/AudioManager.cs
  artifactKey: Guid(f0ea02a54565c8a489b149e67e7ad055) Importer(815301076,1909f56bfc062723c751e8b465ee728b)
Start importing Assets/Scrips/AudioManager.cs using Guid(f0ea02a54565c8a489b149e67e7ad055) Importer(815301076,1909f56bfc062723c751e8b465ee728b) (PreviewImporter) -> (artifact id: '00000000000000000000000000000000') in 0.0005716 seconds
Import Error Code:(4)
Message: Build asset version error: assets/scrips/audiomanager.cs in SourceAssetDB has modification time of '2025-09-25T06:51:22.0288933Z' while content on disk has modification time of '2025-09-25T06:51:35.5080598Z'
  ERROR: Build asset version error: assets/scrips/audiomanager.cs in SourceAssetDB has modification time of '2025-09-25T06:51:22.0288933Z' while content on disk has modification time of '2025-09-25T06:51:35.5080598Z'
Number of updated asset objects reloaded before import = 0Number of asset objects unloaded after import = 0

========================================================================
Received Import Request.
  Time since last request: 0.000017 seconds.
  path: Assets/Scrips/AudioManager.cs
  artifactKey: Guid(f0ea02a54565c8a489b149e67e7ad055) Importer(815301076,1909f56bfc062723c751e8b465ee728b)
Start importing Assets/Scrips/AudioManager.cs using Guid(f0ea02a54565c8a489b149e67e7ad055) Importer(815301076,1909f56bfc062723c751e8b465ee728b) (PreviewImporter) -> (artifact id: '00000000000000000000000000000000') in 0.0006886 seconds
Import Error Code:(4)
Message: Build asset version error: assets/scrips/audiomanager.cs in SourceAssetDB has modification time of '2025-09-25T06:51:22.0288933Z' while content on disk has modification time of '2025-09-25T06:51:35.5080598Z'
  ERROR: Build asset version error: assets/scrips/audiomanager.cs in SourceAssetDB has modification time of '2025-09-25T06:51:22.0288933Z' while content on disk has modification time of '2025-09-25T06:51:35.5080598Z'
Number of updated asset objects reloaded before import = 0Number of asset objects unloaded after import = 0

========================================================================
Received Import Request.
  Time since last request: 0.000019 seconds.
  path: Assets/Scrips/AudioManager.cs
  artifactKey: Guid(f0ea02a54565c8a489b149e67e7ad055) Importer(815301076,1909f56bfc062723c751e8b465ee728b)
Start importing Assets/Scrips/AudioManager.cs using Guid(f0ea02a54565c8a489b149e67e7ad055) Importer(815301076,1909f56bfc062723c751e8b465ee728b) (PreviewImporter) -> (artifact id: '00000000000000000000000000000000') in 0.0005528 seconds
Import Error Code:(4)
Message: Build asset version error: assets/scrips/audiomanager.cs in SourceAssetDB has modification time of '2025-09-25T06:51:22.0288933Z' while content on disk has modification time of '2025-09-25T06:51:35.5080598Z'
  ERROR: Build asset version error: assets/scrips/audiomanager.cs in SourceAssetDB has modification time of '2025-09-25T06:51:22.0288933Z' while content on disk has modification time of '2025-09-25T06:51:35.5080598Z'
Number of updated asset objects reloaded before import = 0Number of asset objects unloaded after import = 0

========================================================================
Received Import Request.
  Time since last request: 0.000015 seconds.
  path: Assets/Scrips/AudioManager.cs
  artifactKey: Guid(f0ea02a54565c8a489b149e67e7ad055) Importer(815301076,1909f56bfc062723c751e8b465ee728b)
Start importing Assets/Scrips/AudioManager.cs using Guid(f0ea02a54565c8a489b149e67e7ad055) Importer(815301076,1909f56bfc062723c751e8b465ee728b) (PreviewImporter) -> (artifact id: '00000000000000000000000000000000') in 0.0005354 seconds
Import Error Code:(4)
Message: Build asset version error: assets/scrips/audiomanager.cs in SourceAssetDB has modification time of '2025-09-25T06:51:22.0288933Z' while content on disk has modification time of '2025-09-25T06:51:35.5080598Z'
  ERROR: Build asset version error: assets/scrips/audiomanager.cs in SourceAssetDB has modification time of '2025-09-25T06:51:22.0288933Z' while content on disk has modification time of '2025-09-25T06:51:35.5080598Z'
Number of updated asset objects reloaded before import = 0Number of asset objects unloaded after import = 0

========================================================================
Received Import Request.
  Time since last request: 0.000018 seconds.
  path: Assets/Scrips/AudioManager.cs
  artifactKey: Guid(f0ea02a54565c8a489b149e67e7ad055) Importer(815301076,1909f56bfc062723c751e8b465ee728b)
Start importing Assets/Scrips/AudioManager.cs using Guid(f0ea02a54565c8a489b149e67e7ad055) Importer(815301076,1909f56bfc062723c751e8b465ee728b) (PreviewImporter) -> (artifact id: '00000000000000000000000000000000') in 0.0005625 seconds
Import Error Code:(4)
Message: Build asset version error: assets/scrips/audiomanager.cs in SourceAssetDB has modification time of '2025-09-25T06:51:22.0288933Z' while content on disk has modification time of '2025-09-25T06:51:35.5080598Z'
  ERROR: Build asset version error: assets/scrips/audiomanager.cs in SourceAssetDB has modification time of '2025-09-25T06:51:22.0288933Z' while content on disk has modification time of '2025-09-25T06:51:35.5080598Z'
Number of updated asset objects reloaded before import = 0Number of asset objects unloaded after import = 0

========================================================================
Received Import Request.
  Time since last request: 0.000165 seconds.
  path: Assets/Scrips/AudioManager.cs
  artifactKey: Guid(f0ea02a54565c8a489b149e67e7ad055) Importer(815301076,1909f56bfc062723c751e8b465ee728b)
Start importing Assets/Scrips/AudioManager.cs using Guid(f0ea02a54565c8a489b149e67e7ad055) Importer(815301076,1909f56bfc062723c751e8b465ee728b) (PreviewImporter) -> (artifact id: '00000000000000000000000000000000') in 0.0005703 seconds
Import Error Code:(4)
Message: Build asset version error: assets/scrips/audiomanager.cs in SourceAssetDB has modification time of '2025-09-25T06:51:22.0288933Z' while content on disk has modification time of '2025-09-25T06:51:35.5080598Z'
  ERROR: Build asset version error: assets/scrips/audiomanager.cs in SourceAssetDB has modification time of '2025-09-25T06:51:22.0288933Z' while content on disk has modification time of '2025-09-25T06:51:35.5080598Z'
Number of updated asset objects reloaded before import = 0Number of asset objects unloaded after import = 0

========================================================================
Received Import Request.
  Time since last request: 0.000024 seconds.
  path: Assets/Scrips/AudioManager.cs
  artifactKey: Guid(f0ea02a54565c8a489b149e67e7ad055) Importer(815301076,1909f56bfc062723c751e8b465ee728b)
Start importing Assets/Scrips/AudioManager.cs using Guid(f0ea02a54565c8a489b149e67e7ad055) Importer(815301076,1909f56bfc062723c751e8b465ee728b) (PreviewImporter) -> (artifact id: '00000000000000000000000000000000') in 0.0005832 seconds
Import Error Code:(4)
Message: Build asset version error: assets/scrips/audiomanager.cs in SourceAssetDB has modification time of '2025-09-25T06:51:22.0288933Z' while content on disk has modification time of '2025-09-25T06:51:35.5080598Z'
  ERROR: Build asset version error: assets/scrips/audiomanager.cs in SourceAssetDB has modification time of '2025-09-25T06:51:22.0288933Z' while content on disk has modification time of '2025-09-25T06:51:35.5080598Z'
Number of updated asset objects reloaded before import = 0Number of asset objects unloaded after import = 0

========================================================================
Received Import Request.
  Time since last request: 0.000030 seconds.
  path: Assets/Scrips/AudioManager.cs
  artifactKey: Guid(f0ea02a54565c8a489b149e67e7ad055) Importer(815301076,1909f56bfc062723c751e8b465ee728b)
Start importing Assets/Scrips/AudioManager.cs using Guid(f0ea02a54565c8a489b149e67e7ad055) Importer(815301076,1909f56bfc062723c751e8b465ee728b) (PreviewImporter) -> (artifact id: '00000000000000000000000000000000') in 0.0008278 seconds
Import Error Code:(4)
Message: Build asset version error: assets/scrips/audiomanager.cs in SourceAssetDB has modification time of '2025-09-25T06:51:22.0288933Z' while content on disk has modification time of '2025-09-25T06:51:35.5080598Z'
  ERROR: Build asset version error: assets/scrips/audiomanager.cs in SourceAssetDB has modification time of '2025-09-25T06:51:22.0288933Z' while content on disk has modification time of '2025-09-25T06:51:35.5080598Z'
Number of updated asset objects reloaded before import = 0Number of asset objects unloaded after import = 0

========================================================================
Received Import Request.
  Time since last request: 0.001676 seconds.
  path: Assets/Scrips/AudioManager.cs
  artifactKey: Guid(f0ea02a54565c8a489b149e67e7ad055) Importer(815301076,1909f56bfc062723c751e8b465ee728b)
Start importing Assets/Scrips/AudioManager.cs using Guid(f0ea02a54565c8a489b149e67e7ad055) Importer(815301076,1909f56bfc062723c751e8b465ee728b) (PreviewImporter) -> (artifact id: '00000000000000000000000000000000') in 0.000615 seconds
Import Error Code:(4)
Message: Build asset version error: assets/scrips/audiomanager.cs in SourceAssetDB has modification time of '2025-09-25T06:51:22.0288933Z' while content on disk has modification time of '2025-09-25T06:51:35.5080598Z'
  ERROR: Build asset version error: assets/scrips/audiomanager.cs in SourceAssetDB has modification time of '2025-09-25T06:51:22.0288933Z' while content on disk has modification time of '2025-09-25T06:51:35.5080598Z'
Number of updated asset objects reloaded before import = 0Number of asset objects unloaded after import = 0

========================================================================
Received Import Request.
  Time since last request: 0.000015 seconds.
  path: Assets/Scrips/AudioManager.cs
  artifactKey: Guid(f0ea02a54565c8a489b149e67e7ad055) Importer(815301076,1909f56bfc062723c751e8b465ee728b)
Start importing Assets/Scrips/AudioManager.cs using Guid(f0ea02a54565c8a489b149e67e7ad055) Importer(815301076,1909f56bfc062723c751e8b465ee728b) (PreviewImporter) -> (artifact id: '00000000000000000000000000000000') in 0.0006093 seconds
Import Error Code:(4)
Message: Build asset version error: assets/scrips/audiomanager.cs in SourceAssetDB has modification time of '2025-09-25T06:51:22.0288933Z' while content on disk has modification time of '2025-09-25T06:51:35.5080598Z'
  ERROR: Build asset version error: assets/scrips/audiomanager.cs in SourceAssetDB has modification time of '2025-09-25T06:51:22.0288933Z' while content on disk has modification time of '2025-09-25T06:51:35.5080598Z'
Number of updated asset objects reloaded before import = 0Number of asset objects unloaded after import = 0

========================================================================
Received Import Request.
  Time since last request: 0.000020 seconds.
  path: Assets/Scrips/AudioManager.cs
  artifactKey: Guid(f0ea02a54565c8a489b149e67e7ad055) Importer(815301076,1909f56bfc062723c751e8b465ee728b)
Start importing Assets/Scrips/AudioManager.cs using Guid(f0ea02a54565c8a489b149e67e7ad055) Importer(815301076,1909f56bfc062723c751e8b465ee728b) (PreviewImporter) -> (artifact id: '00000000000000000000000000000000') in 0.0005588 seconds
Import Error Code:(4)
Message: Build asset version error: assets/scrips/audiomanager.cs in SourceAssetDB has modification time of '2025-09-25T06:51:22.0288933Z' while content on disk has modification time of '2025-09-25T06:51:35.5080598Z'
  ERROR: Build asset version error: assets/scrips/audiomanager.cs in SourceAssetDB has modification time of '2025-09-25T06:51:22.0288933Z' while content on disk has modification time of '2025-09-25T06:51:35.5080598Z'
Number of updated asset objects reloaded before import = 0Number of asset objects unloaded after import = 0

========================================================================
Received Import Request.
  Time since last request: 0.000871 seconds.
  path: Assets/Scrips/AudioManager.cs
  artifactKey: Guid(f0ea02a54565c8a489b149e67e7ad055) Importer(815301076,1909f56bfc062723c751e8b465ee728b)
Start importing Assets/Scrips/AudioManager.cs using Guid(f0ea02a54565c8a489b149e67e7ad055) Importer(815301076,1909f56bfc062723c751e8b465ee728b) (PreviewImporter) -> (artifact id: '00000000000000000000000000000000') in 0.000647 seconds
Import Error Code:(4)
Message: Build asset version error: assets/scrips/audiomanager.cs in SourceAssetDB has modification time of '2025-09-25T06:51:22.0288933Z' while content on disk has modification time of '2025-09-25T06:51:35.5080598Z'
  ERROR: Build asset version error: assets/scrips/audiomanager.cs in SourceAssetDB has modification time of '2025-09-25T06:51:22.0288933Z' while content on disk has modification time of '2025-09-25T06:51:35.5080598Z'
Number of updated asset objects reloaded before import = 0Number of asset objects unloaded after import = 0

========================================================================
Received Import Request.
  Time since last request: 0.000018 seconds.
  path: Assets/Scrips/AudioManager.cs
  artifactKey: Guid(f0ea02a54565c8a489b149e67e7ad055) Importer(815301076,1909f56bfc062723c751e8b465ee728b)
Start importing Assets/Scrips/AudioManager.cs using Guid(f0ea02a54565c8a489b149e67e7ad055) Importer(815301076,1909f56bfc062723c751e8b465ee728b) (PreviewImporter) -> (artifact id: '00000000000000000000000000000000') in 0.0006687 seconds
Import Error Code:(4)
Message: Build asset version error: assets/scrips/audiomanager.cs in SourceAssetDB has modification time of '2025-09-25T06:51:22.0288933Z' while content on disk has modification time of '2025-09-25T06:51:35.5080598Z'
  ERROR: Build asset version error: assets/scrips/audiomanager.cs in SourceAssetDB has modification time of '2025-09-25T06:51:22.0288933Z' while content on disk has modification time of '2025-09-25T06:51:35.5080598Z'
Number of updated asset objects reloaded before import = 0Number of asset objects unloaded after import = 0

========================================================================
Received Import Request.
  Time since last request: 0.000017 seconds.
  path: Assets/Scrips/AudioManager.cs
  artifactKey: Guid(f0ea02a54565c8a489b149e67e7ad055) Importer(815301076,1909f56bfc062723c751e8b465ee728b)
Start importing Assets/Scrips/AudioManager.cs using Guid(f0ea02a54565c8a489b149e67e7ad055) Importer(815301076,1909f56bfc062723c751e8b465ee728b) (PreviewImporter) -> (artifact id: '00000000000000000000000000000000') in 0.0005761 seconds
Import Error Code:(4)
Message: Build asset version error: assets/scrips/audiomanager.cs in SourceAssetDB has modification time of '2025-09-25T06:51:22.0288933Z' while content on disk has modification time of '2025-09-25T06:51:35.5080598Z'
  ERROR: Build asset version error: assets/scrips/audiomanager.cs in SourceAssetDB has modification time of '2025-09-25T06:51:22.0288933Z' while content on disk has modification time of '2025-09-25T06:51:35.5080598Z'
Number of updated asset objects reloaded before import = 0Number of asset objects unloaded after import = 0

========================================================================
Received Import Request.
  Time since last request: 0.000024 seconds.
  path: Assets/Scrips/AudioManager.cs
  artifactKey: Guid(f0ea02a54565c8a489b149e67e7ad055) Importer(815301076,1909f56bfc062723c751e8b465ee728b)
Start importing Assets/Scrips/AudioManager.cs using Guid(f0ea02a54565c8a489b149e67e7ad055) Importer(815301076,1909f56bfc062723c751e8b465ee728b) (PreviewImporter) -> (artifact id: '00000000000000000000000000000000') in 0.000631 seconds
Import Error Code:(4)
Message: Build asset version error: assets/scrips/audiomanager.cs in SourceAssetDB has modification time of '2025-09-25T06:51:22.0288933Z' while content on disk has modification time of '2025-09-25T06:51:35.5080598Z'
  ERROR: Build asset version error: assets/scrips/audiomanager.cs in SourceAssetDB has modification time of '2025-09-25T06:51:22.0288933Z' while content on disk has modification time of '2025-09-25T06:51:35.5080598Z'
Number of updated asset objects reloaded before import = 0Number of asset objects unloaded after import = 0

========================================================================
Received Import Request.
  Time since last request: 0.000029 seconds.
  path: Assets/Scrips/AudioManager.cs
  artifactKey: Guid(f0ea02a54565c8a489b149e67e7ad055) Importer(815301076,1909f56bfc062723c751e8b465ee728b)
Start importing Assets/Scrips/AudioManager.cs using Guid(f0ea02a54565c8a489b149e67e7ad055) Importer(815301076,1909f56bfc062723c751e8b465ee728b) (PreviewImporter) -> (artifact id: '00000000000000000000000000000000') in 0.000569 seconds
Import Error Code:(4)
Message: Build asset version error: assets/scrips/audiomanager.cs in SourceAssetDB has modification time of '2025-09-25T06:51:22.0288933Z' while content on disk has modification time of '2025-09-25T06:51:35.5080598Z'
  ERROR: Build asset version error: assets/scrips/audiomanager.cs in SourceAssetDB has modification time of '2025-09-25T06:51:22.0288933Z' while content on disk has modification time of '2025-09-25T06:51:35.5080598Z'
Number of updated asset objects reloaded before import = 0Number of asset objects unloaded after import = 0

========================================================================
Received Import Request.
  Time since last request: 0.000017 seconds.
  path: Assets/Scrips/AudioManager.cs
  artifactKey: Guid(f0ea02a54565c8a489b149e67e7ad055) Importer(815301076,1909f56bfc062723c751e8b465ee728b)
Start importing Assets/Scrips/AudioManager.cs using Guid(f0ea02a54565c8a489b149e67e7ad055) Importer(815301076,1909f56bfc062723c751e8b465ee728b) (PreviewImporter) -> (artifact id: '00000000000000000000000000000000') in 0.0005783 seconds
Import Error Code:(4)
Message: Build asset version error: assets/scrips/audiomanager.cs in SourceAssetDB has modification time of '2025-09-25T06:51:22.0288933Z' while content on disk has modification time of '2025-09-25T06:51:35.5080598Z'
  ERROR: Build asset version error: assets/scrips/audiomanager.cs in SourceAssetDB has modification time of '2025-09-25T06:51:22.0288933Z' while content on disk has modification time of '2025-09-25T06:51:35.5080598Z'
Number of updated asset objects reloaded before import = 0Number of asset objects unloaded after import = 0

========================================================================
Received Import Request.
  Time since last request: 0.000016 seconds.
  path: Assets/Scrips/AudioManager.cs
  artifactKey: Guid(f0ea02a54565c8a489b149e67e7ad055) Importer(815301076,1909f56bfc062723c751e8b465ee728b)
Start importing Assets/Scrips/AudioManager.cs using Guid(f0ea02a54565c8a489b149e67e7ad055) Importer(815301076,1909f56bfc062723c751e8b465ee728b) (PreviewImporter) -> (artifact id: '00000000000000000000000000000000') in 0.00063 seconds
Import Error Code:(4)
Message: Build asset version error: assets/scrips/audiomanager.cs in SourceAssetDB has modification time of '2025-09-25T06:51:22.0288933Z' while content on disk has modification time of '2025-09-25T06:51:35.5080598Z'
  ERROR: Build asset version error: assets/scrips/audiomanager.cs in SourceAssetDB has modification time of '2025-09-25T06:51:22.0288933Z' while content on disk has modification time of '2025-09-25T06:51:35.5080598Z'
Number of updated asset objects reloaded before import = 0Number of asset objects unloaded after import = 0

========================================================================
Received Import Request.
  Time since last request: 0.000017 seconds.
  path: Assets/Scrips/AudioManager.cs
  artifactKey: Guid(f0ea02a54565c8a489b149e67e7ad055) Importer(815301076,1909f56bfc062723c751e8b465ee728b)
Start importing Assets/Scrips/AudioManager.cs using Guid(f0ea02a54565c8a489b149e67e7ad055) Importer(815301076,1909f56bfc062723c751e8b465ee728b) (PreviewImporter) -> (artifact id: '00000000000000000000000000000000') in 0.0007292 seconds
Import Error Code:(4)
Message: Build asset version error: assets/scrips/audiomanager.cs in SourceAssetDB has modification time of '2025-09-25T06:51:22.0288933Z' while content on disk has modification time of '2025-09-25T06:51:35.5080598Z'
  ERROR: Build asset version error: assets/scrips/audiomanager.cs in SourceAssetDB has modification time of '2025-09-25T06:51:22.0288933Z' while content on disk has modification time of '2025-09-25T06:51:35.5080598Z'
Number of updated asset objects reloaded before import = 0Number of asset objects unloaded after import = 0

========================================================================
Received Import Request.
  Time since last request: 0.000015 seconds.
  path: Assets/Scrips/AudioManager.cs
  artifactKey: Guid(f0ea02a54565c8a489b149e67e7ad055) Importer(815301076,1909f56bfc062723c751e8b465ee728b)
Start importing Assets/Scrips/AudioManager.cs using Guid(f0ea02a54565c8a489b149e67e7ad055) Importer(815301076,1909f56bfc062723c751e8b465ee728b) (PreviewImporter) -> (artifact id: '00000000000000000000000000000000') in 0.0005754 seconds
Import Error Code:(4)
Message: Build asset version error: assets/scrips/audiomanager.cs in SourceAssetDB has modification time of '2025-09-25T06:51:22.0288933Z' while content on disk has modification time of '2025-09-25T06:51:35.5080598Z'
  ERROR: Build asset version error: assets/scrips/audiomanager.cs in SourceAssetDB has modification time of '2025-09-25T06:51:22.0288933Z' while content on disk has modification time of '2025-09-25T06:51:35.5080598Z'
Number of updated asset objects reloaded before import = 0Number of asset objects unloaded after import = 0

========================================================================
Received Import Request.
  Time since last request: 0.000017 seconds.
  path: Assets/Scrips/AudioManager.cs
  artifactKey: Guid(f0ea02a54565c8a489b149e67e7ad055) Importer(815301076,1909f56bfc062723c751e8b465ee728b)
Start importing Assets/Scrips/AudioManager.cs using Guid(f0ea02a54565c8a489b149e67e7ad055) Importer(815301076,1909f56bfc062723c751e8b465ee728b) (PreviewImporter) -> (artifact id: '00000000000000000000000000000000') in 0.0006482 seconds
Import Error Code:(4)
Message: Build asset version error: assets/scrips/audiomanager.cs in SourceAssetDB has modification time of '2025-09-25T06:51:22.0288933Z' while content on disk has modification time of '2025-09-25T06:51:35.5080598Z'
  ERROR: Build asset version error: assets/scrips/audiomanager.cs in SourceAssetDB has modification time of '2025-09-25T06:51:22.0288933Z' while content on disk has modification time of '2025-09-25T06:51:35.5080598Z'
Number of updated asset objects reloaded before import = 0Number of asset objects unloaded after import = 0

========================================================================
Received Import Request.
  Time since last request: 0.000025 seconds.
  path: Assets/Scrips/AudioManager.cs
  artifactKey: Guid(f0ea02a54565c8a489b149e67e7ad055) Importer(815301076,1909f56bfc062723c751e8b465ee728b)
Start importing Assets/Scrips/AudioManager.cs using Guid(f0ea02a54565c8a489b149e67e7ad055) Importer(815301076,1909f56bfc062723c751e8b465ee728b) (PreviewImporter) -> (artifact id: '00000000000000000000000000000000') in 0.0005399 seconds
Import Error Code:(4)
Message: Build asset version error: assets/scrips/audiomanager.cs in SourceAssetDB has modification time of '2025-09-25T06:51:22.0288933Z' while content on disk has modification time of '2025-09-25T06:51:35.5080598Z'
  ERROR: Build asset version error: assets/scrips/audiomanager.cs in SourceAssetDB has modification time of '2025-09-25T06:51:22.0288933Z' while content on disk has modification time of '2025-09-25T06:51:35.5080598Z'
Number of updated asset objects reloaded before import = 0Number of asset objects unloaded after import = 0

========================================================================
Received Import Request.
  Time since last request: 0.000026 seconds.
  path: Assets/Scrips/AudioManager.cs
  artifactKey: Guid(f0ea02a54565c8a489b149e67e7ad055) Importer(815301076,1909f56bfc062723c751e8b465ee728b)
Start importing Assets/Scrips/AudioManager.cs using Guid(f0ea02a54565c8a489b149e67e7ad055) Importer(815301076,1909f56bfc062723c751e8b465ee728b) (PreviewImporter) -> (artifact id: '00000000000000000000000000000000') in 0.0006283 seconds
Import Error Code:(4)
Message: Build asset version error: assets/scrips/audiomanager.cs in SourceAssetDB has modification time of '2025-09-25T06:51:22.0288933Z' while content on disk has modification time of '2025-09-25T06:51:35.5080598Z'
  ERROR: Build asset version error: assets/scrips/audiomanager.cs in SourceAssetDB has modification time of '2025-09-25T06:51:22.0288933Z' while content on disk has modification time of '2025-09-25T06:51:35.5080598Z'
Number of updated asset objects reloaded before import = 0Number of asset objects unloaded after import = 0

========================================================================
Received Import Request.
  Time since last request: 0.000016 seconds.
  path: Assets/Scrips/AudioManager.cs
  artifactKey: Guid(f0ea02a54565c8a489b149e67e7ad055) Importer(815301076,1909f56bfc062723c751e8b465ee728b)
Start importing Assets/Scrips/AudioManager.cs using Guid(f0ea02a54565c8a489b149e67e7ad055) Importer(815301076,1909f56bfc062723c751e8b465ee728b) (PreviewImporter) -> (artifact id: '00000000000000000000000000000000') in 0.0005597 seconds
Import Error Code:(4)
Message: Build asset version error: assets/scrips/audiomanager.cs in SourceAssetDB has modification time of '2025-09-25T06:51:22.0288933Z' while content on disk has modification time of '2025-09-25T06:51:35.5080598Z'
  ERROR: Build asset version error: assets/scrips/audiomanager.cs in SourceAssetDB has modification time of '2025-09-25T06:51:22.0288933Z' while content on disk has modification time of '2025-09-25T06:51:35.5080598Z'
Number of updated asset objects reloaded before import = 0Number of asset objects unloaded after import = 0

========================================================================
Received Import Request.
  Time since last request: 0.000018 seconds.
  path: Assets/Scrips/AudioManager.cs
  artifactKey: Guid(f0ea02a54565c8a489b149e67e7ad055) Importer(815301076,1909f56bfc062723c751e8b465ee728b)
Start importing Assets/Scrips/AudioManager.cs using Guid(f0ea02a54565c8a489b149e67e7ad055) Importer(815301076,1909f56bfc062723c751e8b465ee728b) (PreviewImporter) -> (artifact id: '00000000000000000000000000000000') in 0.0005643 seconds
Import Error Code:(4)
Message: Build asset version error: assets/scrips/audiomanager.cs in SourceAssetDB has modification time of '2025-09-25T06:51:22.0288933Z' while content on disk has modification time of '2025-09-25T06:51:35.5080598Z'
  ERROR: Build asset version error: assets/scrips/audiomanager.cs in SourceAssetDB has modification time of '2025-09-25T06:51:22.0288933Z' while content on disk has modification time of '2025-09-25T06:51:35.5080598Z'
Number of updated asset objects reloaded before import = 0Number of asset objects unloaded after import = 0

========================================================================
Received Import Request.
  Time since last request: 0.000018 seconds.
  path: Assets/Scrips/AudioManager.cs
  artifactKey: Guid(f0ea02a54565c8a489b149e67e7ad055) Importer(815301076,1909f56bfc062723c751e8b465ee728b)
Start importing Assets/Scrips/AudioManager.cs using Guid(f0ea02a54565c8a489b149e67e7ad055) Importer(815301076,1909f56bfc062723c751e8b465ee728b) (PreviewImporter) -> (artifact id: '00000000000000000000000000000000') in 0.0005458 seconds
Import Error Code:(4)
Message: Build asset version error: assets/scrips/audiomanager.cs in SourceAssetDB has modification time of '2025-09-25T06:51:22.0288933Z' while content on disk has modification time of '2025-09-25T06:51:35.5080598Z'
  ERROR: Build asset version error: assets/scrips/audiomanager.cs in SourceAssetDB has modification time of '2025-09-25T06:51:22.0288933Z' while content on disk has modification time of '2025-09-25T06:51:35.5080598Z'
Number of updated asset objects reloaded before import = 0Number of asset objects unloaded after import = 0

========================================================================
Received Import Request.
  Time since last request: 0.000015 seconds.
  path: Assets/Scrips/AudioManager.cs
  artifactKey: Guid(f0ea02a54565c8a489b149e67e7ad055) Importer(815301076,1909f56bfc062723c751e8b465ee728b)
Start importing Assets/Scrips/AudioManager.cs using Guid(f0ea02a54565c8a489b149e67e7ad055) Importer(815301076,1909f56bfc062723c751e8b465ee728b) (PreviewImporter) -> (artifact id: '00000000000000000000000000000000') in 0.0006459 seconds
Import Error Code:(4)
Message: Build asset version error: assets/scrips/audiomanager.cs in SourceAssetDB has modification time of '2025-09-25T06:51:22.0288933Z' while content on disk has modification time of '2025-09-25T06:51:35.5080598Z'
  ERROR: Build asset version error: assets/scrips/audiomanager.cs in SourceAssetDB has modification time of '2025-09-25T06:51:22.0288933Z' while content on disk has modification time of '2025-09-25T06:51:35.5080598Z'
Number of updated asset objects reloaded before import = 0Number of asset objects unloaded after import = 0

========================================================================
Received Import Request.
  Time since last request: 0.000017 seconds.
  path: Assets/Scrips/AudioManager.cs
  artifactKey: Guid(f0ea02a54565c8a489b149e67e7ad055) Importer(815301076,1909f56bfc062723c751e8b465ee728b)
Start importing Assets/Scrips/AudioManager.cs using Guid(f0ea02a54565c8a489b149e67e7ad055) Importer(815301076,1909f56bfc062723c751e8b465ee728b) (PreviewImporter) -> (artifact id: '00000000000000000000000000000000') in 0.0005667 seconds
Import Error Code:(4)
Message: Build asset version error: assets/scrips/audiomanager.cs in SourceAssetDB has modification time of '2025-09-25T06:51:22.0288933Z' while content on disk has modification time of '2025-09-25T06:51:35.5080598Z'
  ERROR: Build asset version error: assets/scrips/audiomanager.cs in SourceAssetDB has modification time of '2025-09-25T06:51:22.0288933Z' while content on disk has modification time of '2025-09-25T06:51:35.5080598Z'
Number of updated asset objects reloaded before import = 0Number of asset objects unloaded after import = 0

========================================================================
Received Import Request.
  Time since last request: 0.000015 seconds.
  path: Assets/Scrips/AudioManager.cs
  artifactKey: Guid(f0ea02a54565c8a489b149e67e7ad055) Importer(815301076,1909f56bfc062723c751e8b465ee728b)
Start importing Assets/Scrips/AudioManager.cs using Guid(f0ea02a54565c8a489b149e67e7ad055) Importer(815301076,1909f56bfc062723c751e8b465ee728b) (PreviewImporter) -> (artifact id: '00000000000000000000000000000000') in 0.0006853 seconds
Import Error Code:(4)
Message: Build asset version error: assets/scrips/audiomanager.cs in SourceAssetDB has modification time of '2025-09-25T06:51:22.0288933Z' while content on disk has modification time of '2025-09-25T06:51:35.5080598Z'
  ERROR: Build asset version error: assets/scrips/audiomanager.cs in SourceAssetDB has modification time of '2025-09-25T06:51:22.0288933Z' while content on disk has modification time of '2025-09-25T06:51:35.5080598Z'
Number of updated asset objects reloaded before import = 0Number of asset objects unloaded after import = 0

========================================================================
Received Import Request.
  Time since last request: 0.000021 seconds.
  path: Assets/Scrips/AudioManager.cs
  artifactKey: Guid(f0ea02a54565c8a489b149e67e7ad055) Importer(815301076,1909f56bfc062723c751e8b465ee728b)
Start importing Assets/Scrips/AudioManager.cs using Guid(f0ea02a54565c8a489b149e67e7ad055) Importer(815301076,1909f56bfc062723c751e8b465ee728b) (PreviewImporter) -> (artifact id: '00000000000000000000000000000000') in 0.0005563 seconds
Import Error Code:(4)
Message: Build asset version error: assets/scrips/audiomanager.cs in SourceAssetDB has modification time of '2025-09-25T06:51:22.0288933Z' while content on disk has modification time of '2025-09-25T06:51:35.5080598Z'
  ERROR: Build asset version error: assets/scrips/audiomanager.cs in SourceAssetDB has modification time of '2025-09-25T06:51:22.0288933Z' while content on disk has modification time of '2025-09-25T06:51:35.5080598Z'
Number of updated asset objects reloaded before import = 0Number of asset objects unloaded after import = 0

========================================================================
Received Import Request.
  Time since last request: 0.000024 seconds.
  path: Assets/Scrips/AudioManager.cs
  artifactKey: Guid(f0ea02a54565c8a489b149e67e7ad055) Importer(815301076,1909f56bfc062723c751e8b465ee728b)
Start importing Assets/Scrips/AudioManager.cs using Guid(f0ea02a54565c8a489b149e67e7ad055) Importer(815301076,1909f56bfc062723c751e8b465ee728b) (PreviewImporter) -> (artifact id: '00000000000000000000000000000000') in 0.0005466 seconds
Import Error Code:(4)
Message: Build asset version error: assets/scrips/audiomanager.cs in SourceAssetDB has modification time of '2025-09-25T06:51:22.0288933Z' while content on disk has modification time of '2025-09-25T06:51:35.5080598Z'
  ERROR: Build asset version error: assets/scrips/audiomanager.cs in SourceAssetDB has modification time of '2025-09-25T06:51:22.0288933Z' while content on disk has modification time of '2025-09-25T06:51:35.5080598Z'
Number of updated asset objects reloaded before import = 0Number of asset objects unloaded after import = 0

========================================================================
Received Import Request.
  Time since last request: 0.000015 seconds.
  path: Assets/Scrips/AudioManager.cs
  artifactKey: Guid(f0ea02a54565c8a489b149e67e7ad055) Importer(815301076,1909f56bfc062723c751e8b465ee728b)
Start importing Assets/Scrips/AudioManager.cs using Guid(f0ea02a54565c8a489b149e67e7ad055) Importer(815301076,1909f56bfc062723c751e8b465ee728b) (PreviewImporter) -> (artifact id: '00000000000000000000000000000000') in 0.0005459 seconds
Import Error Code:(4)
Message: Build asset version error: assets/scrips/audiomanager.cs in SourceAssetDB has modification time of '2025-09-25T06:51:22.0288933Z' while content on disk has modification time of '2025-09-25T06:51:35.5080598Z'
  ERROR: Build asset version error: assets/scrips/audiomanager.cs in SourceAssetDB has modification time of '2025-09-25T06:51:22.0288933Z' while content on disk has modification time of '2025-09-25T06:51:35.5080598Z'
Number of updated asset objects reloaded before import = 0Number of asset objects unloaded after import = 0

========================================================================
Received Import Request.
  Time since last request: 0.000017 seconds.
  path: Assets/Scrips/AudioManager.cs
  artifactKey: Guid(f0ea02a54565c8a489b149e67e7ad055) Importer(815301076,1909f56bfc062723c751e8b465ee728b)
Start importing Assets/Scrips/AudioManager.cs using Guid(f0ea02a54565c8a489b149e67e7ad055) Importer(815301076,1909f56bfc062723c751e8b465ee728b) (PreviewImporter) -> (artifact id: '00000000000000000000000000000000') in 0.0005392 seconds
Import Error Code:(4)
Message: Build asset version error: assets/scrips/audiomanager.cs in SourceAssetDB has modification time of '2025-09-25T06:51:22.0288933Z' while content on disk has modification time of '2025-09-25T06:51:35.5080598Z'
  ERROR: Build asset version error: assets/scrips/audiomanager.cs in SourceAssetDB has modification time of '2025-09-25T06:51:22.0288933Z' while content on disk has modification time of '2025-09-25T06:51:35.5080598Z'
Number of updated asset objects reloaded before import = 0Number of asset objects unloaded after import = 0

========================================================================
Received Import Request.
  Time since last request: 0.000014 seconds.
  path: Assets/Scrips/AudioManager.cs
  artifactKey: Guid(f0ea02a54565c8a489b149e67e7ad055) Importer(815301076,1909f56bfc062723c751e8b465ee728b)
Start importing Assets/Scrips/AudioManager.cs using Guid(f0ea02a54565c8a489b149e67e7ad055) Importer(815301076,1909f56bfc062723c751e8b465ee728b) (PreviewImporter) -> (artifact id: '00000000000000000000000000000000') in 0.0005897 seconds
Import Error Code:(4)
Message: Build asset version error: assets/scrips/audiomanager.cs in SourceAssetDB has modification time of '2025-09-25T06:51:22.0288933Z' while content on disk has modification time of '2025-09-25T06:51:35.5080598Z'
  ERROR: Build asset version error: assets/scrips/audiomanager.cs in SourceAssetDB has modification time of '2025-09-25T06:51:22.0288933Z' while content on disk has modification time of '2025-09-25T06:51:35.5080598Z'
Number of updated asset objects reloaded before import = 0Number of asset objects unloaded after import = 0

========================================================================
Received Import Request.
  Time since last request: 0.000020 seconds.
  path: Assets/Scrips/AudioManager.cs
  artifactKey: Guid(f0ea02a54565c8a489b149e67e7ad055) Importer(815301076,1909f56bfc062723c751e8b465ee728b)
Start importing Assets/Scrips/AudioManager.cs using Guid(f0ea02a54565c8a489b149e67e7ad055) Importer(815301076,1909f56bfc062723c751e8b465ee728b) (PreviewImporter) -> (artifact id: '00000000000000000000000000000000') in 0.000558 seconds
Import Error Code:(4)
Message: Build asset version error: assets/scrips/audiomanager.cs in SourceAssetDB has modification time of '2025-09-25T06:51:22.0288933Z' while content on disk has modification time of '2025-09-25T06:51:35.5080598Z'
  ERROR: Build asset version error: assets/scrips/audiomanager.cs in SourceAssetDB has modification time of '2025-09-25T06:51:22.0288933Z' while content on disk has modification time of '2025-09-25T06:51:35.5080598Z'
Number of updated asset objects reloaded before import = 0Number of asset objects unloaded after import = 0

========================================================================
Received Import Request.
  Time since last request: 0.000015 seconds.
  path: Assets/Scrips/AudioManager.cs
  artifactKey: Guid(f0ea02a54565c8a489b149e67e7ad055) Importer(815301076,1909f56bfc062723c751e8b465ee728b)
Start importing Assets/Scrips/AudioManager.cs using Guid(f0ea02a54565c8a489b149e67e7ad055) Importer(815301076,1909f56bfc062723c751e8b465ee728b) (PreviewImporter) -> (artifact id: '00000000000000000000000000000000') in 0.0005738 seconds
Import Error Code:(4)
Message: Build asset version error: assets/scrips/audiomanager.cs in SourceAssetDB has modification time of '2025-09-25T06:51:22.0288933Z' while content on disk has modification time of '2025-09-25T06:51:35.5080598Z'
  ERROR: Build asset version error: assets/scrips/audiomanager.cs in SourceAssetDB has modification time of '2025-09-25T06:51:22.0288933Z' while content on disk has modification time of '2025-09-25T06:51:35.5080598Z'
Number of updated asset objects reloaded before import = 0Number of asset objects unloaded after import = 0

========================================================================
Received Import Request.
  Time since last request: 0.000017 seconds.
  path: Assets/Scrips/AudioManager.cs
  artifactKey: Guid(f0ea02a54565c8a489b149e67e7ad055) Importer(815301076,1909f56bfc062723c751e8b465ee728b)
Start importing Assets/Scrips/AudioManager.cs using Guid(f0ea02a54565c8a489b149e67e7ad055) Importer(815301076,1909f56bfc062723c751e8b465ee728b) (PreviewImporter) -> (artifact id: '00000000000000000000000000000000') in 0.0005907 seconds
Import Error Code:(4)
Message: Build asset version error: assets/scrips/audiomanager.cs in SourceAssetDB has modification time of '2025-09-25T06:51:22.0288933Z' while content on disk has modification time of '2025-09-25T06:51:35.5080598Z'
  ERROR: Build asset version error: assets/scrips/audiomanager.cs in SourceAssetDB has modification time of '2025-09-25T06:51:22.0288933Z' while content on disk has modification time of '2025-09-25T06:51:35.5080598Z'
Number of updated asset objects reloaded before import = 0Number of asset objects unloaded after import = 0

========================================================================
Received Import Request.
  Time since last request: 0.000020 seconds.
  path: Assets/Scrips/AudioManager.cs
  artifactKey: Guid(f0ea02a54565c8a489b149e67e7ad055) Importer(815301076,1909f56bfc062723c751e8b465ee728b)
Start importing Assets/Scrips/AudioManager.cs using Guid(f0ea02a54565c8a489b149e67e7ad055) Importer(815301076,1909f56bfc062723c751e8b465ee728b) (PreviewImporter) -> (artifact id: '00000000000000000000000000000000') in 0.0007137 seconds
Import Error Code:(4)
Message: Build asset version error: assets/scrips/audiomanager.cs in SourceAssetDB has modification time of '2025-09-25T06:51:22.0288933Z' while content on disk has modification time of '2025-09-25T06:51:35.5080598Z'
  ERROR: Build asset version error: assets/scrips/audiomanager.cs in SourceAssetDB has modification time of '2025-09-25T06:51:22.0288933Z' while content on disk has modification time of '2025-09-25T06:51:35.5080598Z'
Number of updated asset objects reloaded before import = 0Number of asset objects unloaded after import = 0

========================================================================
Received Import Request.
  Time since last request: 0.000035 seconds.
  path: Assets/Scrips/AudioManager.cs
  artifactKey: Guid(f0ea02a54565c8a489b149e67e7ad055) Importer(815301076,1909f56bfc062723c751e8b465ee728b)
Start importing Assets/Scrips/AudioManager.cs using Guid(f0ea02a54565c8a489b149e67e7ad055) Importer(815301076,1909f56bfc062723c751e8b465ee728b) (PreviewImporter) -> (artifact id: '00000000000000000000000000000000') in 0.0005976 seconds
Import Error Code:(4)
Message: Build asset version error: assets/scrips/audiomanager.cs in SourceAssetDB has modification time of '2025-09-25T06:51:22.0288933Z' while content on disk has modification time of '2025-09-25T06:51:35.5080598Z'
  ERROR: Build asset version error: assets/scrips/audiomanager.cs in SourceAssetDB has modification time of '2025-09-25T06:51:22.0288933Z' while content on disk has modification time of '2025-09-25T06:51:35.5080598Z'
Number of updated asset objects reloaded before import = 0Number of asset objects unloaded after import = 0

========================================================================
Received Import Request.
  Time since last request: 0.000019 seconds.
  path: Assets/Scrips/AudioManager.cs
  artifactKey: Guid(f0ea02a54565c8a489b149e67e7ad055) Importer(815301076,1909f56bfc062723c751e8b465ee728b)
Start importing Assets/Scrips/AudioManager.cs using Guid(f0ea02a54565c8a489b149e67e7ad055) Importer(815301076,1909f56bfc062723c751e8b465ee728b) (PreviewImporter) -> (artifact id: '00000000000000000000000000000000') in 0.0005404 seconds
Import Error Code:(4)
Message: Build asset version error: assets/scrips/audiomanager.cs in SourceAssetDB has modification time of '2025-09-25T06:51:22.0288933Z' while content on disk has modification time of '2025-09-25T06:51:35.5080598Z'
  ERROR: Build asset version error: assets/scrips/audiomanager.cs in SourceAssetDB has modification time of '2025-09-25T06:51:22.0288933Z' while content on disk has modification time of '2025-09-25T06:51:35.5080598Z'
Number of updated asset objects reloaded before import = 0Number of asset objects unloaded after import = 0

========================================================================
Received Import Request.
  Time since last request: 0.000017 seconds.
  path: Assets/Scrips/AudioManager.cs
  artifactKey: Guid(f0ea02a54565c8a489b149e67e7ad055) Importer(815301076,1909f56bfc062723c751e8b465ee728b)
Start importing Assets/Scrips/AudioManager.cs using Guid(f0ea02a54565c8a489b149e67e7ad055) Importer(815301076,1909f56bfc062723c751e8b465ee728b) (PreviewImporter) -> (artifact id: '00000000000000000000000000000000') in 0.0005625 seconds
Import Error Code:(4)
Message: Build asset version error: assets/scrips/audiomanager.cs in SourceAssetDB has modification time of '2025-09-25T06:51:22.0288933Z' while content on disk has modification time of '2025-09-25T06:51:35.5080598Z'
  ERROR: Build asset version error: assets/scrips/audiomanager.cs in SourceAssetDB has modification time of '2025-09-25T06:51:22.0288933Z' while content on disk has modification time of '2025-09-25T06:51:35.5080598Z'
Number of updated asset objects reloaded before import = 0Number of asset objects unloaded after import = 0

========================================================================
Received Import Request.
  Time since last request: 0.000023 seconds.
  path: Assets/Scrips/AudioManager.cs
  artifactKey: Guid(f0ea02a54565c8a489b149e67e7ad055) Importer(815301076,1909f56bfc062723c751e8b465ee728b)
Start importing Assets/Scrips/AudioManager.cs using Guid(f0ea02a54565c8a489b149e67e7ad055) Importer(815301076,1909f56bfc062723c751e8b465ee728b) (PreviewImporter) -> (artifact id: '00000000000000000000000000000000') in 0.0005751 seconds
Import Error Code:(4)
Message: Build asset version error: assets/scrips/audiomanager.cs in SourceAssetDB has modification time of '2025-09-25T06:51:22.0288933Z' while content on disk has modification time of '2025-09-25T06:51:35.5080598Z'
  ERROR: Build asset version error: assets/scrips/audiomanager.cs in SourceAssetDB has modification time of '2025-09-25T06:51:22.0288933Z' while content on disk has modification time of '2025-09-25T06:51:35.5080598Z'
Number of updated asset objects reloaded before import = 0Number of asset objects unloaded after import = 0

========================================================================
Received Import Request.
  Time since last request: 0.000023 seconds.
  path: Assets/Scrips/AudioManager.cs
  artifactKey: Guid(f0ea02a54565c8a489b149e67e7ad055) Importer(815301076,1909f56bfc062723c751e8b465ee728b)
Start importing Assets/Scrips/AudioManager.cs using Guid(f0ea02a54565c8a489b149e67e7ad055) Importer(815301076,1909f56bfc062723c751e8b465ee728b) (PreviewImporter) -> (artifact id: '00000000000000000000000000000000') in 0.0006209 seconds
Import Error Code:(4)
Message: Build asset version error: assets/scrips/audiomanager.cs in SourceAssetDB has modification time of '2025-09-25T06:51:22.0288933Z' while content on disk has modification time of '2025-09-25T06:51:35.5080598Z'
  ERROR: Build asset version error: assets/scrips/audiomanager.cs in SourceAssetDB has modification time of '2025-09-25T06:51:22.0288933Z' while content on disk has modification time of '2025-09-25T06:51:35.5080598Z'
Number of updated asset objects reloaded before import = 0Number of asset objects unloaded after import = 0

========================================================================
Received Import Request.
  Time since last request: 0.000411 seconds.
  path: Assets/Scrips/AudioManager.cs
  artifactKey: Guid(f0ea02a54565c8a489b149e67e7ad055) Importer(815301076,1909f56bfc062723c751e8b465ee728b)
Start importing Assets/Scrips/AudioManager.cs using Guid(f0ea02a54565c8a489b149e67e7ad055) Importer(815301076,1909f56bfc062723c751e8b465ee728b) (PreviewImporter) -> (artifact id: '00000000000000000000000000000000') in 0.0006158 seconds
Import Error Code:(4)
Message: Build asset version error: assets/scrips/audiomanager.cs in SourceAssetDB has modification time of '2025-09-25T06:51:22.0288933Z' while content on disk has modification time of '2025-09-25T06:51:35.5080598Z'
  ERROR: Build asset version error: assets/scrips/audiomanager.cs in SourceAssetDB has modification time of '2025-09-25T06:51:22.0288933Z' while content on disk has modification time of '2025-09-25T06:51:35.5080598Z'
Number of updated asset objects reloaded before import = 0Number of asset objects unloaded after import = 0

========================================================================
Received Import Request.
  Time since last request: 0.000028 seconds.
  path: Assets/Scrips/AudioManager.cs
  artifactKey: Guid(f0ea02a54565c8a489b149e67e7ad055) Importer(815301076,1909f56bfc062723c751e8b465ee728b)
Start importing Assets/Scrips/AudioManager.cs using Guid(f0ea02a54565c8a489b149e67e7ad055) Importer(815301076,1909f56bfc062723c751e8b465ee728b) (PreviewImporter) -> (artifact id: '00000000000000000000000000000000') in 0.0006552 seconds
Import Error Code:(4)
Message: Build asset version error: assets/scrips/audiomanager.cs in SourceAssetDB has modification time of '2025-09-25T06:51:22.0288933Z' while content on disk has modification time of '2025-09-25T06:51:35.5080598Z'
  ERROR: Build asset version error: assets/scrips/audiomanager.cs in SourceAssetDB has modification time of '2025-09-25T06:51:22.0288933Z' while content on disk has modification time of '2025-09-25T06:51:35.5080598Z'
Number of updated asset objects reloaded before import = 0Number of asset objects unloaded after import = 0

========================================================================
Received Import Request.
  Time since last request: 0.000030 seconds.
  path: Assets/Scrips/AudioManager.cs
  artifactKey: Guid(f0ea02a54565c8a489b149e67e7ad055) Importer(815301076,1909f56bfc062723c751e8b465ee728b)
Start importing Assets/Scrips/AudioManager.cs using Guid(f0ea02a54565c8a489b149e67e7ad055) Importer(815301076,1909f56bfc062723c751e8b465ee728b) (PreviewImporter) -> (artifact id: '00000000000000000000000000000000') in 0.0005568 seconds
Import Error Code:(4)
Message: Build asset version error: assets/scrips/audiomanager.cs in SourceAssetDB has modification time of '2025-09-25T06:51:22.0288933Z' while content on disk has modification time of '2025-09-25T06:51:35.5080598Z'
  ERROR: Build asset version error: assets/scrips/audiomanager.cs in SourceAssetDB has modification time of '2025-09-25T06:51:22.0288933Z' while content on disk has modification time of '2025-09-25T06:51:35.5080598Z'
Number of updated asset objects reloaded before import = 0Number of asset objects unloaded after import = 0

========================================================================
Received Import Request.
  Time since last request: 0.000017 seconds.
  path: Assets/Scrips/AudioManager.cs
  artifactKey: Guid(f0ea02a54565c8a489b149e67e7ad055) Importer(815301076,1909f56bfc062723c751e8b465ee728b)
Start importing Assets/Scrips/AudioManager.cs using Guid(f0ea02a54565c8a489b149e67e7ad055) Importer(815301076,1909f56bfc062723c751e8b465ee728b) (PreviewImporter) -> (artifact id: '00000000000000000000000000000000') in 0.0006993 seconds
Import Error Code:(4)
Message: Build asset version error: assets/scrips/audiomanager.cs in SourceAssetDB has modification time of '2025-09-25T06:51:22.0288933Z' while content on disk has modification time of '2025-09-25T06:51:35.5080598Z'
  ERROR: Build asset version error: assets/scrips/audiomanager.cs in SourceAssetDB has modification time of '2025-09-25T06:51:22.0288933Z' while content on disk has modification time of '2025-09-25T06:51:35.5080598Z'
Number of updated asset objects reloaded before import = 0Number of asset objects unloaded after import = 0

========================================================================
Received Import Request.
  Time since last request: 0.000016 seconds.
  path: Assets/Scrips/AudioManager.cs
  artifactKey: Guid(f0ea02a54565c8a489b149e67e7ad055) Importer(815301076,1909f56bfc062723c751e8b465ee728b)
Start importing Assets/Scrips/AudioManager.cs using Guid(f0ea02a54565c8a489b149e67e7ad055) Importer(815301076,1909f56bfc062723c751e8b465ee728b) (PreviewImporter) -> (artifact id: '00000000000000000000000000000000') in 0.0007005 seconds
Import Error Code:(4)
Message: Build asset version error: assets/scrips/audiomanager.cs in SourceAssetDB has modification time of '2025-09-25T06:51:22.0288933Z' while content on disk has modification time of '2025-09-25T06:51:35.5080598Z'
  ERROR: Build asset version error: assets/scrips/audiomanager.cs in SourceAssetDB has modification time of '2025-09-25T06:51:22.0288933Z' while content on disk has modification time of '2025-09-25T06:51:35.5080598Z'
Number of updated asset objects reloaded before import = 0Number of asset objects unloaded after import = 0

========================================================================
Received Import Request.
  Time since last request: 0.000020 seconds.
  path: Assets/Scrips/AudioManager.cs
  artifactKey: Guid(f0ea02a54565c8a489b149e67e7ad055) Importer(815301076,1909f56bfc062723c751e8b465ee728b)
Start importing Assets/Scrips/AudioManager.cs using Guid(f0ea02a54565c8a489b149e67e7ad055) Importer(815301076,1909f56bfc062723c751e8b465ee728b) (PreviewImporter) -> (artifact id: '00000000000000000000000000000000') in 0.0006013 seconds
Import Error Code:(4)
Message: Build asset version error: assets/scrips/audiomanager.cs in SourceAssetDB has modification time of '2025-09-25T06:51:22.0288933Z' while content on disk has modification time of '2025-09-25T06:51:35.5080598Z'
  ERROR: Build asset version error: assets/scrips/audiomanager.cs in SourceAssetDB has modification time of '2025-09-25T06:51:22.0288933Z' while content on disk has modification time of '2025-09-25T06:51:35.5080598Z'
Number of updated asset objects reloaded before import = 0Number of asset objects unloaded after import = 0

========================================================================
Received Import Request.
  Time since last request: 0.000019 seconds.
  path: Assets/Scrips/AudioManager.cs
  artifactKey: Guid(f0ea02a54565c8a489b149e67e7ad055) Importer(815301076,1909f56bfc062723c751e8b465ee728b)
Start importing Assets/Scrips/AudioManager.cs using Guid(f0ea02a54565c8a489b149e67e7ad055) Importer(815301076,1909f56bfc062723c751e8b465ee728b) (PreviewImporter) -> (artifact id: '00000000000000000000000000000000') in 0.0005447 seconds
Import Error Code:(4)
Message: Build asset version error: assets/scrips/audiomanager.cs in SourceAssetDB has modification time of '2025-09-25T06:51:22.0288933Z' while content on disk has modification time of '2025-09-25T06:51:35.5080598Z'
  ERROR: Build asset version error: assets/scrips/audiomanager.cs in SourceAssetDB has modification time of '2025-09-25T06:51:22.0288933Z' while content on disk has modification time of '2025-09-25T06:51:35.5080598Z'
Number of updated asset objects reloaded before import = 0Number of asset objects unloaded after import = 0

========================================================================
Received Import Request.
  Time since last request: 0.000135 seconds.
  path: Assets/Scrips/AudioManager.cs
  artifactKey: Guid(f0ea02a54565c8a489b149e67e7ad055) Importer(815301076,1909f56bfc062723c751e8b465ee728b)
Start importing Assets/Scrips/AudioManager.cs using Guid(f0ea02a54565c8a489b149e67e7ad055) Importer(815301076,1909f56bfc062723c751e8b465ee728b) (PreviewImporter) -> (artifact id: '00000000000000000000000000000000') in 0.0005503 seconds
Import Error Code:(4)
Message: Build asset version error: assets/scrips/audiomanager.cs in SourceAssetDB has modification time of '2025-09-25T06:51:22.0288933Z' while content on disk has modification time of '2025-09-25T06:51:35.5080598Z'
  ERROR: Build asset version error: assets/scrips/audiomanager.cs in SourceAssetDB has modification time of '2025-09-25T06:51:22.0288933Z' while content on disk has modification time of '2025-09-25T06:51:35.5080598Z'
Number of updated asset objects reloaded before import = 0Number of asset objects unloaded after import = 0

========================================================================
Received Import Request.
  Time since last request: 0.000018 seconds.
  path: Assets/Scrips/AudioManager.cs
  artifactKey: Guid(f0ea02a54565c8a489b149e67e7ad055) Importer(815301076,1909f56bfc062723c751e8b465ee728b)
Start importing Assets/Scrips/AudioManager.cs using Guid(f0ea02a54565c8a489b149e67e7ad055) Importer(815301076,1909f56bfc062723c751e8b465ee728b) (PreviewImporter) -> (artifact id: '00000000000000000000000000000000') in 0.0005549 seconds
Import Error Code:(4)
Message: Build asset version error: assets/scrips/audiomanager.cs in SourceAssetDB has modification time of '2025-09-25T06:51:22.0288933Z' while content on disk has modification time of '2025-09-25T06:51:35.5080598Z'
  ERROR: Build asset version error: assets/scrips/audiomanager.cs in SourceAssetDB has modification time of '2025-09-25T06:51:22.0288933Z' while content on disk has modification time of '2025-09-25T06:51:35.5080598Z'
Number of updated asset objects reloaded before import = 0Number of asset objects unloaded after import = 0

========================================================================
Received Import Request.
  Time since last request: 0.000016 seconds.
  path: Assets/Scrips/AudioManager.cs
  artifactKey: Guid(f0ea02a54565c8a489b149e67e7ad055) Importer(815301076,1909f56bfc062723c751e8b465ee728b)
Start importing Assets/Scrips/AudioManager.cs using Guid(f0ea02a54565c8a489b149e67e7ad055) Importer(815301076,1909f56bfc062723c751e8b465ee728b) (PreviewImporter) -> (artifact id: '00000000000000000000000000000000') in 0.0006184 seconds
Import Error Code:(4)
Message: Build asset version error: assets/scrips/audiomanager.cs in SourceAssetDB has modification time of '2025-09-25T06:51:22.0288933Z' while content on disk has modification time of '2025-09-25T06:51:35.5080598Z'
  ERROR: Build asset version error: assets/scrips/audiomanager.cs in SourceAssetDB has modification time of '2025-09-25T06:51:22.0288933Z' while content on disk has modification time of '2025-09-25T06:51:35.5080598Z'
Number of updated asset objects reloaded before import = 0Number of asset objects unloaded after import = 0

========================================================================
Received Import Request.
  Time since last request: 0.000029 seconds.
  path: Assets/Scrips/AudioManager.cs
  artifactKey: Guid(f0ea02a54565c8a489b149e67e7ad055) Importer(815301076,1909f56bfc062723c751e8b465ee728b)
Start importing Assets/Scrips/AudioManager.cs using Guid(f0ea02a54565c8a489b149e67e7ad055) Importer(815301076,1909f56bfc062723c751e8b465ee728b) (PreviewImporter) -> (artifact id: '00000000000000000000000000000000') in 0.0005524 seconds
Import Error Code:(4)
Message: Build asset version error: assets/scrips/audiomanager.cs in SourceAssetDB has modification time of '2025-09-25T06:51:22.0288933Z' while content on disk has modification time of '2025-09-25T06:51:35.5080598Z'
  ERROR: Build asset version error: assets/scrips/audiomanager.cs in SourceAssetDB has modification time of '2025-09-25T06:51:22.0288933Z' while content on disk has modification time of '2025-09-25T06:51:35.5080598Z'
Number of updated asset objects reloaded before import = 0Number of asset objects unloaded after import = 0

========================================================================
Received Import Request.
  Time since last request: 0.000017 seconds.
  path: Assets/Scrips/AudioManager.cs
  artifactKey: Guid(f0ea02a54565c8a489b149e67e7ad055) Importer(815301076,1909f56bfc062723c751e8b465ee728b)
Start importing Assets/Scrips/AudioManager.cs using Guid(f0ea02a54565c8a489b149e67e7ad055) Importer(815301076,1909f56bfc062723c751e8b465ee728b) (PreviewImporter) -> (artifact id: '00000000000000000000000000000000') in 0.0005279 seconds
Import Error Code:(4)
Message: Build asset version error: assets/scrips/audiomanager.cs in SourceAssetDB has modification time of '2025-09-25T06:51:22.0288933Z' while content on disk has modification time of '2025-09-25T06:51:35.5080598Z'
  ERROR: Build asset version error: assets/scrips/audiomanager.cs in SourceAssetDB has modification time of '2025-09-25T06:51:22.0288933Z' while content on disk has modification time of '2025-09-25T06:51:35.5080598Z'
Number of updated asset objects reloaded before import = 0Number of asset objects unloaded after import = 0

========================================================================
Received Import Request.
  Time since last request: 0.000015 seconds.
  path: Assets/Scrips/AudioManager.cs
  artifactKey: Guid(f0ea02a54565c8a489b149e67e7ad055) Importer(815301076,1909f56bfc062723c751e8b465ee728b)
Start importing Assets/Scrips/AudioManager.cs using Guid(f0ea02a54565c8a489b149e67e7ad055) Importer(815301076,1909f56bfc062723c751e8b465ee728b) (PreviewImporter) -> (artifact id: '00000000000000000000000000000000') in 0.0009041 seconds
Import Error Code:(4)
Message: Build asset version error: assets/scrips/audiomanager.cs in SourceAssetDB has modification time of '2025-09-25T06:51:22.0288933Z' while content on disk has modification time of '2025-09-25T06:51:35.5080598Z'
  ERROR: Build asset version error: assets/scrips/audiomanager.cs in SourceAssetDB has modification time of '2025-09-25T06:51:22.0288933Z' while content on disk has modification time of '2025-09-25T06:51:35.5080598Z'
Number of updated asset objects reloaded before import = 0Number of asset objects unloaded after import = 0

========================================================================
Received Import Request.
  Time since last request: 0.000022 seconds.
  path: Assets/Scrips/AudioManager.cs
  artifactKey: Guid(f0ea02a54565c8a489b149e67e7ad055) Importer(815301076,1909f56bfc062723c751e8b465ee728b)
Start importing Assets/Scrips/AudioManager.cs using Guid(f0ea02a54565c8a489b149e67e7ad055) Importer(815301076,1909f56bfc062723c751e8b465ee728b) (PreviewImporter) -> (artifact id: '00000000000000000000000000000000') in 0.0015459 seconds
Import Error Code:(4)
Message: Build asset version error: assets/scrips/audiomanager.cs in SourceAssetDB has modification time of '2025-09-25T06:51:22.0288933Z' while content on disk has modification time of '2025-09-25T06:51:35.5080598Z'
  ERROR: Build asset version error: assets/scrips/audiomanager.cs in SourceAssetDB has modification time of '2025-09-25T06:51:22.0288933Z' while content on disk has modification time of '2025-09-25T06:51:35.5080598Z'
Number of updated asset objects reloaded before import = 0Number of asset objects unloaded after import = 0

========================================================================
Received Import Request.
  Time since last request: 0.000021 seconds.
  path: Assets/Scrips/AudioManager.cs
  artifactKey: Guid(f0ea02a54565c8a489b149e67e7ad055) Importer(815301076,1909f56bfc062723c751e8b465ee728b)
Start importing Assets/Scrips/AudioManager.cs using Guid(f0ea02a54565c8a489b149e67e7ad055) Importer(815301076,1909f56bfc062723c751e8b465ee728b) (PreviewImporter) -> (artifact id: '00000000000000000000000000000000') in 0.0006962 seconds
Import Error Code:(4)
Message: Build asset version error: assets/scrips/audiomanager.cs in SourceAssetDB has modification time of '2025-09-25T06:51:22.0288933Z' while content on disk has modification time of '2025-09-25T06:51:35.5080598Z'
  ERROR: Build asset version error: assets/scrips/audiomanager.cs in SourceAssetDB has modification time of '2025-09-25T06:51:22.0288933Z' while content on disk has modification time of '2025-09-25T06:51:35.5080598Z'
Number of updated asset objects reloaded before import = 0Number of asset objects unloaded after import = 0

========================================================================
Received Prepare
Refreshing native plugins compatible for Editor in 1.96 ms, found 4 plugins.
Preloading 0 native plugins for Editor in 0.00 ms.
Unloading 31 Unused Serialized files (Serialized files now loaded: 0)
Unloading 6713 unused Assets / (7.9 MB). Loaded Objects now: 7945.
Memory consumption went from 180.9 MB to 173.0 MB.
Total: 21.431300 ms (FindLiveObjects: 1.334400 ms CreateObjectMapping: 1.500100 ms MarkObjects: 9.964100 ms  DeleteObjects: 8.631500 ms)

Prepare: number of updated asset objects reloaded= 0
========================================================================
Received Import Request.
  Time since last request: 1.321117 seconds.
  path: Assets/Scrips/AudioManager.cs
  artifactKey: Guid(f0ea02a54565c8a489b149e67e7ad055) Importer(815301076,1909f56bfc062723c751e8b465ee728b)
Start importing Assets/Scrips/AudioManager.cs using Guid(f0ea02a54565c8a489b149e67e7ad055) Importer(815301076,1909f56bfc062723c751e8b465ee728b) (PreviewImporter) -> (artifact id: '7df1b7e16a5a0e9c375c2d830f937736') in 0.0024726 seconds
Number of updated asset objects reloaded before import = 0Number of asset objects unloaded after import = 0

========================================================================
Received Prepare
Begin MonoManager ReloadAssembly
- Loaded All Assemblies, in  4.938 seconds
Refreshing native plugins compatible for Editor in 2.71 ms, found 4 plugins.
Native extension for iOS target not found
Native extension for Android target not found
Native extension for WindowsStandalone target not found
Native extension for WebGL target not found
Mono: successfully reloaded assembly
- Finished resetting the current domain, in  1.002 seconds
Domain Reload Profiling: 5949ms
	BeginReloadAssembly (1615ms)
		ExecutionOrderSort (0ms)
		DisableScriptedObjects (166ms)
		BackupInstance (0ms)
		ReleaseScriptingObjects (2ms)
		CreateAndSetChildDomain (597ms)
	RebuildCommonClasses (76ms)
	RebuildNativeTypeToScriptingClass (14ms)
	initialDomainReloadingComplete (59ms)
	LoadAllAssembliesAndSetupDomain (3182ms)
		LoadAssemblies (2482ms)
		RebuildTransferFunctionScriptingTraits (0ms)
		AnalyzeDomain (1344ms)
			TypeCache.Refresh (74ms)
				TypeCache.ScanAssembly (2ms)
			BuildScriptInfoCaches (761ms)
			ResolveRequiredComponents (29ms)
	FinalizeReload (1003ms)
		ReleaseScriptCaches (0ms)
		RebuildScriptCaches (0ms)
		SetupLoadedEditorAssemblies (807ms)
			LogAssemblyErrors (0ms)
			InitializePlatformSupportModulesInManaged (17ms)
			SetLoadedEditorAssemblies (8ms)
			BeforeProcessingInitializeOnLoad (194ms)
			ProcessInitializeOnLoadAttributes (500ms)
			ProcessInitializeOnLoadMethodAttributes (85ms)
			AfterProcessingInitializeOnLoad (2ms)
			EditorAssembliesLoaded (1ms)
		ExecutionOrderSort2 (0ms)
		AwakeInstancesAfterBackupRestoration (22ms)
Refreshing native plugins compatible for Editor in 1.50 ms, found 4 plugins.
Preloading 0 native plugins for Editor in 0.00 ms.
Unloading 31 Unused Serialized files (Serialized files now loaded: 0)
Unloading 6724 unused Assets / (9.1 MB). Loaded Objects now: 7947.
Memory consumption went from 180.8 MB to 171.7 MB.
Total: 16.407400 ms (FindLiveObjects: 1.001400 ms CreateObjectMapping: 1.305700 ms MarkObjects: 7.054600 ms  DeleteObjects: 7.042100 ms)

Prepare: number of updated asset objects reloaded= 0
========================================================================
Received Prepare
Refreshing native plugins compatible for Editor in 3.84 ms, found 4 plugins.
Preloading 0 native plugins for Editor in 0.00 ms.
Unloading 31 Unused Serialized files (Serialized files now loaded: 0)
Unloading 6713 unused Assets / (9.7 MB). Loaded Objects now: 7947.
Memory consumption went from 182.8 MB to 173.1 MB.
Total: 536.811900 ms (FindLiveObjects: 7.526100 ms CreateObjectMapping: 1.264300 ms MarkObjects: 513.011100 ms  DeleteObjects: 15.007100 ms)

Prepare: number of updated asset objects reloaded= 0
========================================================================
Received Prepare
Begin MonoManager ReloadAssembly
- Loaded All Assemblies, in  4.322 seconds
Refreshing native plugins compatible for Editor in 2.58 ms, found 4 plugins.
Native extension for iOS target not found
Native extension for Android target not found
Native extension for WindowsStandalone target not found
Native extension for WebGL target not found
Mono: successfully reloaded assembly
- Finished resetting the current domain, in  1.194 seconds
Domain Reload Profiling: 5522ms
	BeginReloadAssembly (2137ms)
		ExecutionOrderSort (0ms)
		DisableScriptedObjects (317ms)
		BackupInstance (0ms)
		ReleaseScriptingObjects (3ms)
		CreateAndSetChildDomain (1001ms)
	RebuildCommonClasses (74ms)
	RebuildNativeTypeToScriptingClass (14ms)
	initialDomainReloadingComplete (59ms)
	LoadAllAssembliesAndSetupDomain (2040ms)
		LoadAssemblies (2188ms)
		RebuildTransferFunctionScriptingTraits (0ms)
		AnalyzeDomain (382ms)
			TypeCache.Refresh (48ms)
				TypeCache.ScanAssembly (1ms)
			BuildScriptInfoCaches (288ms)
			ResolveRequiredComponents (19ms)
	FinalizeReload (1195ms)
		ReleaseScriptCaches (0ms)
		RebuildScriptCaches (0ms)
		SetupLoadedEditorAssemblies (960ms)
			LogAssemblyErrors (0ms)
			InitializePlatformSupportModulesInManaged (21ms)
			SetLoadedEditorAssemblies (8ms)
			BeforeProcessingInitializeOnLoad (283ms)
			ProcessInitializeOnLoadAttributes (545ms)
			ProcessInitializeOnLoadMethodAttributes (100ms)
			AfterProcessingInitializeOnLoad (2ms)
			EditorAssembliesLoaded (2ms)
		ExecutionOrderSort2 (0ms)
		AwakeInstancesAfterBackupRestoration (30ms)
Refreshing native plugins compatible for Editor in 1.62 ms, found 4 plugins.
Preloading 0 native plugins for Editor in 0.00 ms.
Unloading 31 Unused Serialized files (Serialized files now loaded: 0)
Unloading 6724 unused Assets / (7.2 MB). Loaded Objects now: 7949.
Memory consumption went from 184.5 MB to 177.3 MB.
Total: 14.661700 ms (FindLiveObjects: 0.876400 ms CreateObjectMapping: 1.020100 ms MarkObjects: 7.385300 ms  DeleteObjects: 5.377400 ms)

Prepare: number of updated asset objects reloaded= 0
========================================================================
Received Import Request.
  Time since last request: 2069.390337 seconds.
  path: Assets/Prefabs/Enemy.prefab
  artifactKey: Guid(0f7a31712e2bde943a196ac63921bd20) Importer(815301076,1909f56bfc062723c751e8b465ee728b)
Start importing Assets/Prefabs/Enemy.prefab using Guid(0f7a31712e2bde943a196ac63921bd20) Importer(815301076,1909f56bfc062723c751e8b465ee728b) (PreviewImporter) -> (artifact id: '973f730ef9d0762511f68e9864f4c4be') in 2.4920389 seconds
Number of updated asset objects reloaded before import = 0Number of asset objects unloaded after import = 45

========================================================================
Received Prepare
Begin MonoManager ReloadAssembly
- Loaded All Assemblies, in  3.741 seconds
Refreshing native plugins compatible for Editor in 4.97 ms, found 4 plugins.
Native extension for iOS target not found
Native extension for Android target not found
Native extension for WindowsStandalone target not found
Native extension for WebGL target not found
Mono: successfully reloaded assembly
- Finished resetting the current domain, in  1.120 seconds
Domain Reload Profiling: 4871ms
	BeginReloadAssembly (1589ms)
		ExecutionOrderSort (1ms)
		DisableScriptedObjects (184ms)
		BackupInstance (0ms)
		ReleaseScriptingObjects (4ms)
		CreateAndSetChildDomain (903ms)
	RebuildCommonClasses (59ms)
	RebuildNativeTypeToScriptingClass (12ms)
	initialDomainReloadingComplete (52ms)
	LoadAllAssembliesAndSetupDomain (2039ms)
		LoadAssemblies (1666ms)
		RebuildTransferFunctionScriptingTraits (0ms)
		AnalyzeDomain (644ms)
			TypeCache.Refresh (41ms)
				TypeCache.ScanAssembly (0ms)
			BuildScriptInfoCaches (519ms)
			ResolveRequiredComponents (21ms)
	FinalizeReload (1120ms)
		ReleaseScriptCaches (0ms)
		RebuildScriptCaches (0ms)
		SetupLoadedEditorAssemblies (863ms)
			LogAssemblyErrors (0ms)
			InitializePlatformSupportModulesInManaged (25ms)
			SetLoadedEditorAssemblies (8ms)
			BeforeProcessingInitializeOnLoad (244ms)
			ProcessInitializeOnLoadAttributes (492ms)
			ProcessInitializeOnLoadMethodAttributes (90ms)
			AfterProcessingInitializeOnLoad (2ms)
			EditorAssembliesLoaded (2ms)
		ExecutionOrderSort2 (0ms)
		AwakeInstancesAfterBackupRestoration (24ms)
Refreshing native plugins compatible for Editor in 1.45 ms, found 4 plugins.
Preloading 0 native plugins for Editor in 0.00 ms.
Unloading 31 Unused Serialized files (Serialized files now loaded: 0)
Unloading 6724 unused Assets / (7.6 MB). Loaded Objects now: 7973.
Memory consumption went from 182.6 MB to 175.0 MB.
Total: 20.304200 ms (FindLiveObjects: 0.944300 ms CreateObjectMapping: 0.990300 ms MarkObjects: 10.845400 ms  DeleteObjects: 7.521400 ms)

Prepare: number of updated asset objects reloaded= 0
========================================================================
Received Import Request.
  Time since last request: 153.427191 seconds.
  path: Assets/Scenes/GameScene.unity
  artifactKey: Guid(8c9cfa26abfee488c85f1582747f6a02) Importer(815301076,1909f56bfc062723c751e8b465ee728b)
Start importing Assets/Scenes/GameScene.unity using Guid(8c9cfa26abfee488c85f1582747f6a02) Importer(815301076,1909f56bfc062723c751e8b465ee728b) (PreviewImporter) -> (artifact id: 'e3dd0cbff3575195d008a98bb6547ae2') in 0.1110663 seconds
Number of updated asset objects reloaded before import = 0Number of asset objects unloaded after import = 0

========================================================================
Received Import Request.
  Time since last request: 11.693231 seconds.
  path: Assets/Scenes/MainMenu.unity
  artifactKey: Guid(fe61ea83af75638498ccb16ae70f8acb) Importer(815301076,1909f56bfc062723c751e8b465ee728b)
Start importing Assets/Scenes/MainMenu.unity using Guid(fe61ea83af75638498ccb16ae70f8acb) Importer(815301076,1909f56bfc062723c751e8b465ee728b) (PreviewImporter) -> (artifact id: '05e189f28a8886ee615fd80e176d9314') in 0.0035697 seconds
Number of updated asset objects reloaded before import = 0Number of asset objects unloaded after import = 0

========================================================================
Received Prepare
Begin MonoManager ReloadAssembly
- Loaded All Assemblies, in  3.835 seconds
Refreshing native plugins compatible for Editor in 2.69 ms, found 4 plugins.
Native extension for iOS target not found
Native extension for Android target not found
Native extension for WindowsStandalone target not found
Native extension for WebGL target not found
Mono: successfully reloaded assembly
- Finished resetting the current domain, in  1.209 seconds
Domain Reload Profiling: 5072ms
	BeginReloadAssembly (2236ms)
		ExecutionOrderSort (1ms)
		DisableScriptedObjects (173ms)
		BackupInstance (0ms)
		ReleaseScriptingObjects (3ms)
		CreateAndSetChildDomain (898ms)
	RebuildCommonClasses (49ms)
	RebuildNativeTypeToScriptingClass (12ms)
	initialDomainReloadingComplete (45ms)
	LoadAllAssembliesAndSetupDomain (1519ms)
		LoadAssemblies (1896ms)
		RebuildTransferFunctionScriptingTraits (0ms)
		AnalyzeDomain (516ms)
			TypeCache.Refresh (34ms)
				TypeCache.ScanAssembly (0ms)
			BuildScriptInfoCaches (418ms)
			ResolveRequiredComponents (21ms)
	FinalizeReload (1210ms)
		ReleaseScriptCaches (0ms)
		RebuildScriptCaches (0ms)
		SetupLoadedEditorAssemblies (893ms)
			LogAssemblyErrors (0ms)
			InitializePlatformSupportModulesInManaged (21ms)
			SetLoadedEditorAssemblies (8ms)
			BeforeProcessingInitializeOnLoad (244ms)
			ProcessInitializeOnLoadAttributes (530ms)
			ProcessInitializeOnLoadMethodAttributes (87ms)
			AfterProcessingInitializeOnLoad (2ms)
			EditorAssembliesLoaded (1ms)
		ExecutionOrderSort2 (0ms)
		AwakeInstancesAfterBackupRestoration (26ms)
Refreshing native plugins compatible for Editor in 3.05 ms, found 4 plugins.
Preloading 0 native plugins for Editor in 0.00 ms.
Unloading 31 Unused Serialized files (Serialized files now loaded: 0)
Unloading 6724 unused Assets / (8.6 MB). Loaded Objects now: 7975.
Memory consumption went from 182.4 MB to 173.9 MB.
Total: 21.654700 ms (FindLiveObjects: 1.962700 ms CreateObjectMapping: 1.068800 ms MarkObjects: 10.725500 ms  DeleteObjects: 7.894600 ms)

Prepare: number of updated asset objects reloaded= 0
========================================================================
Received Prepare
Refreshing native plugins compatible for Editor in 3.33 ms, found 4 plugins.
Preloading 0 native plugins for Editor in 0.00 ms.
Unloading 31 Unused Serialized files (Serialized files now loaded: 0)
Unloading 6713 unused Assets / (6.6 MB). Loaded Objects now: 7975.
Memory consumption went from 184.5 MB to 177.8 MB.
Total: 326.879500 ms (FindLiveObjects: 4.105300 ms CreateObjectMapping: 1.031500 ms MarkObjects: 307.997300 ms  DeleteObjects: 13.741800 ms)

Prepare: number of updated asset objects reloaded= 0
========================================================================
Received Prepare
Begin MonoManager ReloadAssembly
- Loaded All Assemblies, in  3.663 seconds
Refreshing native plugins compatible for Editor in 2.57 ms, found 4 plugins.
Native extension for iOS target not found
Native extension for Android target not found
Native extension for WindowsStandalone target not found
Native extension for WebGL target not found
Mono: successfully reloaded assembly
- Finished resetting the current domain, in  1.060 seconds
Domain Reload Profiling: 4742ms
	BeginReloadAssembly (1633ms)
		ExecutionOrderSort (0ms)
		DisableScriptedObjects (178ms)
		BackupInstance (0ms)
		ReleaseScriptingObjects (3ms)
		CreateAndSetChildDomain (838ms)
	RebuildCommonClasses (67ms)
	RebuildNativeTypeToScriptingClass (12ms)
	initialDomainReloadingComplete (42ms)
	LoadAllAssembliesAndSetupDomain (1927ms)
		LoadAssemblies (1397ms)
		RebuildTransferFunctionScriptingTraits (0ms)
		AnalyzeDomain (919ms)
			TypeCache.Refresh (61ms)
				TypeCache.ScanAssembly (1ms)
			BuildScriptInfoCaches (745ms)
			ResolveRequiredComponents (64ms)
	FinalizeReload (1061ms)
		ReleaseScriptCaches (0ms)
		RebuildScriptCaches (0ms)
		SetupLoadedEditorAssemblies (854ms)
			LogAssemblyErrors (0ms)
			InitializePlatformSupportModulesInManaged (18ms)
			SetLoadedEditorAssemblies (9ms)
			BeforeProcessingInitializeOnLoad (204ms)
			ProcessInitializeOnLoadAttributes (537ms)
			ProcessInitializeOnLoadMethodAttributes (82ms)
			AfterProcessingInitializeOnLoad (2ms)
			EditorAssembliesLoaded (1ms)
		ExecutionOrderSort2 (0ms)
		AwakeInstancesAfterBackupRestoration (21ms)
Refreshing native plugins compatible for Editor in 1.36 ms, found 4 plugins.
Preloading 0 native plugins for Editor in 0.00 ms.
Unloading 31 Unused Serialized files (Serialized files now loaded: 0)
Unloading 6724 unused Assets / (6.8 MB). Loaded Objects now: 7977.
Memory consumption went from 186.2 MB to 179.4 MB.
Total: 14.583000 ms (FindLiveObjects: 0.809100 ms CreateObjectMapping: 0.878300 ms MarkObjects: 7.506400 ms  DeleteObjects: 5.387000 ms)

Prepare: number of updated asset objects reloaded= 0
========================================================================
Received Prepare
Begin MonoManager ReloadAssembly
- Loaded All Assemblies, in  4.079 seconds
Refreshing native plugins compatible for Editor in 7.35 ms, found 4 plugins.
Native extension for iOS target not found
Native extension for Android target not found
Native extension for WindowsStandalone target not found
Native extension for WebGL target not found
Mono: successfully reloaded assembly
- Finished resetting the current domain, in  1.216 seconds
Domain Reload Profiling: 5330ms
	BeginReloadAssembly (1158ms)
		ExecutionOrderSort (1ms)
		DisableScriptedObjects (168ms)
		BackupInstance (0ms)
		ReleaseScriptingObjects (3ms)
		CreateAndSetChildDomain (464ms)
	RebuildCommonClasses (93ms)
	RebuildNativeTypeToScriptingClass (14ms)
	initialDomainReloadingComplete (68ms)
	LoadAllAssembliesAndSetupDomain (2779ms)
		LoadAssemblies (2163ms)
		RebuildTransferFunctionScriptingTraits (0ms)
		AnalyzeDomain (882ms)
			TypeCache.Refresh (52ms)
				TypeCache.ScanAssembly (0ms)
			BuildScriptInfoCaches (664ms)
			ResolveRequiredComponents (40ms)
	FinalizeReload (1218ms)
		ReleaseScriptCaches (0ms)
		RebuildScriptCaches (0ms)
		SetupLoadedEditorAssemblies (980ms)
			LogAssemblyErrors (0ms)
			InitializePlatformSupportModulesInManaged (20ms)
			SetLoadedEditorAssemblies (7ms)
			BeforeProcessingInitializeOnLoad (226ms)
			ProcessInitializeOnLoadAttributes (614ms)
			ProcessInitializeOnLoadMethodAttributes (111ms)
			AfterProcessingInitializeOnLoad (2ms)
			EditorAssembliesLoaded (1ms)
		ExecutionOrderSort2 (0ms)
		AwakeInstancesAfterBackupRestoration (24ms)
Refreshing native plugins compatible for Editor in 3.62 ms, found 4 plugins.
Preloading 0 native plugins for Editor in 0.00 ms.
Unloading 31 Unused Serialized files (Serialized files now loaded: 0)
Unloading 6724 unused Assets / (9.6 MB). Loaded Objects now: 7979.
Memory consumption went from 188.1 MB to 178.5 MB.
Total: 33.551900 ms (FindLiveObjects: 1.841600 ms CreateObjectMapping: 1.270700 ms MarkObjects: 16.925600 ms  DeleteObjects: 13.510000 ms)

Prepare: number of updated asset objects reloaded= 0
========================================================================
Received Prepare
Refreshing native plugins compatible for Editor in 2.65 ms, found 4 plugins.
Preloading 0 native plugins for Editor in 0.00 ms.
Unloading 31 Unused Serialized files (Serialized files now loaded: 0)
Unloading 6713 unused Assets / (7.7 MB). Loaded Objects now: 7979.
Memory consumption went from 190.1 MB to 182.4 MB.
Total: 253.820100 ms (FindLiveObjects: 4.754200 ms CreateObjectMapping: 0.962200 ms MarkObjects: 238.917600 ms  DeleteObjects: 9.183100 ms)

Prepare: number of updated asset objects reloaded= 0
========================================================================
Received Prepare
Begin MonoManager ReloadAssembly
- Loaded All Assemblies, in  4.363 seconds
Refreshing native plugins compatible for Editor in 3.19 ms, found 4 plugins.
Native extension for iOS target not found
Native extension for Android target not found
Native extension for WindowsStandalone target not found
Native extension for WebGL target not found
Mono: successfully reloaded assembly
- Finished resetting the current domain, in  1.638 seconds
Domain Reload Profiling: 6006ms
	BeginReloadAssembly (1652ms)
		ExecutionOrderSort (2ms)
		DisableScriptedObjects (403ms)
		BackupInstance (0ms)
		ReleaseScriptingObjects (3ms)
		CreateAndSetChildDomain (567ms)
	RebuildCommonClasses (51ms)
	RebuildNativeTypeToScriptingClass (13ms)
	initialDomainReloadingComplete (53ms)
	LoadAllAssembliesAndSetupDomain (2598ms)
		LoadAssemblies (2543ms)
		RebuildTransferFunctionScriptingTraits (0ms)
		AnalyzeDomain (398ms)
			TypeCache.Refresh (52ms)
				TypeCache.ScanAssembly (1ms)
			BuildScriptInfoCaches (290ms)
			ResolveRequiredComponents (17ms)
	FinalizeReload (1639ms)
		ReleaseScriptCaches (0ms)
		RebuildScriptCaches (0ms)
		SetupLoadedEditorAssemblies (1297ms)
			LogAssemblyErrors (0ms)
			InitializePlatformSupportModulesInManaged (54ms)
			SetLoadedEditorAssemblies (10ms)
			BeforeProcessingInitializeOnLoad (299ms)
			ProcessInitializeOnLoadAttributes (751ms)
			ProcessInitializeOnLoadMethodAttributes (176ms)
			AfterProcessingInitializeOnLoad (5ms)
			EditorAssembliesLoaded (3ms)
		ExecutionOrderSort2 (0ms)
		AwakeInstancesAfterBackupRestoration (69ms)
Refreshing native plugins compatible for Editor in 2.56 ms, found 4 plugins.
Preloading 0 native plugins for Editor in 0.00 ms.
Unloading 31 Unused Serialized files (Serialized files now loaded: 0)
Unloading 6724 unused Assets / (9.0 MB). Loaded Objects now: 7981.
Memory consumption went from 191.8 MB to 182.8 MB.
Total: 18.805700 ms (FindLiveObjects: 1.238100 ms CreateObjectMapping: 1.468300 ms MarkObjects: 8.530300 ms  DeleteObjects: 7.566700 ms)

Prepare: number of updated asset objects reloaded= 0
========================================================================
Received Prepare
Refreshing native plugins compatible for Editor in 2.01 ms, found 4 plugins.
Preloading 0 native plugins for Editor in 0.00 ms.
Unloading 31 Unused Serialized files (Serialized files now loaded: 0)
Unloading 6713 unused Assets / (9.2 MB). Loaded Objects now: 7981.
Memory consumption went from 193.8 MB to 184.6 MB.
Total: 17.775700 ms (FindLiveObjects: 0.923700 ms CreateObjectMapping: 1.682400 ms MarkObjects: 6.633300 ms  DeleteObjects: 8.535500 ms)

Prepare: number of updated asset objects reloaded= 0
========================================================================
Received Prepare
Begin MonoManager ReloadAssembly
- Loaded All Assemblies, in  6.379 seconds
Refreshing native plugins compatible for Editor in 2.37 ms, found 4 plugins.
Native extension for iOS target not found
Native extension for Android target not found
Native extension for WindowsStandalone target not found
Native extension for WebGL target not found
Mono: successfully reloaded assembly
- Finished resetting the current domain, in  1.451 seconds
Domain Reload Profiling: 7840ms
	BeginReloadAssembly (2267ms)
		ExecutionOrderSort (1ms)
		DisableScriptedObjects (234ms)
		BackupInstance (0ms)
		ReleaseScriptingObjects (10ms)
		CreateAndSetChildDomain (1326ms)
	RebuildCommonClasses (94ms)
	RebuildNativeTypeToScriptingClass (16ms)
	initialDomainReloadingComplete (61ms)
	LoadAllAssembliesAndSetupDomain (3951ms)
		LoadAssemblies (3622ms)
		RebuildTransferFunctionScriptingTraits (0ms)
		AnalyzeDomain (704ms)
			TypeCache.Refresh (74ms)
				TypeCache.ScanAssembly (2ms)
			BuildScriptInfoCaches (574ms)
			ResolveRequiredComponents (17ms)
	FinalizeReload (1452ms)
		ReleaseScriptCaches (0ms)
		RebuildScriptCaches (0ms)
		SetupLoadedEditorAssemblies (1206ms)
			LogAssemblyErrors (0ms)
			InitializePlatformSupportModulesInManaged (18ms)
			SetLoadedEditorAssemblies (10ms)
			BeforeProcessingInitializeOnLoad (246ms)
			ProcessInitializeOnLoadAttributes (802ms)
			ProcessInitializeOnLoadMethodAttributes (109ms)
			AfterProcessingInitializeOnLoad (2ms)
			EditorAssembliesLoaded (19ms)
		ExecutionOrderSort2 (0ms)
		AwakeInstancesAfterBackupRestoration (31ms)
Refreshing native plugins compatible for Editor in 3.44 ms, found 4 plugins.
Preloading 0 native plugins for Editor in 0.00 ms.
Unloading 31 Unused Serialized files (Serialized files now loaded: 0)
Unloading 6724 unused Assets / (8.1 MB). Loaded Objects now: 7983.
Memory consumption went from 195.7 MB to 187.5 MB.
Total: 16.686000 ms (FindLiveObjects: 0.909000 ms CreateObjectMapping: 0.960900 ms MarkObjects: 7.750000 ms  DeleteObjects: 7.063700 ms)

Prepare: number of updated asset objects reloaded= 0
========================================================================
Received Prepare
Refreshing native plugins compatible for Editor in 2.84 ms, found 4 plugins.
Preloading 0 native plugins for Editor in 0.00 ms.
Unloading 31 Unused Serialized files (Serialized files now loaded: 0)
Unloading 6713 unused Assets / (8.2 MB). Loaded Objects now: 7983.
Memory consumption went from 197.7 MB to 189.5 MB.
Total: 208.982700 ms (FindLiveObjects: 3.424100 ms CreateObjectMapping: 1.404900 ms MarkObjects: 196.145200 ms  DeleteObjects: 8.006100 ms)

Prepare: number of updated asset objects reloaded= 0
========================================================================
Received Prepare
Begin MonoManager ReloadAssembly
- Loaded All Assemblies, in  6.452 seconds
Refreshing native plugins compatible for Editor in 3.26 ms, found 4 plugins.
Native extension for iOS target not found
Native extension for Android target not found
Native extension for WindowsStandalone target not found
Native extension for WebGL target not found
Mono: successfully reloaded assembly
- Finished resetting the current domain, in  1.023 seconds
Domain Reload Profiling: 7538ms
	BeginReloadAssembly (2533ms)
		ExecutionOrderSort (0ms)
		DisableScriptedObjects (284ms)
		BackupInstance (0ms)
		ReleaseScriptingObjects (8ms)
		CreateAndSetChildDomain (1035ms)
	RebuildCommonClasses (58ms)
	RebuildNativeTypeToScriptingClass (14ms)
	initialDomainReloadingComplete (52ms)
	LoadAllAssembliesAndSetupDomain (3857ms)
		LoadAssemblies (2518ms)
		RebuildTransferFunctionScriptingTraits (0ms)
		AnalyzeDomain (1570ms)
			TypeCache.Refresh (138ms)
				TypeCache.ScanAssembly (2ms)
			BuildScriptInfoCaches (1038ms)
			ResolveRequiredComponents (72ms)
	FinalizeReload (1024ms)
		ReleaseScriptCaches (0ms)
		RebuildScriptCaches (0ms)
		SetupLoadedEditorAssemblies (812ms)
			LogAssemblyErrors (0ms)
			InitializePlatformSupportModulesInManaged (18ms)
			SetLoadedEditorAssemblies (7ms)
			BeforeProcessingInitializeOnLoad (201ms)
			ProcessInitializeOnLoadAttributes (505ms)
			ProcessInitializeOnLoadMethodAttributes (77ms)
			AfterProcessingInitializeOnLoad (2ms)
			EditorAssembliesLoaded (1ms)
		ExecutionOrderSort2 (0ms)
		AwakeInstancesAfterBackupRestoration (23ms)
Refreshing native plugins compatible for Editor in 2.02 ms, found 4 plugins.
Preloading 0 native plugins for Editor in 0.00 ms.
Unloading 31 Unused Serialized files (Serialized files now loaded: 0)
Unloading 6724 unused Assets / (7.1 MB). Loaded Objects now: 7985.
Memory consumption went from 199.4 MB to 192.3 MB.
Total: 16.814000 ms (FindLiveObjects: 1.158900 ms CreateObjectMapping: 0.891500 ms MarkObjects: 9.361900 ms  DeleteObjects: 5.399500 ms)

Prepare: number of updated asset objects reloaded= 0
========================================================================
Received Prepare
Refreshing native plugins compatible for Editor in 3.05 ms, found 4 plugins.
Preloading 0 native plugins for Editor in 0.00 ms.
Unloading 31 Unused Serialized files (Serialized files now loaded: 0)
Unloading 6713 unused Assets / (7.6 MB). Loaded Objects now: 7985.
Memory consumption went from 201.5 MB to 193.9 MB.
Total: 499.874800 ms (FindLiveObjects: 8.307100 ms CreateObjectMapping: 0.975200 ms MarkObjects: 475.388500 ms  DeleteObjects: 15.200800 ms)

Prepare: number of updated asset objects reloaded= 0
========================================================================
Received Prepare
Begin MonoManager ReloadAssembly
- Loaded All Assemblies, in  3.850 seconds
Refreshing native plugins compatible for Editor in 4.14 ms, found 4 plugins.
Native extension for iOS target not found
Native extension for Android target not found
Native extension for WindowsStandalone target not found
Native extension for WebGL target not found
Mono: successfully reloaded assembly
- Finished resetting the current domain, in  1.240 seconds
Domain Reload Profiling: 5094ms
	BeginReloadAssembly (1180ms)
		ExecutionOrderSort (3ms)
		DisableScriptedObjects (248ms)
		BackupInstance (0ms)
		ReleaseScriptingObjects (3ms)
		CreateAndSetChildDomain (473ms)
	RebuildCommonClasses (50ms)
	RebuildNativeTypeToScriptingClass (15ms)
	initialDomainReloadingComplete (49ms)
	LoadAllAssembliesAndSetupDomain (2559ms)
		LoadAssemblies (2414ms)
		RebuildTransferFunctionScriptingTraits (0ms)
		AnalyzeDomain (383ms)
			TypeCache.Refresh (49ms)
				TypeCache.ScanAssembly (1ms)
			BuildScriptInfoCaches (282ms)
			ResolveRequiredComponents (15ms)
	FinalizeReload (1241ms)
		ReleaseScriptCaches (0ms)
		RebuildScriptCaches (0ms)
		SetupLoadedEditorAssemblies (1036ms)
			LogAssemblyErrors (0ms)
			InitializePlatformSupportModulesInManaged (17ms)
			SetLoadedEditorAssemblies (7ms)
			BeforeProcessingInitializeOnLoad (250ms)
			ProcessInitializeOnLoadAttributes (682ms)
			ProcessInitializeOnLoadMethodAttributes (78ms)
			AfterProcessingInitializeOnLoad (2ms)
			EditorAssembliesLoaded (1ms)
		ExecutionOrderSort2 (0ms)
		AwakeInstancesAfterBackupRestoration (21ms)
Refreshing native plugins compatible for Editor in 1.40 ms, found 4 plugins.
Preloading 0 native plugins for Editor in 0.00 ms.
Unloading 31 Unused Serialized files (Serialized files now loaded: 0)
Unloading 6724 unused Assets / (6.9 MB). Loaded Objects now: 7987.
Memory consumption went from 203.2 MB to 196.3 MB.
Total: 16.201700 ms (FindLiveObjects: 0.988200 ms CreateObjectMapping: 1.013000 ms MarkObjects: 9.016800 ms  DeleteObjects: 5.181600 ms)

Prepare: number of updated asset objects reloaded= 0
========================================================================
Received Prepare
Begin MonoManager ReloadAssembly
- Loaded All Assemblies, in  4.635 seconds
Refreshing native plugins compatible for Editor in 1.87 ms, found 4 plugins.
Native extension for iOS target not found
Native extension for Android target not found
Native extension for WindowsStandalone target not found
Native extension for WebGL target not found
Mono: successfully reloaded assembly
- Finished resetting the current domain, in  1.311 seconds
Domain Reload Profiling: 5951ms
	BeginReloadAssembly (1712ms)
		ExecutionOrderSort (2ms)
		DisableScriptedObjects (231ms)
		BackupInstance (0ms)
		ReleaseScriptingObjects (5ms)
		CreateAndSetChildDomain (626ms)
	RebuildCommonClasses (110ms)
	RebuildNativeTypeToScriptingClass (13ms)
	initialDomainReloadingComplete (96ms)
	LoadAllAssembliesAndSetupDomain (2709ms)
		LoadAssemblies (2740ms)
		RebuildTransferFunctionScriptingTraits (0ms)
		AnalyzeDomain (327ms)
			TypeCache.Refresh (29ms)
				TypeCache.ScanAssembly (0ms)
			BuildScriptInfoCaches (250ms)
			ResolveRequiredComponents (15ms)
	FinalizeReload (1312ms)
		ReleaseScriptCaches (0ms)
		RebuildScriptCaches (0ms)
		SetupLoadedEditorAssemblies (1101ms)
			LogAssemblyErrors (0ms)
			InitializePlatformSupportModulesInManaged (17ms)
			SetLoadedEditorAssemblies (9ms)
			BeforeProcessingInitializeOnLoad (234ms)
			ProcessInitializeOnLoadAttributes (732ms)
			ProcessInitializeOnLoadMethodAttributes (107ms)
			AfterProcessingInitializeOnLoad (2ms)
			EditorAssembliesLoaded (1ms)
		ExecutionOrderSort2 (0ms)
		AwakeInstancesAfterBackupRestoration (26ms)
Refreshing native plugins compatible for Editor in 1.33 ms, found 4 plugins.
Preloading 0 native plugins for Editor in 0.00 ms.
Unloading 31 Unused Serialized files (Serialized files now loaded: 0)
Unloading 6724 unused Assets / (7.4 MB). Loaded Objects now: 7989.
Memory consumption went from 205.2 MB to 197.8 MB.
Total: 16.504200 ms (FindLiveObjects: 1.153900 ms CreateObjectMapping: 0.914200 ms MarkObjects: 8.028400 ms  DeleteObjects: 6.404700 ms)

Prepare: number of updated asset objects reloaded= 0
========================================================================
Received Prepare
Begin MonoManager ReloadAssembly
- Loaded All Assemblies, in  4.207 seconds
Refreshing native plugins compatible for Editor in 3.06 ms, found 4 plugins.
Native extension for iOS target not found
Native extension for Android target not found
Native extension for WindowsStandalone target not found
Native extension for WebGL target not found
Mono: successfully reloaded assembly
- Finished resetting the current domain, in  1.828 seconds
Domain Reload Profiling: 6046ms
	BeginReloadAssembly (1972ms)
		ExecutionOrderSort (3ms)
		DisableScriptedObjects (435ms)
		BackupInstance (0ms)
		ReleaseScriptingObjects (3ms)
		CreateAndSetChildDomain (583ms)
	RebuildCommonClasses (82ms)
	RebuildNativeTypeToScriptingClass (21ms)
	initialDomainReloadingComplete (69ms)
	LoadAllAssembliesAndSetupDomain (2071ms)
		LoadAssemblies (1891ms)
		RebuildTransferFunctionScriptingTraits (0ms)
		AnalyzeDomain (488ms)
			TypeCache.Refresh (35ms)
				TypeCache.ScanAssembly (0ms)
			BuildScriptInfoCaches (389ms)
			ResolveRequiredComponents (19ms)
	FinalizeReload (1831ms)
		ReleaseScriptCaches (0ms)
		RebuildScriptCaches (0ms)
		SetupLoadedEditorAssemblies (1577ms)
			LogAssemblyErrors (0ms)
			InitializePlatformSupportModulesInManaged (20ms)
			SetLoadedEditorAssemblies (14ms)
			BeforeProcessingInitializeOnLoad (318ms)
			ProcessInitializeOnLoadAttributes (1015ms)
			ProcessInitializeOnLoadMethodAttributes (204ms)
			AfterProcessingInitializeOnLoad (2ms)
			EditorAssembliesLoaded (5ms)
		ExecutionOrderSort2 (0ms)
		AwakeInstancesAfterBackupRestoration (31ms)
Refreshing native plugins compatible for Editor in 2.35 ms, found 4 plugins.
Preloading 0 native plugins for Editor in 0.00 ms.
Unloading 31 Unused Serialized files (Serialized files now loaded: 0)
Unloading 6724 unused Assets / (6.9 MB). Loaded Objects now: 7991.
Memory consumption went from 207.0 MB to 200.1 MB.
Total: 18.566300 ms (FindLiveObjects: 1.763400 ms CreateObjectMapping: 0.995400 ms MarkObjects: 9.361400 ms  DeleteObjects: 6.443300 ms)

Prepare: number of updated asset objects reloaded= 0
========================================================================
Received Prepare
Refreshing native plugins compatible for Editor in 1.96 ms, found 4 plugins.
Preloading 0 native plugins for Editor in 0.00 ms.
Unloading 31 Unused Serialized files (Serialized files now loaded: 0)
Unloading 6713 unused Assets / (7.5 MB). Loaded Objects now: 7991.
Memory consumption went from 209.1 MB to 201.6 MB.
Total: 319.423000 ms (FindLiveObjects: 5.154400 ms CreateObjectMapping: 0.980800 ms MarkObjects: 305.828500 ms  DeleteObjects: 7.456400 ms)

Prepare: number of updated asset objects reloaded= 0
========================================================================
Received Prepare
Begin MonoManager ReloadAssembly
- Loaded All Assemblies, in  4.198 seconds
Refreshing native plugins compatible for Editor in 3.28 ms, found 4 plugins.
Native extension for iOS target not found
Native extension for Android target not found
Native extension for WindowsStandalone target not found
Native extension for WebGL target not found
Mono: successfully reloaded assembly
- Finished resetting the current domain, in  1.343 seconds
Domain Reload Profiling: 5553ms
	BeginReloadAssembly (2262ms)
		ExecutionOrderSort (0ms)
		DisableScriptedObjects (235ms)
		BackupInstance (0ms)
		ReleaseScriptingObjects (3ms)
		CreateAndSetChildDomain (955ms)
	RebuildCommonClasses (100ms)
	RebuildNativeTypeToScriptingClass (13ms)
	initialDomainReloadingComplete (154ms)
	LoadAllAssembliesAndSetupDomain (1680ms)
		LoadAssemblies (1962ms)
		RebuildTransferFunctionScriptingTraits (0ms)
		AnalyzeDomain (510ms)
			TypeCache.Refresh (57ms)
				TypeCache.ScanAssembly (1ms)
			BuildScriptInfoCaches (397ms)
			ResolveRequiredComponents (23ms)
	FinalizeReload (1344ms)
		ReleaseScriptCaches (0ms)
		RebuildScriptCaches (0ms)
		SetupLoadedEditorAssemblies (1127ms)
			LogAssemblyErrors (0ms)
			InitializePlatformSupportModulesInManaged (18ms)
			SetLoadedEditorAssemblies (7ms)
			BeforeProcessingInitializeOnLoad (206ms)
			ProcessInitializeOnLoadAttributes (734ms)
			ProcessInitializeOnLoadMethodAttributes (158ms)
			AfterProcessingInitializeOnLoad (2ms)
			EditorAssembliesLoaded (2ms)
		ExecutionOrderSort2 (0ms)
		AwakeInstancesAfterBackupRestoration (24ms)
Refreshing native plugins compatible for Editor in 2.07 ms, found 4 plugins.
Preloading 0 native plugins for Editor in 0.00 ms.
Unloading 31 Unused Serialized files (Serialized files now loaded: 0)
Unloading 6724 unused Assets / (7.3 MB). Loaded Objects now: 7993.
Memory consumption went from 210.9 MB to 203.6 MB.
Total: 15.664400 ms (FindLiveObjects: 1.557400 ms CreateObjectMapping: 1.224700 ms MarkObjects: 7.079800 ms  DeleteObjects: 5.798100 ms)

Prepare: number of updated asset objects reloaded= 0
========================================================================
Received Prepare
Refreshing native plugins compatible for Editor in 2.06 ms, found 4 plugins.
Preloading 0 native plugins for Editor in 0.00 ms.
Unloading 31 Unused Serialized files (Serialized files now loaded: 0)
Unloading 6713 unused Assets / (7.9 MB). Loaded Objects now: 7993.
Memory consumption went from 213.0 MB to 205.0 MB.
Total: 360.661400 ms (FindLiveObjects: 5.784500 ms CreateObjectMapping: 1.221300 ms MarkObjects: 342.971300 ms  DeleteObjects: 10.680800 ms)

Prepare: number of updated asset objects reloaded= 0
========================================================================
Received Prepare
Begin MonoManager ReloadAssembly
- Loaded All Assemblies, in  4.421 seconds
Refreshing native plugins compatible for Editor in 2.78 ms, found 4 plugins.
Native extension for iOS target not found
Native extension for Android target not found
Native extension for WindowsStandalone target not found
Native extension for WebGL target not found
Mono: successfully reloaded assembly
- Finished resetting the current domain, in  1.012 seconds
Domain Reload Profiling: 5444ms
	BeginReloadAssembly (1675ms)
		ExecutionOrderSort (1ms)
		DisableScriptedObjects (258ms)
		BackupInstance (0ms)
		ReleaseScriptingObjects (2ms)
		CreateAndSetChildDomain (668ms)
	RebuildCommonClasses (55ms)
	RebuildNativeTypeToScriptingClass (14ms)
	initialDomainReloadingComplete (52ms)
	LoadAllAssembliesAndSetupDomain (2635ms)
		LoadAssemblies (2295ms)
		RebuildTransferFunctionScriptingTraits (0ms)
		AnalyzeDomain (708ms)
			TypeCache.Refresh (66ms)
				TypeCache.ScanAssembly (1ms)
			BuildScriptInfoCaches (513ms)
			ResolveRequiredComponents (23ms)
	FinalizeReload (1013ms)
		ReleaseScriptCaches (0ms)
		RebuildScriptCaches (0ms)
		SetupLoadedEditorAssemblies (810ms)
			LogAssemblyErrors (0ms)
			InitializePlatformSupportModulesInManaged (19ms)
			SetLoadedEditorAssemblies (7ms)
			BeforeProcessingInitializeOnLoad (200ms)
			ProcessInitializeOnLoadAttributes (495ms)
			ProcessInitializeOnLoadMethodAttributes (85ms)
			AfterProcessingInitializeOnLoad (2ms)
			EditorAssembliesLoaded (1ms)
		ExecutionOrderSort2 (0ms)
		AwakeInstancesAfterBackupRestoration (23ms)
Refreshing native plugins compatible for Editor in 1.48 ms, found 4 plugins.
Preloading 0 native plugins for Editor in 0.00 ms.
Unloading 31 Unused Serialized files (Serialized files now loaded: 0)
Unloading 6724 unused Assets / (7.5 MB). Loaded Objects now: 7995.
Memory consumption went from 214.8 MB to 207.2 MB.
Total: 14.035400 ms (FindLiveObjects: 0.925400 ms CreateObjectMapping: 0.942700 ms MarkObjects: 6.498400 ms  DeleteObjects: 5.666900 ms)

Prepare: number of updated asset objects reloaded= 0
========================================================================
Received Prepare
Begin MonoManager ReloadAssembly
- Loaded All Assemblies, in  2.754 seconds
Refreshing native plugins compatible for Editor in 3.83 ms, found 4 plugins.
Native extension for iOS target not found
Native extension for Android target not found
Native extension for WindowsStandalone target not found
Native extension for WebGL target not found
Mono: successfully reloaded assembly
- Finished resetting the current domain, in  1.345 seconds
Domain Reload Profiling: 4117ms
	BeginReloadAssembly (1342ms)
		ExecutionOrderSort (2ms)
		DisableScriptedObjects (135ms)
		BackupInstance (0ms)
		ReleaseScriptingObjects (3ms)
		CreateAndSetChildDomain (549ms)
	RebuildCommonClasses (88ms)
	RebuildNativeTypeToScriptingClass (16ms)
	initialDomainReloadingComplete (130ms)
	LoadAllAssembliesAndSetupDomain (1189ms)
		LoadAssemblies (1109ms)
		RebuildTransferFunctionScriptingTraits (0ms)
		AnalyzeDomain (476ms)
			TypeCache.Refresh (37ms)
				TypeCache.ScanAssembly (0ms)
			BuildScriptInfoCaches (377ms)
			ResolveRequiredComponents (16ms)
	FinalizeReload (1352ms)
		ReleaseScriptCaches (0ms)
		RebuildScriptCaches (0ms)
		SetupLoadedEditorAssemblies (1035ms)
			LogAssemblyErrors (0ms)
			InitializePlatformSupportModulesInManaged (20ms)
			SetLoadedEditorAssemblies (8ms)
			BeforeProcessingInitializeOnLoad (235ms)
			ProcessInitializeOnLoadAttributes (644ms)
			ProcessInitializeOnLoadMethodAttributes (122ms)
			AfterProcessingInitializeOnLoad (3ms)
			EditorAssembliesLoaded (2ms)
		ExecutionOrderSort2 (0ms)
		AwakeInstancesAfterBackupRestoration (26ms)
Refreshing native plugins compatible for Editor in 1.53 ms, found 4 plugins.
Preloading 0 native plugins for Editor in 0.00 ms.
Unloading 31 Unused Serialized files (Serialized files now loaded: 0)
Unloading 6724 unused Assets / (7.8 MB). Loaded Objects now: 7997.
Memory consumption went from 216.7 MB to 208.8 MB.
Total: 17.054500 ms (FindLiveObjects: 1.292400 ms CreateObjectMapping: 1.284200 ms MarkObjects: 7.188100 ms  DeleteObjects: 7.287600 ms)

Prepare: number of updated asset objects reloaded= 0
========================================================================
Received Prepare
Refreshing native plugins compatible for Editor in 6.07 ms, found 4 plugins.
Preloading 0 native plugins for Editor in 0.00 ms.
Unloading 31 Unused Serialized files (Serialized files now loaded: 0)
Unloading 6713 unused Assets / (7.1 MB). Loaded Objects now: 7997.
Memory consumption went from 218.7 MB to 211.6 MB.
Total: 1088.703900 ms (FindLiveObjects: 15.820100 ms CreateObjectMapping: 1.266300 ms MarkObjects: 1064.273800 ms  DeleteObjects: 7.339800 ms)

Prepare: number of updated asset objects reloaded= 0
========================================================================
Received Prepare
Begin MonoManager ReloadAssembly
- Loaded All Assemblies, in  4.559 seconds
Refreshing native plugins compatible for Editor in 2.98 ms, found 4 plugins.
Native extension for iOS target not found
Native extension for Android target not found
Native extension for WindowsStandalone target not found
Native extension for WebGL target not found
Mono: successfully reloaded assembly
- Finished resetting the current domain, in  1.017 seconds
Domain Reload Profiling: 5581ms
	BeginReloadAssembly (1284ms)
		ExecutionOrderSort (0ms)
		DisableScriptedObjects (301ms)
		BackupInstance (0ms)
		ReleaseScriptingObjects (2ms)
		CreateAndSetChildDomain (449ms)
	RebuildCommonClasses (51ms)
	RebuildNativeTypeToScriptingClass (14ms)
	initialDomainReloadingComplete (48ms)
	LoadAllAssembliesAndSetupDomain (3165ms)
		LoadAssemblies (2839ms)
		RebuildTransferFunctionScriptingTraits (0ms)
		AnalyzeDomain (570ms)
			TypeCache.Refresh (101ms)
				TypeCache.ScanAssembly (5ms)
			BuildScriptInfoCaches (421ms)
			ResolveRequiredComponents (17ms)
	FinalizeReload (1018ms)
		ReleaseScriptCaches (0ms)
		RebuildScriptCaches (0ms)
		SetupLoadedEditorAssemblies (819ms)
			LogAssemblyErrors (0ms)
			InitializePlatformSupportModulesInManaged (18ms)
			SetLoadedEditorAssemblies (7ms)
			BeforeProcessingInitializeOnLoad (217ms)
			ProcessInitializeOnLoadAttributes (493ms)
			ProcessInitializeOnLoadMethodAttributes (81ms)
			AfterProcessingInitializeOnLoad (2ms)
			EditorAssembliesLoaded (1ms)
		ExecutionOrderSort2 (0ms)
		AwakeInstancesAfterBackupRestoration (21ms)
Refreshing native plugins compatible for Editor in 1.87 ms, found 4 plugins.
Preloading 0 native plugins for Editor in 0.00 ms.
Unloading 31 Unused Serialized files (Serialized files now loaded: 0)
Unloading 6724 unused Assets / (8.4 MB). Loaded Objects now: 7999.
Memory consumption went from 220.5 MB to 212.1 MB.
Total: 19.847800 ms (FindLiveObjects: 1.818400 ms CreateObjectMapping: 0.817500 ms MarkObjects: 8.916800 ms  DeleteObjects: 8.291700 ms)

Prepare: number of updated asset objects reloaded= 0
========================================================================
Received Prepare
Begin MonoManager ReloadAssembly
- Loaded All Assemblies, in  0.955 seconds
Refreshing native plugins compatible for Editor in 2.67 ms, found 4 plugins.
Native extension for iOS target not found
Native extension for Android target not found
Native extension for WindowsStandalone target not found
Native extension for WebGL target not found
Mono: successfully reloaded assembly
- Finished resetting the current domain, in  1.157 seconds
Domain Reload Profiling: 2116ms
	BeginReloadAssembly (285ms)
		ExecutionOrderSort (0ms)
		DisableScriptedObjects (24ms)
		BackupInstance (0ms)
		ReleaseScriptingObjects (1ms)
		CreateAndSetChildDomain (92ms)
	RebuildCommonClasses (38ms)
	RebuildNativeTypeToScriptingClass (12ms)
	initialDomainReloadingComplete (27ms)
	LoadAllAssembliesAndSetupDomain (597ms)
		LoadAssemblies (444ms)
		RebuildTransferFunctionScriptingTraits (0ms)
		AnalyzeDomain (258ms)
			TypeCache.Refresh (21ms)
				TypeCache.ScanAssembly (0ms)
			BuildScriptInfoCaches (187ms)
			ResolveRequiredComponents (21ms)
	FinalizeReload (1157ms)
		ReleaseScriptCaches (0ms)
		RebuildScriptCaches (0ms)
		SetupLoadedEditorAssemblies (924ms)
			LogAssemblyErrors (0ms)
			InitializePlatformSupportModulesInManaged (26ms)
			SetLoadedEditorAssemblies (8ms)
			BeforeProcessingInitializeOnLoad (219ms)
			ProcessInitializeOnLoadAttributes (591ms)
			ProcessInitializeOnLoadMethodAttributes (77ms)
			AfterProcessingInitializeOnLoad (2ms)
			EditorAssembliesLoaded (1ms)
		ExecutionOrderSort2 (0ms)
		AwakeInstancesAfterBackupRestoration (21ms)
Refreshing native plugins compatible for Editor in 2.01 ms, found 4 plugins.
Preloading 0 native plugins for Editor in 0.00 ms.
Unloading 31 Unused Serialized files (Serialized files now loaded: 0)
Unloading 6724 unused Assets / (6.9 MB). Loaded Objects now: 8001.
Memory consumption went from 222.3 MB to 215.4 MB.
Total: 17.775600 ms (FindLiveObjects: 1.116300 ms CreateObjectMapping: 1.704100 ms MarkObjects: 8.322100 ms  DeleteObjects: 6.630700 ms)

Prepare: number of updated asset objects reloaded= 0
========================================================================
Received Prepare
Refreshing native plugins compatible for Editor in 2.74 ms, found 4 plugins.
Preloading 0 native plugins for Editor in 0.00 ms.
Unloading 31 Unused Serialized files (Serialized files now loaded: 0)
Unloading 6713 unused Assets / (7.7 MB). Loaded Objects now: 8001.
Memory consumption went from 224.4 MB to 216.7 MB.
Total: 266.119100 ms (FindLiveObjects: 6.068800 ms CreateObjectMapping: 1.027500 ms MarkObjects: 251.842300 ms  DeleteObjects: 7.177400 ms)

Prepare: number of updated asset objects reloaded= 0
========================================================================
Received Prepare
Begin MonoManager ReloadAssembly
- Loaded All Assemblies, in  6.498 seconds
Refreshing native plugins compatible for Editor in 1.32 ms, found 4 plugins.
Native extension for iOS target not found
Native extension for Android target not found
Native extension for WindowsStandalone target not found
Native extension for WebGL target not found
Mono: successfully reloaded assembly
- Finished resetting the current domain, in  1.337 seconds
Domain Reload Profiling: 7877ms
	BeginReloadAssembly (3887ms)
		ExecutionOrderSort (1ms)
		DisableScriptedObjects (469ms)
		BackupInstance (0ms)
		ReleaseScriptingObjects (5ms)
		CreateAndSetChildDomain (1395ms)
	RebuildCommonClasses (83ms)
	RebuildNativeTypeToScriptingClass (14ms)
	initialDomainReloadingComplete (85ms)
	LoadAllAssembliesAndSetupDomain (2470ms)
		LoadAssemblies (2535ms)
		RebuildTransferFunctionScriptingTraits (0ms)
		AnalyzeDomain (796ms)
			TypeCache.Refresh (87ms)
				TypeCache.ScanAssembly (1ms)
			BuildScriptInfoCaches (561ms)
			ResolveRequiredComponents (55ms)
	FinalizeReload (1338ms)
		ReleaseScriptCaches (0ms)
		RebuildScriptCaches (0ms)
		SetupLoadedEditorAssemblies (1077ms)
			LogAssemblyErrors (0ms)
			InitializePlatformSupportModulesInManaged (17ms)
			SetLoadedEditorAssemblies (7ms)
			BeforeProcessingInitializeOnLoad (279ms)
			ProcessInitializeOnLoadAttributes (635ms)
			ProcessInitializeOnLoadMethodAttributes (133ms)
			AfterProcessingInitializeOnLoad (3ms)
			EditorAssembliesLoaded (2ms)
		ExecutionOrderSort2 (0ms)
		AwakeInstancesAfterBackupRestoration (38ms)
Refreshing native plugins compatible for Editor in 3.58 ms, found 4 plugins.
Preloading 0 native plugins for Editor in 0.00 ms.
Unloading 31 Unused Serialized files (Serialized files now loaded: 0)
Unloading 6724 unused Assets / (9.3 MB). Loaded Objects now: 8003.
Memory consumption went from 224.3 MB to 215.0 MB.
Total: 32.078900 ms (FindLiveObjects: 2.060700 ms CreateObjectMapping: 1.448900 ms MarkObjects: 14.428600 ms  DeleteObjects: 13.948400 ms)

Prepare: number of updated asset objects reloaded= 0
========================================================================
Received Prepare
Refreshing native plugins compatible for Editor in 2.53 ms, found 4 plugins.
Preloading 0 native plugins for Editor in 0.00 ms.
Unloading 31 Unused Serialized files (Serialized files now loaded: 0)
Unloading 6713 unused Assets / (9.6 MB). Loaded Objects now: 8003.
Memory consumption went from 226.3 MB to 216.7 MB.
Total: 20.232500 ms (FindLiveObjects: 1.038400 ms CreateObjectMapping: 1.911400 ms MarkObjects: 6.650800 ms  DeleteObjects: 10.630600 ms)

Prepare: number of updated asset objects reloaded= 0
========================================================================
Received Prepare
Begin MonoManager ReloadAssembly
- Loaded All Assemblies, in  5.366 seconds
Refreshing native plugins compatible for Editor in 2.53 ms, found 4 plugins.
Native extension for iOS target not found
Native extension for Android target not found
Native extension for WindowsStandalone target not found
Native extension for WebGL target not found
Mono: successfully reloaded assembly
- Finished resetting the current domain, in  1.533 seconds
Domain Reload Profiling: 6968ms
	BeginReloadAssembly (1533ms)
		ExecutionOrderSort (1ms)
		DisableScriptedObjects (213ms)
		BackupInstance (0ms)
		ReleaseScriptingObjects (4ms)
		CreateAndSetChildDomain (598ms)
	RebuildCommonClasses (78ms)
	RebuildNativeTypeToScriptingClass (15ms)
	initialDomainReloadingComplete (76ms)
	LoadAllAssembliesAndSetupDomain (3719ms)
		LoadAssemblies (2584ms)
		RebuildTransferFunctionScriptingTraits (0ms)
		AnalyzeDomain (1503ms)
			TypeCache.Refresh (79ms)
				TypeCache.ScanAssembly (2ms)
			BuildScriptInfoCaches (1305ms)
			ResolveRequiredComponents (42ms)
	FinalizeReload (1547ms)
		ReleaseScriptCaches (0ms)
		RebuildScriptCaches (0ms)
		SetupLoadedEditorAssemblies (1198ms)
			LogAssemblyErrors (0ms)
			InitializePlatformSupportModulesInManaged (22ms)
			SetLoadedEditorAssemblies (8ms)
			BeforeProcessingInitializeOnLoad (228ms)
			ProcessInitializeOnLoadAttributes (527ms)
			ProcessInitializeOnLoadMethodAttributes (362ms)
			AfterProcessingInitializeOnLoad (2ms)
			EditorAssembliesLoaded (49ms)
		ExecutionOrderSort2 (0ms)
		AwakeInstancesAfterBackupRestoration (40ms)
Refreshing native plugins compatible for Editor in 1.81 ms, found 4 plugins.
Preloading 0 native plugins for Editor in 0.00 ms.
Unloading 31 Unused Serialized files (Serialized files now loaded: 0)
Unloading 6724 unused Assets / (6.4 MB). Loaded Objects now: 8005.
Memory consumption went from 228.1 MB to 221.7 MB.
Total: 13.939200 ms (FindLiveObjects: 1.063400 ms CreateObjectMapping: 1.051800 ms MarkObjects: 7.217100 ms  DeleteObjects: 4.604500 ms)

Prepare: number of updated asset objects reloaded= 0
========================================================================
Received Prepare
Begin MonoManager ReloadAssembly
- Loaded All Assemblies, in  3.785 seconds
Refreshing native plugins compatible for Editor in 3.01 ms, found 4 plugins.
Native extension for iOS target not found
Native extension for Android target not found
Native extension for WindowsStandalone target not found
Native extension for WebGL target not found
Mono: successfully reloaded assembly
- Finished resetting the current domain, in  1.122 seconds
Domain Reload Profiling: 4923ms
	BeginReloadAssembly (2059ms)
		ExecutionOrderSort (2ms)
		DisableScriptedObjects (279ms)
		BackupInstance (0ms)
		ReleaseScriptingObjects (4ms)
		CreateAndSetChildDomain (1208ms)
	RebuildCommonClasses (54ms)
	RebuildNativeTypeToScriptingClass (13ms)
	initialDomainReloadingComplete (54ms)
	LoadAllAssembliesAndSetupDomain (1619ms)
		LoadAssemblies (1162ms)
		RebuildTransferFunctionScriptingTraits (0ms)
		AnalyzeDomain (704ms)
			TypeCache.Refresh (44ms)
				TypeCache.ScanAssembly (1ms)
			BuildScriptInfoCaches (473ms)
			ResolveRequiredComponents (22ms)
	FinalizeReload (1123ms)
		ReleaseScriptCaches (0ms)
		RebuildScriptCaches (0ms)
		SetupLoadedEditorAssemblies (912ms)
			LogAssemblyErrors (0ms)
			InitializePlatformSupportModulesInManaged (17ms)
			SetLoadedEditorAssemblies (7ms)
			BeforeProcessingInitializeOnLoad (238ms)
			ProcessInitializeOnLoadAttributes (539ms)
			ProcessInitializeOnLoadMethodAttributes (107ms)
			AfterProcessingInitializeOnLoad (2ms)
			EditorAssembliesLoaded (2ms)
		ExecutionOrderSort2 (0ms)
		AwakeInstancesAfterBackupRestoration (25ms)
Refreshing native plugins compatible for Editor in 1.47 ms, found 4 plugins.
Preloading 0 native plugins for Editor in 0.00 ms.
Unloading 31 Unused Serialized files (Serialized files now loaded: 0)
Unloading 6724 unused Assets / (7.2 MB). Loaded Objects now: 8007.
Memory consumption went from 230.0 MB to 222.8 MB.
Total: 14.392800 ms (FindLiveObjects: 1.339200 ms CreateObjectMapping: 0.909800 ms MarkObjects: 7.403100 ms  DeleteObjects: 4.738700 ms)

Prepare: number of updated asset objects reloaded= 0
========================================================================
Received Prepare
Refreshing native plugins compatible for Editor in 2.49 ms, found 4 plugins.
Preloading 0 native plugins for Editor in 0.00 ms.
Unloading 31 Unused Serialized files (Serialized files now loaded: 0)
Unloading 6713 unused Assets / (7.5 MB). Loaded Objects now: 8007.
Memory consumption went from 232.1 MB to 224.6 MB.
Total: 174.692200 ms (FindLiveObjects: 2.666700 ms CreateObjectMapping: 1.007500 ms MarkObjects: 163.090500 ms  DeleteObjects: 7.924300 ms)

Prepare: number of updated asset objects reloaded= 0
========================================================================
Received Prepare
Begin MonoManager ReloadAssembly
- Loaded All Assemblies, in  4.334 seconds
Refreshing native plugins compatible for Editor in 3.31 ms, found 4 plugins.
Native extension for iOS target not found
Native extension for Android target not found
Native extension for WindowsStandalone target not found
Native extension for WebGL target not found
Mono: successfully reloaded assembly
- Finished resetting the current domain, in  1.558 seconds
Domain Reload Profiling: 5899ms
	BeginReloadAssembly (1860ms)
		ExecutionOrderSort (2ms)
		DisableScriptedObjects (371ms)
		BackupInstance (0ms)
		ReleaseScriptingObjects (4ms)
		CreateAndSetChildDomain (851ms)
	RebuildCommonClasses (171ms)
	RebuildNativeTypeToScriptingClass (14ms)
	initialDomainReloadingComplete (295ms)
	LoadAllAssembliesAndSetupDomain (1998ms)
		LoadAssemblies (1953ms)
		RebuildTransferFunctionScriptingTraits (0ms)
		AnalyzeDomain (403ms)
			TypeCache.Refresh (49ms)
				TypeCache.ScanAssembly (1ms)
			BuildScriptInfoCaches (299ms)
			ResolveRequiredComponents (16ms)
	FinalizeReload (1560ms)
		ReleaseScriptCaches (0ms)
		RebuildScriptCaches (0ms)
		SetupLoadedEditorAssemblies (1272ms)
			LogAssemblyErrors (0ms)
			InitializePlatformSupportModulesInManaged (26ms)
			SetLoadedEditorAssemblies (10ms)
			BeforeProcessingInitializeOnLoad (293ms)
			ProcessInitializeOnLoadAttributes (824ms)
			ProcessInitializeOnLoadMethodAttributes (115ms)
			AfterProcessingInitializeOnLoad (3ms)
			EditorAssembliesLoaded (1ms)
		ExecutionOrderSort2 (0ms)
		AwakeInstancesAfterBackupRestoration (27ms)
Refreshing native plugins compatible for Editor in 1.46 ms, found 4 plugins.
Preloading 0 native plugins for Editor in 0.00 ms.
Unloading 31 Unused Serialized files (Serialized files now loaded: 0)
Unloading 6724 unused Assets / (6.8 MB). Loaded Objects now: 8009.
Memory consumption went from 233.8 MB to 227.0 MB.
Total: 28.701200 ms (FindLiveObjects: 1.373300 ms CreateObjectMapping: 0.978100 ms MarkObjects: 19.422100 ms  DeleteObjects: 6.924700 ms)

Prepare: number of updated asset objects reloaded= 0
========================================================================
Received Prepare
Begin MonoManager ReloadAssembly
- Loaded All Assemblies, in  1.739 seconds
Refreshing native plugins compatible for Editor in 2.90 ms, found 4 plugins.
Native extension for iOS target not found
Native extension for Android target not found
Native extension for WindowsStandalone target not found
Native extension for WebGL target not found
Mono: successfully reloaded assembly
- Finished resetting the current domain, in  1.233 seconds
Domain Reload Profiling: 2978ms
	BeginReloadAssembly (518ms)
		ExecutionOrderSort (0ms)
		DisableScriptedObjects (33ms)
		BackupInstance (0ms)
		ReleaseScriptingObjects (1ms)
		CreateAndSetChildDomain (130ms)
	RebuildCommonClasses (59ms)
	RebuildNativeTypeToScriptingClass (13ms)
	initialDomainReloadingComplete (65ms)
	LoadAllAssembliesAndSetupDomain (1088ms)
		LoadAssemblies (1066ms)
		RebuildTransferFunctionScriptingTraits (0ms)
		AnalyzeDomain (288ms)
			TypeCache.Refresh (25ms)
				TypeCache.ScanAssembly (0ms)
			BuildScriptInfoCaches (216ms)
			ResolveRequiredComponents (13ms)
	FinalizeReload (1235ms)
		ReleaseScriptCaches (0ms)
		RebuildScriptCaches (0ms)
		SetupLoadedEditorAssemblies (992ms)
			LogAssemblyErrors (0ms)
			InitializePlatformSupportModulesInManaged (19ms)
			SetLoadedEditorAssemblies (8ms)
			BeforeProcessingInitializeOnLoad (212ms)
			ProcessInitializeOnLoadAttributes (616ms)
			ProcessInitializeOnLoadMethodAttributes (131ms)
			AfterProcessingInitializeOnLoad (2ms)
			EditorAssembliesLoaded (4ms)
		ExecutionOrderSort2 (0ms)
		AwakeInstancesAfterBackupRestoration (39ms)
Refreshing native plugins compatible for Editor in 2.43 ms, found 4 plugins.
Preloading 0 native plugins for Editor in 0.00 ms.
Unloading 31 Unused Serialized files (Serialized files now loaded: 0)
Unloading 6724 unused Assets / (7.4 MB). Loaded Objects now: 8011.
Memory consumption went from 235.7 MB to 228.3 MB.
Total: 19.313400 ms (FindLiveObjects: 2.533700 ms CreateObjectMapping: 0.915500 ms MarkObjects: 7.989500 ms  DeleteObjects: 7.872600 ms)

Prepare: number of updated asset objects reloaded= 0
========================================================================
Received Prepare
Refreshing native plugins compatible for Editor in 2.87 ms, found 4 plugins.
Preloading 0 native plugins for Editor in 0.00 ms.
Unloading 31 Unused Serialized files (Serialized files now loaded: 0)
Unloading 6713 unused Assets / (7.5 MB). Loaded Objects now: 8011.
Memory consumption went from 237.7 MB to 230.2 MB.
Total: 345.672500 ms (FindLiveObjects: 8.864800 ms CreateObjectMapping: 1.357700 ms MarkObjects: 328.060700 ms  DeleteObjects: 7.386200 ms)

Prepare: number of updated asset objects reloaded= 0
========================================================================
Received Prepare
Begin MonoManager ReloadAssembly
- Loaded All Assemblies, in  5.139 seconds
Refreshing native plugins compatible for Editor in 3.05 ms, found 4 plugins.
Native extension for iOS target not found
Native extension for Android target not found
Native extension for WindowsStandalone target not found
Native extension for WebGL target not found
Mono: successfully reloaded assembly
- Finished resetting the current domain, in  1.421 seconds
Domain Reload Profiling: 6572ms
	BeginReloadAssembly (1814ms)
		ExecutionOrderSort (1ms)
		DisableScriptedObjects (212ms)
		BackupInstance (0ms)
		ReleaseScriptingObjects (9ms)
		CreateAndSetChildDomain (620ms)
	RebuildCommonClasses (107ms)
	RebuildNativeTypeToScriptingClass (14ms)
	initialDomainReloadingComplete (117ms)
	LoadAllAssembliesAndSetupDomain (3098ms)
		LoadAssemblies (2609ms)
		RebuildTransferFunctionScriptingTraits (0ms)
		AnalyzeDomain (955ms)
			TypeCache.Refresh (76ms)
				TypeCache.ScanAssembly (1ms)
			BuildScriptInfoCaches (773ms)
			ResolveRequiredComponents (22ms)
	FinalizeReload (1423ms)
		ReleaseScriptCaches (0ms)
		RebuildScriptCaches (0ms)
		SetupLoadedEditorAssemblies (1170ms)
			LogAssemblyErrors (0ms)
			InitializePlatformSupportModulesInManaged (18ms)
			SetLoadedEditorAssemblies (8ms)
			BeforeProcessingInitializeOnLoad (318ms)
			ProcessInitializeOnLoadAttributes (717ms)
			ProcessInitializeOnLoadMethodAttributes (105ms)
			AfterProcessingInitializeOnLoad (3ms)
			EditorAssembliesLoaded (2ms)
		ExecutionOrderSort2 (0ms)
		AwakeInstancesAfterBackupRestoration (48ms)
Refreshing native plugins compatible for Editor in 1.63 ms, found 4 plugins.
Preloading 0 native plugins for Editor in 0.00 ms.
Unloading 31 Unused Serialized files (Serialized files now loaded: 0)
Unloading 6724 unused Assets / (6.9 MB). Loaded Objects now: 8013.
Memory consumption went from 239.6 MB to 232.6 MB.
Total: 16.917500 ms (FindLiveObjects: 1.199900 ms CreateObjectMapping: 1.254500 ms MarkObjects: 8.124900 ms  DeleteObjects: 6.334800 ms)

Prepare: number of updated asset objects reloaded= 0
========================================================================
Received Prepare
Refreshing native plugins compatible for Editor in 2.24 ms, found 4 plugins.
Preloading 0 native plugins for Editor in 0.00 ms.
Unloading 31 Unused Serialized files (Serialized files now loaded: 0)
Unloading 6713 unused Assets / (7.1 MB). Loaded Objects now: 8013.
Memory consumption went from 241.6 MB to 234.5 MB.
Total: 390.974500 ms (FindLiveObjects: 5.763200 ms CreateObjectMapping: 1.212700 ms MarkObjects: 376.456700 ms  DeleteObjects: 7.538400 ms)

Prepare: number of updated asset objects reloaded= 0
========================================================================
Received Prepare
Begin MonoManager ReloadAssembly
- Loaded All Assemblies, in  6.565 seconds
Refreshing native plugins compatible for Editor in 1.35 ms, found 4 plugins.
Native extension for iOS target not found
Native extension for Android target not found
Native extension for WindowsStandalone target not found
Native extension for WebGL target not found
Mono: successfully reloaded assembly
- Finished resetting the current domain, in  2.268 seconds
Domain Reload Profiling: 8841ms
	BeginReloadAssembly (2201ms)
		ExecutionOrderSort (2ms)
		DisableScriptedObjects (319ms)
		BackupInstance (0ms)
		ReleaseScriptingObjects (3ms)
		CreateAndSetChildDomain (822ms)
	RebuildCommonClasses (60ms)
	RebuildNativeTypeToScriptingClass (13ms)
	initialDomainReloadingComplete (79ms)
	LoadAllAssembliesAndSetupDomain (4219ms)
		LoadAssemblies (4362ms)
		RebuildTransferFunctionScriptingTraits (0ms)
		AnalyzeDomain (605ms)
			TypeCache.Refresh (85ms)
				TypeCache.ScanAssembly (3ms)
			BuildScriptInfoCaches (461ms)
			ResolveRequiredComponents (19ms)
	FinalizeReload (2269ms)
		ReleaseScriptCaches (0ms)
		RebuildScriptCaches (0ms)
		SetupLoadedEditorAssemblies (2049ms)
			LogAssemblyErrors (0ms)
			InitializePlatformSupportModulesInManaged (16ms)
			SetLoadedEditorAssemblies (8ms)
			BeforeProcessingInitializeOnLoad (265ms)
			ProcessInitializeOnLoadAttributes (1676ms)
			ProcessInitializeOnLoadMethodAttributes (82ms)
			AfterProcessingInitializeOnLoad (2ms)
			EditorAssembliesLoaded (1ms)
		ExecutionOrderSort2 (0ms)
		AwakeInstancesAfterBackupRestoration (21ms)
Refreshing native plugins compatible for Editor in 2.11 ms, found 4 plugins.
Preloading 0 native plugins for Editor in 0.00 ms.
Unloading 31 Unused Serialized files (Serialized files now loaded: 0)
Unloading 6724 unused Assets / (7.0 MB). Loaded Objects now: 8015.
Memory consumption went from 243.4 MB to 236.4 MB.
Total: 15.656600 ms (FindLiveObjects: 1.076800 ms CreateObjectMapping: 1.058900 ms MarkObjects: 7.832000 ms  DeleteObjects: 5.686600 ms)

Prepare: number of updated asset objects reloaded= 0
========================================================================
Received Prepare
Begin MonoManager ReloadAssembly
- Loaded All Assemblies, in  3.745 seconds
Refreshing native plugins compatible for Editor in 8.98 ms, found 4 plugins.
Native extension for iOS target not found
Native extension for Android target not found
Native extension for WindowsStandalone target not found
Native extension for WebGL target not found
Mono: successfully reloaded assembly
- Finished resetting the current domain, in  1.525 seconds
Domain Reload Profiling: 5304ms
	BeginReloadAssembly (1735ms)
		ExecutionOrderSort (1ms)
		DisableScriptedObjects (215ms)
		BackupInstance (0ms)
		ReleaseScriptingObjects (4ms)
		CreateAndSetChildDomain (912ms)
	RebuildCommonClasses (45ms)
	RebuildNativeTypeToScriptingClass (12ms)
	initialDomainReloadingComplete (49ms)
	LoadAllAssembliesAndSetupDomain (1937ms)
		LoadAssemblies (1480ms)
		RebuildTransferFunctionScriptingTraits (0ms)
		AnalyzeDomain (698ms)
			TypeCache.Refresh (39ms)
				TypeCache.ScanAssembly (0ms)
			BuildScriptInfoCaches (564ms)
			ResolveRequiredComponents (20ms)
	FinalizeReload (1527ms)
		ReleaseScriptCaches (0ms)
		RebuildScriptCaches (0ms)
		SetupLoadedEditorAssemblies (1191ms)
			LogAssemblyErrors (0ms)
			InitializePlatformSupportModulesInManaged (54ms)
			SetLoadedEditorAssemblies (11ms)
			BeforeProcessingInitializeOnLoad (315ms)
			ProcessInitializeOnLoadAttributes (669ms)
			ProcessInitializeOnLoadMethodAttributes (138ms)
			AfterProcessingInitializeOnLoad (2ms)
			EditorAssembliesLoaded (1ms)
		ExecutionOrderSort2 (0ms)
		AwakeInstancesAfterBackupRestoration (38ms)
Refreshing native plugins compatible for Editor in 2.68 ms, found 4 plugins.
Preloading 0 native plugins for Editor in 0.00 ms.
Unloading 31 Unused Serialized files (Serialized files now loaded: 0)
Unloading 6724 unused Assets / (6.9 MB). Loaded Objects now: 8017.
Memory consumption went from 245.3 MB to 238.4 MB.
Total: 15.952300 ms (FindLiveObjects: 1.376900 ms CreateObjectMapping: 0.955600 ms MarkObjects: 7.219800 ms  DeleteObjects: 6.397400 ms)

Prepare: number of updated asset objects reloaded= 0
========================================================================
Received Prepare
Begin MonoManager ReloadAssembly
- Loaded All Assemblies, in  3.544 seconds
Refreshing native plugins compatible for Editor in 3.34 ms, found 4 plugins.
Native extension for iOS target not found
Native extension for Android target not found
Native extension for WindowsStandalone target not found
Native extension for WebGL target not found
Mono: successfully reloaded assembly
- Finished resetting the current domain, in  1.230 seconds
Domain Reload Profiling: 4803ms
	BeginReloadAssembly (1181ms)
		ExecutionOrderSort (1ms)
		DisableScriptedObjects (136ms)
		BackupInstance (0ms)
		ReleaseScriptingObjects (3ms)
		CreateAndSetChildDomain (396ms)
	RebuildCommonClasses (128ms)
	RebuildNativeTypeToScriptingClass (14ms)
	initialDomainReloadingComplete (120ms)
	LoadAllAssembliesAndSetupDomain (2127ms)
		LoadAssemblies (1679ms)
		RebuildTransferFunctionScriptingTraits (0ms)
		AnalyzeDomain (725ms)
			TypeCache.Refresh (47ms)
				TypeCache.ScanAssembly (0ms)
			BuildScriptInfoCaches (596ms)
			ResolveRequiredComponents (19ms)
	FinalizeReload (1232ms)
		ReleaseScriptCaches (0ms)
		RebuildScriptCaches (0ms)
		SetupLoadedEditorAssemblies (927ms)
			LogAssemblyErrors (0ms)
			InitializePlatformSupportModulesInManaged (58ms)
			SetLoadedEditorAssemblies (10ms)
			BeforeProcessingInitializeOnLoad (267ms)
			ProcessInitializeOnLoadAttributes (503ms)
			ProcessInitializeOnLoadMethodAttributes (85ms)
			AfterProcessingInitializeOnLoad (2ms)
			EditorAssembliesLoaded (1ms)
		ExecutionOrderSort2 (0ms)
		AwakeInstancesAfterBackupRestoration (25ms)
Refreshing native plugins compatible for Editor in 1.76 ms, found 4 plugins.
Preloading 0 native plugins for Editor in 0.00 ms.
Unloading 31 Unused Serialized files (Serialized files now loaded: 0)
Unloading 6724 unused Assets / (8.1 MB). Loaded Objects now: 8019.
Memory consumption went from 247.2 MB to 239.1 MB.
Total: 22.027600 ms (FindLiveObjects: 2.121800 ms CreateObjectMapping: 1.088700 ms MarkObjects: 10.073500 ms  DeleteObjects: 8.741100 ms)

Prepare: number of updated asset objects reloaded= 0
========================================================================
Received Import Request.
  Time since last request: 3765.719980 seconds.
  path: Assets/Scenes/GameScene.unity
  artifactKey: Guid(8c9cfa26abfee488c85f1582747f6a02) Importer(815301076,1909f56bfc062723c751e8b465ee728b)
Start importing Assets/Scenes/GameScene.unity using Guid(8c9cfa26abfee488c85f1582747f6a02) Importer(815301076,1909f56bfc062723c751e8b465ee728b) (PreviewImporter) -> (artifact id: 'bc9c6554ae827648d5b5fcec88840e90') in 0.8442341 seconds
Number of updated asset objects reloaded before import = 0Number of asset objects unloaded after import = 0

========================================================================
Received Import Request.
  Time since last request: 64.412699 seconds.
  path: Assets/Prefabs/Boss.prefab
  artifactKey: Guid(7411950ed9b13b44c9469c39a1069770) Importer(815301076,1909f56bfc062723c751e8b465ee728b)
Start importing Assets/Prefabs/Boss.prefab using Guid(7411950ed9b13b44c9469c39a1069770) Importer(815301076,1909f56bfc062723c751e8b465ee728b) (PreviewImporter) -> (artifact id: '43f41e8694fa205c11fe672537531ada') in 2.3016842 seconds
Number of updated asset objects reloaded before import = 0Number of asset objects unloaded after import = 77

========================================================================
Received Import Request.
  Time since last request: 0.000507 seconds.
  path: Assets/Prefabs/MiniBoss.prefab
  artifactKey: Guid(1e1412dfb7aa15044a1f108a0b2667a8) Importer(815301076,1909f56bfc062723c751e8b465ee728b)
Start importing Assets/Prefabs/MiniBoss.prefab using Guid(1e1412dfb7aa15044a1f108a0b2667a8) Importer(815301076,1909f56bfc062723c751e8b465ee728b) (PreviewImporter) -> (artifact id: 'a724041078e8f948ae21457ef24d9a9b') in 0.0652133 seconds
Number of updated asset objects reloaded before import = 0Number of asset objects unloaded after import = 114

========================================================================
Received Import Request.
  Time since last request: 0.000046 seconds.
  path: Assets/Prefabs/Player.prefab
  artifactKey: Guid(af412cc9c65c2564ba4ded3ef5b03e74) Importer(815301076,1909f56bfc062723c751e8b465ee728b)
Start importing Assets/Prefabs/Player.prefab using Guid(af412cc9c65c2564ba4ded3ef5b03e74) Importer(815301076,1909f56bfc062723c751e8b465ee728b) (PreviewImporter) -> (artifact id: '279478f9248d3f08ff5e51ac54fbd33f') in 0.0308156 seconds
Number of updated asset objects reloaded before import = 0Number of asset objects unloaded after import = 32

========================================================================
Received Import Request.
  Time since last request: 17.649367 seconds.
  path: Assets/Prefabs/MiniBoss.prefab
  artifactKey: Guid(1e1412dfb7aa15044a1f108a0b2667a8) Importer(815301076,1909f56bfc062723c751e8b465ee728b)
Start importing Assets/Prefabs/MiniBoss.prefab using Guid(1e1412dfb7aa15044a1f108a0b2667a8) Importer(815301076,1909f56bfc062723c751e8b465ee728b) (PreviewImporter) -> (artifact id: 'b2496887e97bcbdec3162e281056f064') in 0.0376876 seconds
Number of updated asset objects reloaded before import = 0Number of asset objects unloaded after import = 114

========================================================================
Received Import Request.
  Time since last request: 43.579129 seconds.
  path: Assets/Audio/Enemy died.wav
  artifactKey: Guid(3c9c4ee1e956c9344b1b55203fc676a4) Importer(815301076,1909f56bfc062723c751e8b465ee728b)
Start importing Assets/Audio/Enemy died.wav using Guid(3c9c4ee1e956c9344b1b55203fc676a4) Importer(815301076,1909f56bfc062723c751e8b465ee728b) (PreviewImporter) -> (artifact id: 'c128f7d181f02992a005d137e2568bd2') in 0.0915345 seconds
Number of updated asset objects reloaded before import = 0Number of asset objects unloaded after import = 2

========================================================================
Received Import Request.
  Time since last request: 10.442756 seconds.
  path: Assets/Prefabs/Enemy.prefab
  artifactKey: Guid(0f7a31712e2bde943a196ac63921bd20) Importer(815301076,1909f56bfc062723c751e8b465ee728b)
Start importing Assets/Prefabs/Enemy.prefab using Guid(0f7a31712e2bde943a196ac63921bd20) Importer(815301076,1909f56bfc062723c751e8b465ee728b) (PreviewImporter) -> (artifact id: 'b737c55bdec27ee225e0863c3657a461') in 0.0476559 seconds
Number of updated asset objects reloaded before import = 0Number of asset objects unloaded after import = 45

========================================================================
Received Import Request.
  Time since last request: 20.248718 seconds.
  path: Assets/Audio/miniboss died.wav
  artifactKey: Guid(f17ce9deb4ed9244d8cb01c636c624f7) Importer(815301076,1909f56bfc062723c751e8b465ee728b)
Start importing Assets/Audio/miniboss died.wav using Guid(f17ce9deb4ed9244d8cb01c636c624f7) Importer(815301076,1909f56bfc062723c751e8b465ee728b) (PreviewImporter) -> (artifact id: 'b64702e69278805bc27c516db680614b') in 0.0128587 seconds
Number of updated asset objects reloaded before import = 0Number of asset objects unloaded after import = 2

========================================================================
Received Import Request.
  Time since last request: 6.831727 seconds.
  path: Assets/Prefabs/MiniBoss.prefab
  artifactKey: Guid(1e1412dfb7aa15044a1f108a0b2667a8) Importer(815301076,1909f56bfc062723c751e8b465ee728b)
Start importing Assets/Prefabs/MiniBoss.prefab using Guid(1e1412dfb7aa15044a1f108a0b2667a8) Importer(815301076,1909f56bfc062723c751e8b465ee728b) (PreviewImporter) -> (artifact id: '4a3a67e741cd18461ecb9717ea625a75') in 0.0677324 seconds
Number of updated asset objects reloaded before import = 0Number of asset objects unloaded after import = 114

========================================================================
Received Prepare
Begin MonoManager ReloadAssembly
- Loaded All Assemblies, in  4.892 seconds
Refreshing native plugins compatible for Editor in 3.12 ms, found 4 plugins.
Native extension for iOS target not found
Native extension for Android target not found
Native extension for WindowsStandalone target not found
Native extension for WebGL target not found
Mono: successfully reloaded assembly
- Finished resetting the current domain, in  1.053 seconds
Domain Reload Profiling: 5986ms
	BeginReloadAssembly (1963ms)
		ExecutionOrderSort (2ms)
		DisableScriptedObjects (369ms)
		BackupInstance (0ms)
		ReleaseScriptingObjects (4ms)
		CreateAndSetChildDomain (807ms)
	RebuildCommonClasses (77ms)
	RebuildNativeTypeToScriptingClass (13ms)
	initialDomainReloadingComplete (58ms)
	LoadAllAssembliesAndSetupDomain (2821ms)
		LoadAssemblies (2228ms)
		RebuildTransferFunctionScriptingTraits (0ms)
		AnalyzeDomain (965ms)
			TypeCache.Refresh (47ms)
				TypeCache.ScanAssembly (0ms)
			BuildScriptInfoCaches (845ms)
			ResolveRequiredComponents (18ms)
	FinalizeReload (1054ms)
		ReleaseScriptCaches (0ms)
		RebuildScriptCaches (0ms)
		SetupLoadedEditorAssemblies (834ms)
			LogAssemblyErrors (0ms)
			InitializePlatformSupportModulesInManaged (19ms)
			SetLoadedEditorAssemblies (7ms)
			BeforeProcessingInitializeOnLoad (205ms)
			ProcessInitializeOnLoadAttributes (516ms)
			ProcessInitializeOnLoadMethodAttributes (83ms)
			AfterProcessingInitializeOnLoad (2ms)
			EditorAssembliesLoaded (2ms)
		ExecutionOrderSort2 (0ms)
		AwakeInstancesAfterBackupRestoration (25ms)
Refreshing native plugins compatible for Editor in 1.95 ms, found 4 plugins.
Preloading 0 native plugins for Editor in 0.00 ms.
Unloading 31 Unused Serialized files (Serialized files now loaded: 0)
Unloading 6730 unused Assets / (9.6 MB). Loaded Objects now: 8043.
Memory consumption went from 185.6 MB to 176.0 MB.
Total: 21.533100 ms (FindLiveObjects: 1.344000 ms CreateObjectMapping: 1.171500 ms MarkObjects: 9.114200 ms  DeleteObjects: 9.901400 ms)

Prepare: number of updated asset objects reloaded= 0
========================================================================
Received Import Request.
  Time since last request: 172.466156 seconds.
  path: Assets/Prefabs/Boss.prefab
  artifactKey: Guid(7411950ed9b13b44c9469c39a1069770) Importer(815301076,1909f56bfc062723c751e8b465ee728b)
Start importing Assets/Prefabs/Boss.prefab using Guid(7411950ed9b13b44c9469c39a1069770) Importer(815301076,1909f56bfc062723c751e8b465ee728b) (PreviewImporter) -> (artifact id: '05cec1f51cbaf0f3b67063ffa1c024ba') in 0.9957278 seconds
Number of updated asset objects reloaded before import = 0Number of asset objects unloaded after import = 78

========================================================================
Received Import Request.
  Time since last request: 37.755803 seconds.
  path: Assets/Scenes/MainMenu.unity
  artifactKey: Guid(fe61ea83af75638498ccb16ae70f8acb) Importer(815301076,1909f56bfc062723c751e8b465ee728b)
Start importing Assets/Scenes/MainMenu.unity using Guid(fe61ea83af75638498ccb16ae70f8acb) Importer(815301076,1909f56bfc062723c751e8b465ee728b) (PreviewImporter) -> (artifact id: '2c3b431296a7da970183f47a04b6f0ba') in 0.0049421 seconds
Number of updated asset objects reloaded before import = 0Number of asset objects unloaded after import = 0

========================================================================
Received Prepare
Begin MonoManager ReloadAssembly
- Loaded All Assemblies, in  4.269 seconds
Refreshing native plugins compatible for Editor in 6.23 ms, found 4 plugins.
Native extension for iOS target not found
Native extension for Android target not found
Native extension for WindowsStandalone target not found
Native extension for WebGL target not found
Mono: successfully reloaded assembly
- Finished resetting the current domain, in  1.961 seconds
Domain Reload Profiling: 6251ms
	BeginReloadAssembly (1284ms)
		ExecutionOrderSort (1ms)
		DisableScriptedObjects (207ms)
		BackupInstance (0ms)
		ReleaseScriptingObjects (4ms)
		CreateAndSetChildDomain (520ms)
	RebuildCommonClasses (61ms)
	RebuildNativeTypeToScriptingClass (12ms)
	initialDomainReloadingComplete (53ms)
	LoadAllAssembliesAndSetupDomain (2880ms)
		LoadAssemblies (2192ms)
		RebuildTransferFunctionScriptingTraits (0ms)
		AnalyzeDomain (990ms)
			TypeCache.Refresh (78ms)
				TypeCache.ScanAssembly (0ms)
			BuildScriptInfoCaches (805ms)
			ResolveRequiredComponents (29ms)
	FinalizeReload (1962ms)
		ReleaseScriptCaches (0ms)
		RebuildScriptCaches (0ms)
		SetupLoadedEditorAssemblies (1599ms)
			LogAssemblyErrors (0ms)
			InitializePlatformSupportModulesInManaged (40ms)
			SetLoadedEditorAssemblies (13ms)
			BeforeProcessingInitializeOnLoad (352ms)
			ProcessInitializeOnLoadAttributes (1023ms)
			ProcessInitializeOnLoadMethodAttributes (144ms)
			AfterProcessingInitializeOnLoad (8ms)
			EditorAssembliesLoaded (19ms)
		ExecutionOrderSort2 (0ms)
		AwakeInstancesAfterBackupRestoration (36ms)
Refreshing native plugins compatible for Editor in 2.43 ms, found 4 plugins.
Preloading 0 native plugins for Editor in 0.00 ms.
Unloading 31 Unused Serialized files (Serialized files now loaded: 0)
Unloading 6730 unused Assets / (8.3 MB). Loaded Objects now: 8067.
Memory consumption went from 187.2 MB to 178.9 MB.
Total: 15.841200 ms (FindLiveObjects: 1.115200 ms CreateObjectMapping: 1.247700 ms MarkObjects: 6.252400 ms  DeleteObjects: 7.223400 ms)

Prepare: number of updated asset objects reloaded= 0
========================================================================
Received Import Request.
  Time since last request: 494.909912 seconds.
  path: Assets/UISprite/Button/Sliders/Slider_Bar_04.png
  artifactKey: Guid(fc7ae64032761b84fbb82bb17b1e009d) Importer(815301076,1909f56bfc062723c751e8b465ee728b)
Start importing Assets/UISprite/Button/Sliders/Slider_Bar_04.png using Guid(fc7ae64032761b84fbb82bb17b1e009d) Importer(815301076,1909f56bfc062723c751e8b465ee728b) (PreviewImporter) -> (artifact id: 'c40f513eb09e382981c006c1c877fe26') in 1.1234063 seconds
Number of updated asset objects reloaded before import = 0Number of asset objects unloaded after import = 3

========================================================================
Received Import Request.
  Time since last request: 5.548560 seconds.
  path: Assets/UISprite/Button/Sliders/Slider_Up_Down_02.png
  artifactKey: Guid(c6988a4497366b84687fbdbffdf7eb1b) Importer(815301076,1909f56bfc062723c751e8b465ee728b)
Start importing Assets/UISprite/Button/Sliders/Slider_Up_Down_02.png using Guid(c6988a4497366b84687fbdbffdf7eb1b) Importer(815301076,1909f56bfc062723c751e8b465ee728b) (PreviewImporter) -> (artifact id: '450396cd87b099e49df998de37e632f3') in 0.0761632 seconds
Number of updated asset objects reloaded before import = 0Number of asset objects unloaded after import = 3

========================================================================
Received Prepare
Begin MonoManager ReloadAssembly
- Loaded All Assemblies, in  2.926 seconds
Refreshing native plugins compatible for Editor in 4.37 ms, found 4 plugins.
Native extension for iOS target not found
Native extension for Android target not found
Native extension for WindowsStandalone target not found
Native extension for WebGL target not found
Mono: successfully reloaded assembly
- Finished resetting the current domain, in  1.215 seconds
Domain Reload Profiling: 4154ms
	BeginReloadAssembly (991ms)
		ExecutionOrderSort (1ms)
		DisableScriptedObjects (79ms)
		BackupInstance (0ms)
		ReleaseScriptingObjects (16ms)
		CreateAndSetChildDomain (445ms)
	RebuildCommonClasses (55ms)
	RebuildNativeTypeToScriptingClass (12ms)
	initialDomainReloadingComplete (37ms)
	LoadAllAssembliesAndSetupDomain (1842ms)
		LoadAssemblies (1420ms)
		RebuildTransferFunctionScriptingTraits (0ms)
		AnalyzeDomain (661ms)
			TypeCache.Refresh (38ms)
				TypeCache.ScanAssembly (0ms)
			BuildScriptInfoCaches (552ms)
			ResolveRequiredComponents (25ms)
	FinalizeReload (1216ms)
		ReleaseScriptCaches (0ms)
		RebuildScriptCaches (0ms)
		SetupLoadedEditorAssemblies (888ms)
			LogAssemblyErrors (0ms)
			InitializePlatformSupportModulesInManaged (27ms)
			SetLoadedEditorAssemblies (9ms)
			BeforeProcessingInitializeOnLoad (234ms)
			ProcessInitializeOnLoadAttributes (524ms)
			ProcessInitializeOnLoadMethodAttributes (91ms)
			AfterProcessingInitializeOnLoad (2ms)
			EditorAssembliesLoaded (1ms)
		ExecutionOrderSort2 (0ms)
		AwakeInstancesAfterBackupRestoration (25ms)
Refreshing native plugins compatible for Editor in 2.70 ms, found 4 plugins.
Preloading 0 native plugins for Editor in 0.00 ms.
Unloading 31 Unused Serialized files (Serialized files now loaded: 0)
Unloading 6724 unused Assets / (9.2 MB). Loaded Objects now: 8073.
Memory consumption went from 187.1 MB to 177.8 MB.
Total: 17.215300 ms (FindLiveObjects: 1.433900 ms CreateObjectMapping: 0.886900 ms MarkObjects: 7.617400 ms  DeleteObjects: 7.274200 ms)

Prepare: number of updated asset objects reloaded= 0
========================================================================
Received Import Request.
  Time since last request: 162.035591 seconds.
  path: Assets/UISprite/Button/Sliders/Slider_Up_Down_22.png
  artifactKey: Guid(4008f0ef33281f94aa29bc3ad076ccf8) Importer(815301076,1909f56bfc062723c751e8b465ee728b)
Start importing Assets/UISprite/Button/Sliders/Slider_Up_Down_22.png using Guid(4008f0ef33281f94aa29bc3ad076ccf8) Importer(815301076,1909f56bfc062723c751e8b465ee728b) (PreviewImporter) -> (artifact id: 'a441e935073c98a22961ea08895ad238') in 0.7593087 seconds
Number of updated asset objects reloaded before import = 0Number of asset objects unloaded after import = 12

========================================================================
Received Prepare
Begin MonoManager ReloadAssembly
- Loaded All Assemblies, in  3.635 seconds
Refreshing native plugins compatible for Editor in 1.72 ms, found 4 plugins.
Native extension for iOS target not found
Native extension for Android target not found
Native extension for WindowsStandalone target not found
Native extension for WebGL target not found
Mono: successfully reloaded assembly
- Finished resetting the current domain, in  1.210 seconds
Domain Reload Profiling: 4859ms
	BeginReloadAssembly (1285ms)
		ExecutionOrderSort (1ms)
		DisableScriptedObjects (167ms)
		BackupInstance (0ms)
		ReleaseScriptingObjects (4ms)
		CreateAndSetChildDomain (483ms)
	RebuildCommonClasses (51ms)
	RebuildNativeTypeToScriptingClass (16ms)
	initialDomainReloadingComplete (60ms)
	LoadAllAssembliesAndSetupDomain (2237ms)
		LoadAssemblies (1810ms)
		RebuildTransferFunctionScriptingTraits (0ms)
		AnalyzeDomain (707ms)
			TypeCache.Refresh (48ms)
				TypeCache.ScanAssembly (0ms)
			BuildScriptInfoCaches (605ms)
			ResolveRequiredComponents (19ms)
	FinalizeReload (1211ms)
		ReleaseScriptCaches (0ms)
		RebuildScriptCaches (0ms)
		SetupLoadedEditorAssemblies (947ms)
			LogAssemblyErrors (0ms)
			InitializePlatformSupportModulesInManaged (19ms)
			SetLoadedEditorAssemblies (8ms)
			BeforeProcessingInitializeOnLoad (289ms)
			ProcessInitializeOnLoadAttributes (542ms)
			ProcessInitializeOnLoadMethodAttributes (86ms)
			AfterProcessingInitializeOnLoad (2ms)
			EditorAssembliesLoaded (2ms)
		ExecutionOrderSort2 (0ms)
		AwakeInstancesAfterBackupRestoration (26ms)
Refreshing native plugins compatible for Editor in 1.82 ms, found 4 plugins.
Preloading 0 native plugins for Editor in 0.00 ms.
Unloading 31 Unused Serialized files (Serialized files now loaded: 0)
Unloading 6724 unused Assets / (7.6 MB). Loaded Objects now: 8075.
Memory consumption went from 187.1 MB to 179.6 MB.
Total: 14.877200 ms (FindLiveObjects: 0.816600 ms CreateObjectMapping: 0.470300 ms MarkObjects: 7.347500 ms  DeleteObjects: 6.240700 ms)

Prepare: number of updated asset objects reloaded= 0
========================================================================
Received Import Request.
  Time since last request: 308.439371 seconds.
  path: Assets/UISprite/Button/Sliders/Slider_Up_Down_24.png
  artifactKey: Guid(fce5a09bc665df84aafaa0d631d247d7) Importer(815301076,1909f56bfc062723c751e8b465ee728b)
Start importing Assets/UISprite/Button/Sliders/Slider_Up_Down_24.png using Guid(fce5a09bc665df84aafaa0d631d247d7) Importer(815301076,1909f56bfc062723c751e8b465ee728b) (PreviewImporter) -> (artifact id: '169fe0608cfae4b2eb805803bedaedbe') in 0.9461162 seconds
Number of updated asset objects reloaded before import = 0Number of asset objects unloaded after import = 11

========================================================================
Received Prepare
Begin MonoManager ReloadAssembly
- Loaded All Assemblies, in  3.902 seconds
Refreshing native plugins compatible for Editor in 2.56 ms, found 4 plugins.
Native extension for iOS target not found
Native extension for Android target not found
Native extension for WindowsStandalone target not found
Native extension for WebGL target not found
Mono: successfully reloaded assembly
- Finished resetting the current domain, in  1.264 seconds
Domain Reload Profiling: 5176ms
	BeginReloadAssembly (1167ms)
		ExecutionOrderSort (1ms)
		DisableScriptedObjects (94ms)
		BackupInstance (0ms)
		ReleaseScriptingObjects (4ms)
		CreateAndSetChildDomain (578ms)
	RebuildCommonClasses (58ms)
	RebuildNativeTypeToScriptingClass (13ms)
	initialDomainReloadingComplete (42ms)
	LoadAllAssembliesAndSetupDomain (2631ms)
		LoadAssemblies (2487ms)
		RebuildTransferFunctionScriptingTraits (0ms)
		AnalyzeDomain (431ms)
			TypeCache.Refresh (32ms)
				TypeCache.ScanAssembly (0ms)
			BuildScriptInfoCaches (353ms)
			ResolveRequiredComponents (15ms)
	FinalizeReload (1265ms)
		ReleaseScriptCaches (0ms)
		RebuildScriptCaches (0ms)
		SetupLoadedEditorAssemblies (962ms)
			LogAssemblyErrors (0ms)
			InitializePlatformSupportModulesInManaged (19ms)
			SetLoadedEditorAssemblies (8ms)
			BeforeProcessingInitializeOnLoad (252ms)
			ProcessInitializeOnLoadAttributes (603ms)
			ProcessInitializeOnLoadMethodAttributes (78ms)
			AfterProcessingInitializeOnLoad (2ms)
			EditorAssembliesLoaded (1ms)
		ExecutionOrderSort2 (0ms)
		AwakeInstancesAfterBackupRestoration (25ms)
Refreshing native plugins compatible for Editor in 1.40 ms, found 4 plugins.
Preloading 0 native plugins for Editor in 0.00 ms.
Unloading 31 Unused Serialized files (Serialized files now loaded: 0)
Unloading 6724 unused Assets / (7.6 MB). Loaded Objects now: 8077.
Memory consumption went from 187.1 MB to 179.6 MB.
Total: 15.068700 ms (FindLiveObjects: 1.144100 ms CreateObjectMapping: 0.425200 ms MarkObjects: 6.888700 ms  DeleteObjects: 6.608500 ms)

Prepare: number of updated asset objects reloaded= 0
========================================================================
Received Prepare
Begin MonoManager ReloadAssembly
- Loaded All Assemblies, in  3.388 seconds
Refreshing native plugins compatible for Editor in 2.88 ms, found 4 plugins.
Native extension for iOS target not found
Native extension for Android target not found
Native extension for WindowsStandalone target not found
Native extension for WebGL target not found
Mono: successfully reloaded assembly
- Finished resetting the current domain, in  1.386 seconds
Domain Reload Profiling: 4786ms
	BeginReloadAssembly (1843ms)
		ExecutionOrderSort (1ms)
		DisableScriptedObjects (296ms)
		BackupInstance (0ms)
		ReleaseScriptingObjects (10ms)
		CreateAndSetChildDomain (991ms)
	RebuildCommonClasses (49ms)
	RebuildNativeTypeToScriptingClass (12ms)
	initialDomainReloadingComplete (52ms)
	LoadAllAssembliesAndSetupDomain (1442ms)
		LoadAssemblies (1067ms)
		RebuildTransferFunctionScriptingTraits (0ms)
		AnalyzeDomain (590ms)
			TypeCache.Refresh (47ms)
				TypeCache.ScanAssembly (0ms)
			BuildScriptInfoCaches (477ms)
			ResolveRequiredComponents (22ms)
	FinalizeReload (1387ms)
		ReleaseScriptCaches (0ms)
		RebuildScriptCaches (0ms)
		SetupLoadedEditorAssemblies (1104ms)
			LogAssemblyErrors (0ms)
			InitializePlatformSupportModulesInManaged (20ms)
			SetLoadedEditorAssemblies (9ms)
			BeforeProcessingInitializeOnLoad (331ms)
			ProcessInitializeOnLoadAttributes (613ms)
			ProcessInitializeOnLoadMethodAttributes (129ms)
			AfterProcessingInitializeOnLoad (2ms)
			EditorAssembliesLoaded (1ms)
		ExecutionOrderSort2 (0ms)
		AwakeInstancesAfterBackupRestoration (33ms)
Refreshing native plugins compatible for Editor in 5.23 ms, found 4 plugins.
Preloading 0 native plugins for Editor in 0.00 ms.
Unloading 31 Unused Serialized files (Serialized files now loaded: 0)
Unloading 6724 unused Assets / (9.1 MB). Loaded Objects now: 8079.
Memory consumption went from 185.2 MB to 176.1 MB.
Total: 25.866700 ms (FindLiveObjects: 1.754000 ms CreateObjectMapping: 1.151800 ms MarkObjects: 12.934000 ms  DeleteObjects: 10.019500 ms)

Prepare: number of updated asset objects reloaded= 0
========================================================================
Received Prepare
Begin MonoManager ReloadAssembly
- Loaded All Assemblies, in  2.358 seconds
Refreshing native plugins compatible for Editor in 2.94 ms, found 4 plugins.
Native extension for iOS target not found
Native extension for Android target not found
Native extension for WindowsStandalone target not found
Native extension for WebGL target not found
Mono: successfully reloaded assembly
- Finished resetting the current domain, in  1.152 seconds
Domain Reload Profiling: 3527ms
	BeginReloadAssembly (915ms)
		ExecutionOrderSort (0ms)
		DisableScriptedObjects (141ms)
		BackupInstance (0ms)
		ReleaseScriptingObjects (3ms)
		CreateAndSetChildDomain (390ms)
	RebuildCommonClasses (54ms)
	RebuildNativeTypeToScriptingClass (12ms)
	initialDomainReloadingComplete (48ms)
	LoadAllAssembliesAndSetupDomain (1345ms)
		LoadAssemblies (967ms)
		RebuildTransferFunctionScriptingTraits (0ms)
		AnalyzeDomain (554ms)
			TypeCache.Refresh (39ms)
				TypeCache.ScanAssembly (0ms)
			BuildScriptInfoCaches (460ms)
			ResolveRequiredComponents (20ms)
	FinalizeReload (1153ms)
		ReleaseScriptCaches (0ms)
		RebuildScriptCaches (0ms)
		SetupLoadedEditorAssemblies (912ms)
			LogAssemblyErrors (0ms)
			InitializePlatformSupportModulesInManaged (17ms)
			SetLoadedEditorAssemblies (8ms)
			BeforeProcessingInitializeOnLoad (211ms)
			ProcessInitializeOnLoadAttributes (567ms)
			ProcessInitializeOnLoadMethodAttributes (106ms)
			AfterProcessingInitializeOnLoad (2ms)
			EditorAssembliesLoaded (1ms)
		ExecutionOrderSort2 (0ms)
		AwakeInstancesAfterBackupRestoration (29ms)
Refreshing native plugins compatible for Editor in 1.80 ms, found 4 plugins.
Preloading 0 native plugins for Editor in 0.00 ms.
Unloading 31 Unused Serialized files (Serialized files now loaded: 0)
Unloading 6724 unused Assets / (9.6 MB). Loaded Objects now: 8081.
Memory consumption went from 187.2 MB to 177.6 MB.
Total: 27.245600 ms (FindLiveObjects: 1.673000 ms CreateObjectMapping: 1.138600 ms MarkObjects: 8.723600 ms  DeleteObjects: 15.706400 ms)

Prepare: number of updated asset objects reloaded= 0
========================================================================
Received Import Request.
  Time since last request: 491.521592 seconds.
  path: Assets/UISprite/Button/Panels/Panel_With_Title_Box_01.png
  artifactKey: Guid(e552fe1d69d0ed04f8a32756077aa61a) Importer(815301076,1909f56bfc062723c751e8b465ee728b)
Start importing Assets/UISprite/Button/Panels/Panel_With_Title_Box_01.png using Guid(e552fe1d69d0ed04f8a32756077aa61a) Importer(815301076,1909f56bfc062723c751e8b465ee728b) (PreviewImporter) -> (artifact id: '6fa0fe37e58fa74ad77ef3612a113c37') in 1.5518877 seconds
Number of updated asset objects reloaded before import = 0Number of asset objects unloaded after import = 3

========================================================================
Received Prepare
Begin MonoManager ReloadAssembly
- Loaded All Assemblies, in  5.693 seconds
Refreshing native plugins compatible for Editor in 1.50 ms, found 4 plugins.
Native extension for iOS target not found
Native extension for Android target not found
Native extension for WindowsStandalone target not found
Native extension for WebGL target not found
Mono: successfully reloaded assembly
- Finished resetting the current domain, in  1.795 seconds
Domain Reload Profiling: 7538ms
	BeginReloadAssembly (2045ms)
		ExecutionOrderSort (3ms)
		DisableScriptedObjects (220ms)
		BackupInstance (0ms)
		ReleaseScriptingObjects (4ms)
		CreateAndSetChildDomain (1133ms)
	RebuildCommonClasses (57ms)
	RebuildNativeTypeToScriptingClass (13ms)
	initialDomainReloadingComplete (54ms)
	LoadAllAssembliesAndSetupDomain (3572ms)
		LoadAssemblies (2518ms)
		RebuildTransferFunctionScriptingTraits (0ms)
		AnalyzeDomain (1335ms)
			TypeCache.Refresh (47ms)
				TypeCache.ScanAssembly (0ms)
			BuildScriptInfoCaches (1089ms)
			ResolveRequiredComponents (36ms)
	FinalizeReload (1796ms)
		ReleaseScriptCaches (0ms)
		RebuildScriptCaches (0ms)
		SetupLoadedEditorAssemblies (1414ms)
			LogAssemblyErrors (0ms)
			InitializePlatformSupportModulesInManaged (50ms)
			SetLoadedEditorAssemblies (14ms)
			BeforeProcessingInitializeOnLoad (358ms)
			ProcessInitializeOnLoadAttributes (909ms)
			ProcessInitializeOnLoadMethodAttributes (80ms)
			AfterProcessingInitializeOnLoad (2ms)
			EditorAssembliesLoaded (1ms)
		ExecutionOrderSort2 (0ms)
		AwakeInstancesAfterBackupRestoration (26ms)
Refreshing native plugins compatible for Editor in 1.34 ms, found 4 plugins.
Preloading 0 native plugins for Editor in 0.00 ms.
Unloading 31 Unused Serialized files (Serialized files now loaded: 0)
Unloading 6724 unused Assets / (8.9 MB). Loaded Objects now: 8083.
Memory consumption went from 187.2 MB to 178.4 MB.
Total: 18.557500 ms (FindLiveObjects: 0.904300 ms CreateObjectMapping: 1.073100 ms MarkObjects: 7.952200 ms  DeleteObjects: 8.625400 ms)

Prepare: number of updated asset objects reloaded= 0
========================================================================
Received Prepare
Begin MonoManager ReloadAssembly
- Loaded All Assemblies, in  3.244 seconds
Refreshing native plugins compatible for Editor in 4.21 ms, found 4 plugins.
Native extension for iOS target not found
Native extension for Android target not found
Native extension for WindowsStandalone target not found
Native extension for WebGL target not found
Mono: successfully reloaded assembly
- Finished resetting the current domain, in  1.628 seconds
Domain Reload Profiling: 4892ms
	BeginReloadAssembly (1276ms)
		ExecutionOrderSort (0ms)
		DisableScriptedObjects (159ms)
		BackupInstance (0ms)
		ReleaseScriptingObjects (5ms)
		CreateAndSetChildDomain (439ms)
	RebuildCommonClasses (56ms)
	RebuildNativeTypeToScriptingClass (15ms)
	initialDomainReloadingComplete (57ms)
	LoadAllAssembliesAndSetupDomain (1859ms)
		LoadAssemblies (1512ms)
		RebuildTransferFunctionScriptingTraits (0ms)
		AnalyzeDomain (594ms)
			TypeCache.Refresh (52ms)
				TypeCache.ScanAssembly (0ms)
			BuildScriptInfoCaches (484ms)
			ResolveRequiredComponents (21ms)
	FinalizeReload (1629ms)
		ReleaseScriptCaches (0ms)
		RebuildScriptCaches (0ms)
		SetupLoadedEditorAssemblies (1345ms)
			LogAssemblyErrors (0ms)
			InitializePlatformSupportModulesInManaged (22ms)
			SetLoadedEditorAssemblies (7ms)
			BeforeProcessingInitializeOnLoad (317ms)
			ProcessInitializeOnLoadAttributes (772ms)
			ProcessInitializeOnLoadMethodAttributes (224ms)
			AfterProcessingInitializeOnLoad (2ms)
			EditorAssembliesLoaded (1ms)
		ExecutionOrderSort2 (0ms)
		AwakeInstancesAfterBackupRestoration (32ms)
Refreshing native plugins compatible for Editor in 1.49 ms, found 4 plugins.
Preloading 0 native plugins for Editor in 0.00 ms.
Unloading 31 Unused Serialized files (Serialized files now loaded: 0)
Unloading 6724 unused Assets / (7.3 MB). Loaded Objects now: 8085.
Memory consumption went from 189.1 MB to 181.8 MB.
Total: 17.714500 ms (FindLiveObjects: 1.134900 ms CreateObjectMapping: 1.101100 ms MarkObjects: 8.466400 ms  DeleteObjects: 7.009600 ms)

Prepare: number of updated asset objects reloaded= 0
========================================================================
Received Prepare
Begin MonoManager ReloadAssembly
- Loaded All Assemblies, in  3.274 seconds
Refreshing native plugins compatible for Editor in 3.42 ms, found 4 plugins.
Native extension for iOS target not found
Native extension for Android target not found
Native extension for WindowsStandalone target not found
Native extension for WebGL target not found
Mono: successfully reloaded assembly
- Finished resetting the current domain, in  1.521 seconds
Domain Reload Profiling: 4801ms
	BeginReloadAssembly (1984ms)
		ExecutionOrderSort (0ms)
		DisableScriptedObjects (200ms)
		BackupInstance (0ms)
		ReleaseScriptingObjects (3ms)
		CreateAndSetChildDomain (648ms)
	RebuildCommonClasses (59ms)
	RebuildNativeTypeToScriptingClass (11ms)
	initialDomainReloadingComplete (49ms)
	LoadAllAssembliesAndSetupDomain (1176ms)
		LoadAssemblies (1390ms)
		RebuildTransferFunctionScriptingTraits (0ms)
		AnalyzeDomain (430ms)
			TypeCache.Refresh (29ms)
				TypeCache.ScanAssembly (0ms)
			BuildScriptInfoCaches (335ms)
			ResolveRequiredComponents (17ms)
	FinalizeReload (1522ms)
		ReleaseScriptCaches (0ms)
		RebuildScriptCaches (0ms)
		SetupLoadedEditorAssemblies (1206ms)
			LogAssemblyErrors (0ms)
			InitializePlatformSupportModulesInManaged (21ms)
			SetLoadedEditorAssemblies (8ms)
			BeforeProcessingInitializeOnLoad (295ms)
			ProcessInitializeOnLoadAttributes (741ms)
			ProcessInitializeOnLoadMethodAttributes (136ms)
			AfterProcessingInitializeOnLoad (2ms)
			EditorAssembliesLoaded (2ms)
		ExecutionOrderSort2 (0ms)
		AwakeInstancesAfterBackupRestoration (32ms)
Refreshing native plugins compatible for Editor in 1.71 ms, found 4 plugins.
Preloading 0 native plugins for Editor in 0.00 ms.
Unloading 31 Unused Serialized files (Serialized files now loaded: 0)
Unloading 6724 unused Assets / (8.2 MB). Loaded Objects now: 8087.
Memory consumption went from 191.0 MB to 182.9 MB.
Total: 18.606000 ms (FindLiveObjects: 1.212000 ms CreateObjectMapping: 1.152800 ms MarkObjects: 8.582400 ms  DeleteObjects: 7.655500 ms)

Prepare: number of updated asset objects reloaded= 0
========================================================================
Received Prepare
Begin MonoManager ReloadAssembly
- Loaded All Assemblies, in  3.242 seconds
Refreshing native plugins compatible for Editor in 7.02 ms, found 4 plugins.
Native extension for iOS target not found
Native extension for Android target not found
Native extension for WindowsStandalone target not found
Native extension for WebGL target not found
Mono: successfully reloaded assembly
- Finished resetting the current domain, in  1.862 seconds
Domain Reload Profiling: 5121ms
	BeginReloadAssembly (1341ms)
		ExecutionOrderSort (1ms)
		DisableScriptedObjects (154ms)
		BackupInstance (0ms)
		ReleaseScriptingObjects (5ms)
		CreateAndSetChildDomain (706ms)
	RebuildCommonClasses (42ms)
	RebuildNativeTypeToScriptingClass (12ms)
	initialDomainReloadingComplete (54ms)
	LoadAllAssembliesAndSetupDomain (1810ms)
		LoadAssemblies (1266ms)
		RebuildTransferFunctionScriptingTraits (0ms)
		AnalyzeDomain (697ms)
			TypeCache.Refresh (73ms)
				TypeCache.ScanAssembly (0ms)
			BuildScriptInfoCaches (572ms)
			ResolveRequiredComponents (20ms)
	FinalizeReload (1863ms)
		ReleaseScriptCaches (0ms)
		RebuildScriptCaches (0ms)
		SetupLoadedEditorAssemblies (1560ms)
			LogAssemblyErrors (0ms)
			InitializePlatformSupportModulesInManaged (28ms)
			SetLoadedEditorAssemblies (11ms)
			BeforeProcessingInitializeOnLoad (243ms)
			ProcessInitializeOnLoadAttributes (1195ms)
			ProcessInitializeOnLoadMethodAttributes (79ms)
			AfterProcessingInitializeOnLoad (2ms)
			EditorAssembliesLoaded (1ms)
		ExecutionOrderSort2 (0ms)
		AwakeInstancesAfterBackupRestoration (25ms)
Refreshing native plugins compatible for Editor in 1.50 ms, found 4 plugins.
Preloading 0 native plugins for Editor in 0.00 ms.
Unloading 31 Unused Serialized files (Serialized files now loaded: 0)
Unloading 6724 unused Assets / (7.6 MB). Loaded Objects now: 8089.
Memory consumption went from 192.9 MB to 185.3 MB.
Total: 12.498400 ms (FindLiveObjects: 0.824800 ms CreateObjectMapping: 0.463200 ms MarkObjects: 6.184200 ms  DeleteObjects: 5.024100 ms)

Prepare: number of updated asset objects reloaded= 0
========================================================================
Received Prepare
Begin MonoManager ReloadAssembly
- Loaded All Assemblies, in  2.813 seconds
Refreshing native plugins compatible for Editor in 3.46 ms, found 4 plugins.
Native extension for iOS target not found
Native extension for Android target not found
Native extension for WindowsStandalone target not found
Native extension for WebGL target not found
Mono: successfully reloaded assembly
- Finished resetting the current domain, in  1.089 seconds
Domain Reload Profiling: 3915ms
	BeginReloadAssembly (1317ms)
		ExecutionOrderSort (0ms)
		DisableScriptedObjects (157ms)
		BackupInstance (0ms)
		ReleaseScriptingObjects (3ms)
		CreateAndSetChildDomain (738ms)
	RebuildCommonClasses (53ms)
	RebuildNativeTypeToScriptingClass (11ms)
	initialDomainReloadingComplete (51ms)
	LoadAllAssembliesAndSetupDomain (1392ms)
		LoadAssemblies (922ms)
		RebuildTransferFunctionScriptingTraits (0ms)
		AnalyzeDomain (657ms)
			TypeCache.Refresh (40ms)
				TypeCache.ScanAssembly (0ms)
			BuildScriptInfoCaches (549ms)
			ResolveRequiredComponents (17ms)
	FinalizeReload (1090ms)
		ReleaseScriptCaches (0ms)
		RebuildScriptCaches (0ms)
		SetupLoadedEditorAssemblies (864ms)
			LogAssemblyErrors (0ms)
			InitializePlatformSupportModulesInManaged (19ms)
			SetLoadedEditorAssemblies (7ms)
			BeforeProcessingInitializeOnLoad (221ms)
			ProcessInitializeOnLoadAttributes (518ms)
			ProcessInitializeOnLoadMethodAttributes (96ms)
			AfterProcessingInitializeOnLoad (2ms)
			EditorAssembliesLoaded (1ms)
		ExecutionOrderSort2 (0ms)
		AwakeInstancesAfterBackupRestoration (26ms)
Refreshing native plugins compatible for Editor in 1.68 ms, found 4 plugins.
Preloading 0 native plugins for Editor in 0.00 ms.
Unloading 31 Unused Serialized files (Serialized files now loaded: 0)
Unloading 6724 unused Assets / (7.6 MB). Loaded Objects now: 8091.
Memory consumption went from 194.8 MB to 187.2 MB.
Total: 36.191000 ms (FindLiveObjects: 10.819200 ms CreateObjectMapping: 0.881300 ms MarkObjects: 16.503100 ms  DeleteObjects: 7.982800 ms)

Prepare: number of updated asset objects reloaded= 0
========================================================================
Received Prepare
Begin MonoManager ReloadAssembly
- Loaded All Assemblies, in  3.050 seconds
Refreshing native plugins compatible for Editor in 3.58 ms, found 4 plugins.
Native extension for iOS target not found
Native extension for Android target not found
Native extension for WindowsStandalone target not found
Native extension for WebGL target not found
Mono: successfully reloaded assembly
- Finished resetting the current domain, in  3.594 seconds
Domain Reload Profiling: 6658ms
	BeginReloadAssembly (1238ms)
		ExecutionOrderSort (0ms)
		DisableScriptedObjects (84ms)
		BackupInstance (0ms)
		ReleaseScriptingObjects (3ms)
		CreateAndSetChildDomain (466ms)
	RebuildCommonClasses (125ms)
	RebuildNativeTypeToScriptingClass (14ms)
	initialDomainReloadingComplete (305ms)
	LoadAllAssembliesAndSetupDomain (1380ms)
		LoadAssemblies (1282ms)
		RebuildTransferFunctionScriptingTraits (0ms)
		AnalyzeDomain (640ms)
			TypeCache.Refresh (30ms)
				TypeCache.ScanAssembly (0ms)
			BuildScriptInfoCaches (501ms)
			ResolveRequiredComponents (19ms)
	FinalizeReload (3596ms)
		ReleaseScriptCaches (0ms)
		RebuildScriptCaches (0ms)
		SetupLoadedEditorAssemblies (3234ms)
			LogAssemblyErrors (0ms)
			InitializePlatformSupportModulesInManaged (26ms)
			SetLoadedEditorAssemblies (8ms)
			BeforeProcessingInitializeOnLoad (421ms)
			ProcessInitializeOnLoadAttributes (2663ms)
			ProcessInitializeOnLoadMethodAttributes (112ms)
			AfterProcessingInitializeOnLoad (2ms)
			EditorAssembliesLoaded (2ms)
		ExecutionOrderSort2 (0ms)
		AwakeInstancesAfterBackupRestoration (74ms)
Refreshing native plugins compatible for Editor in 3.15 ms, found 4 plugins.
Preloading 0 native plugins for Editor in 0.00 ms.
Unloading 31 Unused Serialized files (Serialized files now loaded: 0)
Unloading 6724 unused Assets / (7.9 MB). Loaded Objects now: 8093.
Memory consumption went from 196.7 MB to 188.8 MB.
Total: 19.605900 ms (FindLiveObjects: 1.397500 ms CreateObjectMapping: 1.064300 ms MarkObjects: 8.298100 ms  DeleteObjects: 8.842600 ms)

Prepare: number of updated asset objects reloaded= 0
========================================================================
Received Prepare
Begin MonoManager ReloadAssembly
- Loaded All Assemblies, in  3.818 seconds
Refreshing native plugins compatible for Editor in 2.67 ms, found 4 plugins.
Native extension for iOS target not found
Native extension for Android target not found
Native extension for WindowsStandalone target not found
Native extension for WebGL target not found
Mono: successfully reloaded assembly
- Finished resetting the current domain, in  1.217 seconds
Domain Reload Profiling: 5044ms
	BeginReloadAssembly (864ms)
		ExecutionOrderSort (0ms)
		DisableScriptedObjects (118ms)
		BackupInstance (0ms)
		ReleaseScriptingObjects (2ms)
		CreateAndSetChildDomain (297ms)
	RebuildCommonClasses (61ms)
	RebuildNativeTypeToScriptingClass (12ms)
	initialDomainReloadingComplete (63ms)
	LoadAllAssembliesAndSetupDomain (2824ms)
		LoadAssemblies (2425ms)
		RebuildTransferFunctionScriptingTraits (0ms)
		AnalyzeDomain (659ms)
			TypeCache.Refresh (39ms)
				TypeCache.ScanAssembly (0ms)
			BuildScriptInfoCaches (575ms)
			ResolveRequiredComponents (14ms)
	FinalizeReload (1220ms)
		ReleaseScriptCaches (0ms)
		RebuildScriptCaches (0ms)
		SetupLoadedEditorAssemblies (996ms)
			LogAssemblyErrors (0ms)
			InitializePlatformSupportModulesInManaged (17ms)
			SetLoadedEditorAssemblies (7ms)
			BeforeProcessingInitializeOnLoad (221ms)
			ProcessInitializeOnLoadAttributes (561ms)
			ProcessInitializeOnLoadMethodAttributes (185ms)
			AfterProcessingInitializeOnLoad (2ms)
			EditorAssembliesLoaded (3ms)
		ExecutionOrderSort2 (0ms)
		AwakeInstancesAfterBackupRestoration (26ms)
Refreshing native plugins compatible for Editor in 2.69 ms, found 4 plugins.
Preloading 0 native plugins for Editor in 0.00 ms.
Unloading 31 Unused Serialized files (Serialized files now loaded: 0)
Unloading 6724 unused Assets / (8.4 MB). Loaded Objects now: 8095.
Memory consumption went from 198.7 MB to 190.3 MB.
Total: 18.989600 ms (FindLiveObjects: 1.045100 ms CreateObjectMapping: 0.551200 ms MarkObjects: 6.487200 ms  DeleteObjects: 10.902600 ms)

Prepare: number of updated asset objects reloaded= 0
========================================================================
Received Prepare
Begin MonoManager ReloadAssembly
- Loaded All Assemblies, in  4.739 seconds
Refreshing native plugins compatible for Editor in 1.78 ms, found 4 plugins.
Native extension for iOS target not found
Native extension for Android target not found
Native extension for WindowsStandalone target not found
Native extension for WebGL target not found
Mono: successfully reloaded assembly
- Finished resetting the current domain, in  1.071 seconds
Domain Reload Profiling: 5821ms
	BeginReloadAssembly (2306ms)
		ExecutionOrderSort (2ms)
		DisableScriptedObjects (370ms)
		BackupInstance (0ms)
		ReleaseScriptingObjects (4ms)
		CreateAndSetChildDomain (1089ms)
	RebuildCommonClasses (58ms)
	RebuildNativeTypeToScriptingClass (13ms)
	initialDomainReloadingComplete (203ms)
	LoadAllAssembliesAndSetupDomain (2169ms)
		LoadAssemblies (1169ms)
		RebuildTransferFunctionScriptingTraits (0ms)
		AnalyzeDomain (1360ms)
			TypeCache.Refresh (36ms)
				TypeCache.ScanAssembly (0ms)
			BuildScriptInfoCaches (1272ms)
			ResolveRequiredComponents (17ms)
	FinalizeReload (1072ms)
		ReleaseScriptCaches (0ms)
		RebuildScriptCaches (0ms)
		SetupLoadedEditorAssemblies (849ms)
			LogAssemblyErrors (0ms)
			InitializePlatformSupportModulesInManaged (19ms)
			SetLoadedEditorAssemblies (7ms)
			BeforeProcessingInitializeOnLoad (206ms)
			ProcessInitializeOnLoadAttributes (519ms)
			ProcessInitializeOnLoadMethodAttributes (95ms)
			AfterProcessingInitializeOnLoad (2ms)
			EditorAssembliesLoaded (1ms)
		ExecutionOrderSort2 (0ms)
		AwakeInstancesAfterBackupRestoration (29ms)
Refreshing native plugins compatible for Editor in 3.69 ms, found 4 plugins.
Preloading 0 native plugins for Editor in 0.00 ms.
Unloading 31 Unused Serialized files (Serialized files now loaded: 0)
Unloading 6724 unused Assets / (8.0 MB). Loaded Objects now: 8097.
Memory consumption went from 200.6 MB to 192.5 MB.
Total: 13.591400 ms (FindLiveObjects: 0.958400 ms CreateObjectMapping: 0.482400 ms MarkObjects: 6.696000 ms  DeleteObjects: 5.451800 ms)

Prepare: number of updated asset objects reloaded= 0
========================================================================
Received Prepare
Begin MonoManager ReloadAssembly
- Loaded All Assemblies, in  4.978 seconds
Refreshing native plugins compatible for Editor in 1.69 ms, found 4 plugins.
Native extension for iOS target not found
Native extension for Android target not found
Native extension for WindowsStandalone target not found
Native extension for WebGL target not found
Mono: successfully reloaded assembly
- Finished resetting the current domain, in  1.481 seconds
Domain Reload Profiling: 6464ms
	BeginReloadAssembly (1930ms)
		ExecutionOrderSort (0ms)
		DisableScriptedObjects (259ms)
		BackupInstance (0ms)
		ReleaseScriptingObjects (4ms)
		CreateAndSetChildDomain (945ms)
	RebuildCommonClasses (92ms)
	RebuildNativeTypeToScriptingClass (16ms)
	initialDomainReloadingComplete (68ms)
	LoadAllAssembliesAndSetupDomain (2877ms)
		LoadAssemblies (2865ms)
		RebuildTransferFunctionScriptingTraits (0ms)
		AnalyzeDomain (387ms)
			TypeCache.Refresh (33ms)
				TypeCache.ScanAssembly (0ms)
			BuildScriptInfoCaches (302ms)
			ResolveRequiredComponents (15ms)
	FinalizeReload (1482ms)
		ReleaseScriptCaches (0ms)
		RebuildScriptCaches (0ms)
		SetupLoadedEditorAssemblies (1233ms)
			LogAssemblyErrors (0ms)
			InitializePlatformSupportModulesInManaged (17ms)
			SetLoadedEditorAssemblies (8ms)
			BeforeProcessingInitializeOnLoad (260ms)
			ProcessInitializeOnLoadAttributes (816ms)
			ProcessInitializeOnLoadMethodAttributes (129ms)
			AfterProcessingInitializeOnLoad (2ms)
			EditorAssembliesLoaded (1ms)
		ExecutionOrderSort2 (0ms)
		AwakeInstancesAfterBackupRestoration (30ms)
Refreshing native plugins compatible for Editor in 1.41 ms, found 4 plugins.
Preloading 0 native plugins for Editor in 0.00 ms.
Unloading 31 Unused Serialized files (Serialized files now loaded: 0)
Unloading 6724 unused Assets / (8.9 MB). Loaded Objects now: 8099.
Memory consumption went from 202.4 MB to 193.5 MB.
Total: 17.025300 ms (FindLiveObjects: 1.471200 ms CreateObjectMapping: 0.774400 ms MarkObjects: 7.231400 ms  DeleteObjects: 7.546600 ms)

Prepare: number of updated asset objects reloaded= 0
========================================================================
Received Prepare
Begin MonoManager ReloadAssembly
- Loaded All Assemblies, in  3.876 seconds
Refreshing native plugins compatible for Editor in 51.59 ms, found 4 plugins.
Native extension for iOS target not found
Native extension for Android target not found
Native extension for WindowsStandalone target not found
Native extension for WebGL target not found
Mono: successfully reloaded assembly
- Finished resetting the current domain, in  1.004 seconds
Domain Reload Profiling: 4893ms
	BeginReloadAssembly (1901ms)
		ExecutionOrderSort (2ms)
		DisableScriptedObjects (137ms)
		BackupInstance (0ms)
		ReleaseScriptingObjects (10ms)
		CreateAndSetChildDomain (955ms)
	RebuildCommonClasses (47ms)
	RebuildNativeTypeToScriptingClass (12ms)
	initialDomainReloadingComplete (51ms)
	LoadAllAssembliesAndSetupDomain (1878ms)
		LoadAssemblies (1113ms)
		RebuildTransferFunctionScriptingTraits (0ms)
		AnalyzeDomain (969ms)
			TypeCache.Refresh (40ms)
				TypeCache.ScanAssembly (0ms)
			BuildScriptInfoCaches (797ms)
			ResolveRequiredComponents (18ms)
	FinalizeReload (1005ms)
		ReleaseScriptCaches (0ms)
		RebuildScriptCaches (0ms)
		SetupLoadedEditorAssemblies (799ms)
			LogAssemblyErrors (0ms)
			InitializePlatformSupportModulesInManaged (18ms)
			SetLoadedEditorAssemblies (8ms)
			BeforeProcessingInitializeOnLoad (213ms)
			ProcessInitializeOnLoadAttributes (472ms)
			ProcessInitializeOnLoadMethodAttributes (86ms)
			AfterProcessingInitializeOnLoad (2ms)
			EditorAssembliesLoaded (1ms)
		ExecutionOrderSort2 (0ms)
		AwakeInstancesAfterBackupRestoration (23ms)
Refreshing native plugins compatible for Editor in 2.57 ms, found 4 plugins.
Preloading 0 native plugins for Editor in 0.00 ms.
Unloading 31 Unused Serialized files (Serialized files now loaded: 0)
Unloading 6724 unused Assets / (9.6 MB). Loaded Objects now: 8101.
Memory consumption went from 204.4 MB to 194.8 MB.
Total: 22.724100 ms (FindLiveObjects: 1.087200 ms CreateObjectMapping: 1.210500 ms MarkObjects: 8.866800 ms  DeleteObjects: 11.556700 ms)

Prepare: number of updated asset objects reloaded= 0
========================================================================
Received Prepare
Begin MonoManager ReloadAssembly
- Loaded All Assemblies, in  3.485 seconds
Refreshing native plugins compatible for Editor in 2.42 ms, found 4 plugins.
Native extension for iOS target not found
Native extension for Android target not found
Native extension for WindowsStandalone target not found
Native extension for WebGL target not found
Mono: successfully reloaded assembly
- Finished resetting the current domain, in  1.290 seconds
Domain Reload Profiling: 4778ms
	BeginReloadAssembly (857ms)
		ExecutionOrderSort (0ms)
		DisableScriptedObjects (82ms)
		BackupInstance (0ms)
		ReleaseScriptingObjects (1ms)
		CreateAndSetChildDomain (222ms)
	RebuildCommonClasses (79ms)
	RebuildNativeTypeToScriptingClass (13ms)
	initialDomainReloadingComplete (69ms)
	LoadAllAssembliesAndSetupDomain (2470ms)
		LoadAssemblies (2141ms)
		RebuildTransferFunctionScriptingTraits (0ms)
		AnalyzeDomain (702ms)
			TypeCache.Refresh (70ms)
				TypeCache.ScanAssembly (0ms)
			BuildScriptInfoCaches (586ms)
			ResolveRequiredComponents (14ms)
	FinalizeReload (1291ms)
		ReleaseScriptCaches (0ms)
		RebuildScriptCaches (0ms)
		SetupLoadedEditorAssemblies (1094ms)
			LogAssemblyErrors (0ms)
			InitializePlatformSupportModulesInManaged (19ms)
			SetLoadedEditorAssemblies (9ms)
			BeforeProcessingInitializeOnLoad (305ms)
			ProcessInitializeOnLoadAttributes (656ms)
			ProcessInitializeOnLoadMethodAttributes (102ms)
			AfterProcessingInitializeOnLoad (2ms)
			EditorAssembliesLoaded (1ms)
		ExecutionOrderSort2 (0ms)
		AwakeInstancesAfterBackupRestoration (25ms)
Refreshing native plugins compatible for Editor in 1.49 ms, found 4 plugins.
Preloading 0 native plugins for Editor in 0.00 ms.
Unloading 31 Unused Serialized files (Serialized files now loaded: 0)
Unloading 6724 unused Assets / (7.3 MB). Loaded Objects now: 8103.
Memory consumption went from 206.3 MB to 199.0 MB.
Total: 18.966300 ms (FindLiveObjects: 1.833300 ms CreateObjectMapping: 1.043400 ms MarkObjects: 8.374400 ms  DeleteObjects: 7.712300 ms)

Prepare: number of updated asset objects reloaded= 0
========================================================================
Received Prepare
Begin MonoManager ReloadAssembly
- Loaded All Assemblies, in  4.834 seconds
Refreshing native plugins compatible for Editor in 3.55 ms, found 4 plugins.
Native extension for iOS target not found
Native extension for Android target not found
Native extension for WindowsStandalone target not found
Native extension for WebGL target not found
Mono: successfully reloaded assembly
- Finished resetting the current domain, in  1.104 seconds
Domain Reload Profiling: 5963ms
	BeginReloadAssembly (1740ms)
		ExecutionOrderSort (3ms)
		DisableScriptedObjects (352ms)
		BackupInstance (0ms)
		ReleaseScriptingObjects (3ms)
		CreateAndSetChildDomain (700ms)
	RebuildCommonClasses (83ms)
	RebuildNativeTypeToScriptingClass (13ms)
	initialDomainReloadingComplete (64ms)
	LoadAllAssembliesAndSetupDomain (2958ms)
		LoadAssemblies (2352ms)
		RebuildTransferFunctionScriptingTraits (0ms)
		AnalyzeDomain (892ms)
			TypeCache.Refresh (64ms)
				TypeCache.ScanAssembly (0ms)
			BuildScriptInfoCaches (725ms)
			ResolveRequiredComponents (18ms)
	FinalizeReload (1105ms)
		ReleaseScriptCaches (0ms)
		RebuildScriptCaches (0ms)
		SetupLoadedEditorAssemblies (880ms)
			LogAssemblyErrors (0ms)
			InitializePlatformSupportModulesInManaged (20ms)
			SetLoadedEditorAssemblies (8ms)
			BeforeProcessingInitializeOnLoad (244ms)
			ProcessInitializeOnLoadAttributes (517ms)
			ProcessInitializeOnLoadMethodAttributes (88ms)
			AfterProcessingInitializeOnLoad (2ms)
			EditorAssembliesLoaded (1ms)
		ExecutionOrderSort2 (0ms)
		AwakeInstancesAfterBackupRestoration (29ms)
Refreshing native plugins compatible for Editor in 2.89 ms, found 4 plugins.
Preloading 0 native plugins for Editor in 0.00 ms.
Unloading 31 Unused Serialized files (Serialized files now loaded: 0)
Unloading 6724 unused Assets / (9.6 MB). Loaded Objects now: 8105.
Memory consumption went from 208.2 MB to 198.6 MB.
Total: 28.600900 ms (FindLiveObjects: 2.799500 ms CreateObjectMapping: 1.844800 ms MarkObjects: 11.741500 ms  DeleteObjects: 12.211600 ms)

Prepare: number of updated asset objects reloaded= 0
========================================================================
Received Prepare
Begin MonoManager ReloadAssembly
- Loaded All Assemblies, in  3.825 seconds
Refreshing native plugins compatible for Editor in 2.56 ms, found 4 plugins.
Native extension for iOS target not found
Native extension for Android target not found
Native extension for WindowsStandalone target not found
Native extension for WebGL target not found
Mono: successfully reloaded assembly
- Finished resetting the current domain, in  1.070 seconds
Domain Reload Profiling: 4917ms
	BeginReloadAssembly (1589ms)
		ExecutionOrderSort (2ms)
		DisableScriptedObjects (345ms)
		BackupInstance (0ms)
		ReleaseScriptingObjects (3ms)
		CreateAndSetChildDomain (705ms)
	RebuildCommonClasses (43ms)
	RebuildNativeTypeToScriptingClass (12ms)
	initialDomainReloadingComplete (51ms)
	LoadAllAssembliesAndSetupDomain (2151ms)
		LoadAssemblies (1341ms)
		RebuildTransferFunctionScriptingTraits (0ms)
		AnalyzeDomain (1035ms)
			TypeCache.Refresh (103ms)
				TypeCache.ScanAssembly (0ms)
			BuildScriptInfoCaches (803ms)
			ResolveRequiredComponents (29ms)
	FinalizeReload (1071ms)
		ReleaseScriptCaches (0ms)
		RebuildScriptCaches (0ms)
		SetupLoadedEditorAssemblies (860ms)
			LogAssemblyErrors (0ms)
			InitializePlatformSupportModulesInManaged (17ms)
			SetLoadedEditorAssemblies (7ms)
			BeforeProcessingInitializeOnLoad (217ms)
			ProcessInitializeOnLoadAttributes (527ms)
			ProcessInitializeOnLoadMethodAttributes (89ms)
			AfterProcessingInitializeOnLoad (2ms)
			EditorAssembliesLoaded (1ms)
		ExecutionOrderSort2 (0ms)
		AwakeInstancesAfterBackupRestoration (25ms)
Refreshing native plugins compatible for Editor in 1.27 ms, found 4 plugins.
Preloading 0 native plugins for Editor in 0.00 ms.
Unloading 31 Unused Serialized files (Serialized files now loaded: 0)
Unloading 6724 unused Assets / (7.4 MB). Loaded Objects now: 8107.
Memory consumption went from 210.1 MB to 202.6 MB.
Total: 13.217000 ms (FindLiveObjects: 0.987100 ms CreateObjectMapping: 0.954100 ms MarkObjects: 6.556600 ms  DeleteObjects: 4.716600 ms)

Prepare: number of updated asset objects reloaded= 0
========================================================================
Received Prepare
Begin MonoManager ReloadAssembly
- Loaded All Assemblies, in  5.288 seconds
Refreshing native plugins compatible for Editor in 1.29 ms, found 4 plugins.
Native extension for iOS target not found
Native extension for Android target not found
Native extension for WindowsStandalone target not found
Native extension for WebGL target not found
Mono: successfully reloaded assembly
- Finished resetting the current domain, in  1.103 seconds
Domain Reload Profiling: 6410ms
	BeginReloadAssembly (2035ms)
		ExecutionOrderSort (1ms)
		DisableScriptedObjects (268ms)
		BackupInstance (0ms)
		ReleaseScriptingObjects (2ms)
		CreateAndSetChildDomain (867ms)
	RebuildCommonClasses (72ms)
	RebuildNativeTypeToScriptingClass (12ms)
	initialDomainReloadingComplete (89ms)
	LoadAllAssembliesAndSetupDomain (3098ms)
		LoadAssemblies (2465ms)
		RebuildTransferFunctionScriptingTraits (0ms)
		AnalyzeDomain (907ms)
			TypeCache.Refresh (38ms)
				TypeCache.ScanAssembly (0ms)
			BuildScriptInfoCaches (763ms)
			ResolveRequiredComponents (27ms)
	FinalizeReload (1104ms)
		ReleaseScriptCaches (0ms)
		RebuildScriptCaches (0ms)
		SetupLoadedEditorAssemblies (871ms)
			LogAssemblyErrors (0ms)
			InitializePlatformSupportModulesInManaged (22ms)
			SetLoadedEditorAssemblies (9ms)
			BeforeProcessingInitializeOnLoad (219ms)
			ProcessInitializeOnLoadAttributes (532ms)
			ProcessInitializeOnLoadMethodAttributes (86ms)
			AfterProcessingInitializeOnLoad (2ms)
			EditorAssembliesLoaded (1ms)
		ExecutionOrderSort2 (0ms)
		AwakeInstancesAfterBackupRestoration (26ms)
Refreshing native plugins compatible for Editor in 1.96 ms, found 4 plugins.
Preloading 0 native plugins for Editor in 0.00 ms.
Unloading 31 Unused Serialized files (Serialized files now loaded: 0)
Unloading 6724 unused Assets / (8.5 MB). Loaded Objects now: 8109.
Memory consumption went from 211.9 MB to 203.4 MB.
Total: 14.946900 ms (FindLiveObjects: 0.974500 ms CreateObjectMapping: 0.896500 ms MarkObjects: 6.553200 ms  DeleteObjects: 6.519900 ms)

Prepare: number of updated asset objects reloaded= 0
========================================================================
Received Prepare
Begin MonoManager ReloadAssembly
- Loaded All Assemblies, in  3.388 seconds
Refreshing native plugins compatible for Editor in 8.71 ms, found 4 plugins.
Native extension for iOS target not found
Native extension for Android target not found
Native extension for WindowsStandalone target not found
Native extension for WebGL target not found
Mono: successfully reloaded assembly
- Finished resetting the current domain, in  1.658 seconds
Domain Reload Profiling: 5053ms
	BeginReloadAssembly (979ms)
		ExecutionOrderSort (1ms)
		DisableScriptedObjects (126ms)
		BackupInstance (0ms)
		ReleaseScriptingObjects (3ms)
		CreateAndSetChildDomain (369ms)
	RebuildCommonClasses (77ms)
	RebuildNativeTypeToScriptingClass (16ms)
	initialDomainReloadingComplete (72ms)
	LoadAllAssembliesAndSetupDomain (2250ms)
		LoadAssemblies (2118ms)
		RebuildTransferFunctionScriptingTraits (0ms)
		AnalyzeDomain (407ms)
			TypeCache.Refresh (31ms)
				TypeCache.ScanAssembly (0ms)
			BuildScriptInfoCaches (300ms)
			ResolveRequiredComponents (17ms)
	FinalizeReload (1659ms)
		ReleaseScriptCaches (0ms)
		RebuildScriptCaches (0ms)
		SetupLoadedEditorAssemblies (1267ms)
			LogAssemblyErrors (0ms)
			InitializePlatformSupportModulesInManaged (73ms)
			SetLoadedEditorAssemblies (13ms)
			BeforeProcessingInitializeOnLoad (366ms)
			ProcessInitializeOnLoadAttributes (700ms)
			ProcessInitializeOnLoadMethodAttributes (111ms)
			AfterProcessingInitializeOnLoad (3ms)
			EditorAssembliesLoaded (2ms)
		ExecutionOrderSort2 (0ms)
		AwakeInstancesAfterBackupRestoration (35ms)
Refreshing native plugins compatible for Editor in 1.92 ms, found 4 plugins.
Preloading 0 native plugins for Editor in 0.00 ms.
Unloading 31 Unused Serialized files (Serialized files now loaded: 0)
Unloading 6724 unused Assets / (7.8 MB). Loaded Objects now: 8111.
Memory consumption went from 204.5 MB to 196.8 MB.
Total: 18.168300 ms (FindLiveObjects: 1.567400 ms CreateObjectMapping: 0.620000 ms MarkObjects: 8.509600 ms  DeleteObjects: 7.468400 ms)

Prepare: number of updated asset objects reloaded= 0
========================================================================
Received Prepare
Begin MonoManager ReloadAssembly
- Loaded All Assemblies, in  4.259 seconds
Refreshing native plugins compatible for Editor in 3.04 ms, found 4 plugins.
Native extension for iOS target not found
Native extension for Android target not found
Native extension for WindowsStandalone target not found
Native extension for WebGL target not found
Mono: successfully reloaded assembly
- Finished resetting the current domain, in  1.387 seconds
Domain Reload Profiling: 5662ms
	BeginReloadAssembly (2232ms)
		ExecutionOrderSort (1ms)
		DisableScriptedObjects (212ms)
		BackupInstance (0ms)
		ReleaseScriptingObjects (4ms)
		CreateAndSetChildDomain (1055ms)
	RebuildCommonClasses (76ms)
	RebuildNativeTypeToScriptingClass (12ms)
	initialDomainReloadingComplete (56ms)
	LoadAllAssembliesAndSetupDomain (1898ms)
		LoadAssemblies (1766ms)
		RebuildTransferFunctionScriptingTraits (0ms)
		AnalyzeDomain (711ms)
			TypeCache.Refresh (33ms)
				TypeCache.ScanAssembly (0ms)
			BuildScriptInfoCaches (613ms)
			ResolveRequiredComponents (17ms)
	FinalizeReload (1389ms)
		ReleaseScriptCaches (0ms)
		RebuildScriptCaches (0ms)
		SetupLoadedEditorAssemblies (1149ms)
			LogAssemblyErrors (0ms)
			InitializePlatformSupportModulesInManaged (21ms)
			SetLoadedEditorAssemblies (9ms)
			BeforeProcessingInitializeOnLoad (278ms)
			ProcessInitializeOnLoadAttributes (726ms)
			ProcessInitializeOnLoadMethodAttributes (111ms)
			AfterProcessingInitializeOnLoad (2ms)
			EditorAssembliesLoaded (1ms)
		ExecutionOrderSort2 (0ms)
		AwakeInstancesAfterBackupRestoration (36ms)
Refreshing native plugins compatible for Editor in 2.25 ms, found 4 plugins.
Preloading 0 native plugins for Editor in 0.00 ms.
Unloading 31 Unused Serialized files (Serialized files now loaded: 0)
Unloading 6724 unused Assets / (7.5 MB). Loaded Objects now: 8113.
Memory consumption went from 206.7 MB to 199.2 MB.
Total: 18.844600 ms (FindLiveObjects: 1.640300 ms CreateObjectMapping: 0.969700 ms MarkObjects: 9.269500 ms  DeleteObjects: 6.962200 ms)

Prepare: number of updated asset objects reloaded= 0
========================================================================
Received Prepare
Begin MonoManager ReloadAssembly
- Loaded All Assemblies, in  5.249 seconds
Refreshing native plugins compatible for Editor in 3.93 ms, found 4 plugins.
Native extension for iOS target not found
Native extension for Android target not found
Native extension for WindowsStandalone target not found
Native extension for WebGL target not found
Mono: successfully reloaded assembly
- Finished resetting the current domain, in  1.205 seconds
Domain Reload Profiling: 6488ms
	BeginReloadAssembly (1952ms)
		ExecutionOrderSort (11ms)
		DisableScriptedObjects (465ms)
		BackupInstance (0ms)
		ReleaseScriptingObjects (3ms)
		CreateAndSetChildDomain (563ms)
	RebuildCommonClasses (70ms)
	RebuildNativeTypeToScriptingClass (11ms)
	initialDomainReloadingComplete (62ms)
	LoadAllAssembliesAndSetupDomain (3187ms)
		LoadAssemblies (2191ms)
		RebuildTransferFunctionScriptingTraits (0ms)
		AnalyzeDomain (1242ms)
			TypeCache.Refresh (44ms)
				TypeCache.ScanAssembly (0ms)
			BuildScriptInfoCaches (1095ms)
			ResolveRequiredComponents (36ms)
	FinalizeReload (1207ms)
		ReleaseScriptCaches (0ms)
		RebuildScriptCaches (0ms)
		SetupLoadedEditorAssemblies (976ms)
			LogAssemblyErrors (0ms)
			InitializePlatformSupportModulesInManaged (23ms)
			SetLoadedEditorAssemblies (8ms)
			BeforeProcessingInitializeOnLoad (262ms)
			ProcessInitializeOnLoadAttributes (588ms)
			ProcessInitializeOnLoadMethodAttributes (91ms)
			AfterProcessingInitializeOnLoad (2ms)
			EditorAssembliesLoaded (2ms)
		ExecutionOrderSort2 (0ms)
		AwakeInstancesAfterBackupRestoration (27ms)
Refreshing native plugins compatible for Editor in 4.39 ms, found 4 plugins.
Preloading 0 native plugins for Editor in 0.00 ms.
Unloading 31 Unused Serialized files (Serialized files now loaded: 0)
Unloading 6724 unused Assets / (9.4 MB). Loaded Objects now: 8115.
Memory consumption went from 208.6 MB to 199.2 MB.
Total: 24.550600 ms (FindLiveObjects: 1.772300 ms CreateObjectMapping: 1.282600 ms MarkObjects: 10.415500 ms  DeleteObjects: 11.077400 ms)

Prepare: number of updated asset objects reloaded= 0
========================================================================
Received Prepare
Begin MonoManager ReloadAssembly
- Loaded All Assemblies, in  3.606 seconds
Refreshing native plugins compatible for Editor in 1.62 ms, found 4 plugins.
Native extension for iOS target not found
Native extension for Android target not found
Native extension for WindowsStandalone target not found
Native extension for WebGL target not found
Mono: successfully reloaded assembly
- Finished resetting the current domain, in  1.119 seconds
Domain Reload Profiling: 4745ms
	BeginReloadAssembly (1208ms)
		ExecutionOrderSort (1ms)
		DisableScriptedObjects (139ms)
		BackupInstance (0ms)
		ReleaseScriptingObjects (4ms)
		CreateAndSetChildDomain (427ms)
	RebuildCommonClasses (57ms)
	RebuildNativeTypeToScriptingClass (13ms)
	initialDomainReloadingComplete (106ms)
	LoadAllAssembliesAndSetupDomain (2243ms)
		LoadAssemblies (1900ms)
		RebuildTransferFunctionScriptingTraits (0ms)
		AnalyzeDomain (741ms)
			TypeCache.Refresh (36ms)
				TypeCache.ScanAssembly (0ms)
			BuildScriptInfoCaches (593ms)
			ResolveRequiredComponents (29ms)
	FinalizeReload (1120ms)
		ReleaseScriptCaches (0ms)
		RebuildScriptCaches (0ms)
		SetupLoadedEditorAssemblies (913ms)
			LogAssemblyErrors (0ms)
			InitializePlatformSupportModulesInManaged (15ms)
			SetLoadedEditorAssemblies (7ms)
			BeforeProcessingInitializeOnLoad (241ms)
			ProcessInitializeOnLoadAttributes (544ms)
			ProcessInitializeOnLoadMethodAttributes (102ms)
			AfterProcessingInitializeOnLoad (2ms)
			EditorAssembliesLoaded (1ms)
		ExecutionOrderSort2 (0ms)
		AwakeInstancesAfterBackupRestoration (24ms)
Refreshing native plugins compatible for Editor in 3.04 ms, found 4 plugins.
Preloading 0 native plugins for Editor in 0.00 ms.
Unloading 31 Unused Serialized files (Serialized files now loaded: 0)
Unloading 6724 unused Assets / (9.4 MB). Loaded Objects now: 8117.
Memory consumption went from 191.9 MB to 182.4 MB.
Total: 27.291700 ms (FindLiveObjects: 4.199500 ms CreateObjectMapping: 1.424300 ms MarkObjects: 10.895900 ms  DeleteObjects: 10.767900 ms)

Prepare: number of updated asset objects reloaded= 0
========================================================================
Received Prepare
Begin MonoManager ReloadAssembly
- Loaded All Assemblies, in  3.639 seconds
Refreshing native plugins compatible for Editor in 3.43 ms, found 4 plugins.
Native extension for iOS target not found
Native extension for Android target not found
Native extension for WindowsStandalone target not found
Native extension for WebGL target not found
Mono: successfully reloaded assembly
- Finished resetting the current domain, in  1.627 seconds
Domain Reload Profiling: 5272ms
	BeginReloadAssembly (1400ms)
		ExecutionOrderSort (1ms)
		DisableScriptedObjects (118ms)
		BackupInstance (0ms)
		ReleaseScriptingObjects (3ms)
		CreateAndSetChildDomain (437ms)
	RebuildCommonClasses (50ms)
	RebuildNativeTypeToScriptingClass (12ms)
	initialDomainReloadingComplete (56ms)
	LoadAllAssembliesAndSetupDomain (2128ms)
		LoadAssemblies (2405ms)
		RebuildTransferFunctionScriptingTraits (0ms)
		AnalyzeDomain (372ms)
			TypeCache.Refresh (30ms)
				TypeCache.ScanAssembly (0ms)
			BuildScriptInfoCaches (286ms)
			ResolveRequiredComponents (14ms)
	FinalizeReload (1627ms)
		ReleaseScriptCaches (0ms)
		RebuildScriptCaches (0ms)
		SetupLoadedEditorAssemblies (1390ms)
			LogAssemblyErrors (0ms)
			InitializePlatformSupportModulesInManaged (20ms)
			SetLoadedEditorAssemblies (7ms)
			BeforeProcessingInitializeOnLoad (239ms)
			ProcessInitializeOnLoadAttributes (954ms)
			ProcessInitializeOnLoadMethodAttributes (164ms)
			AfterProcessingInitializeOnLoad (2ms)
			EditorAssembliesLoaded (2ms)
		ExecutionOrderSort2 (0ms)
		AwakeInstancesAfterBackupRestoration (38ms)
Refreshing native plugins compatible for Editor in 6.12 ms, found 4 plugins.
Preloading 0 native plugins for Editor in 0.00 ms.
Unloading 31 Unused Serialized files (Serialized files now loaded: 0)
Unloading 6724 unused Assets / (7.6 MB). Loaded Objects now: 8119.
Memory consumption went from 188.1 MB to 180.5 MB.
Total: 16.208800 ms (FindLiveObjects: 1.333600 ms CreateObjectMapping: 0.707100 ms MarkObjects: 8.083100 ms  DeleteObjects: 6.082700 ms)

Prepare: number of updated asset objects reloaded= 0
