Using pre-set license
Built from '6000.1/staging' branch; Version is '6000.1.9f1 (ed7b183fd33d) revision 15563544'; Using compiler version '194234433'; Build Type 'Release'
OS: 'Windows 11  (10.0.26100) 64bit CoreSingleLanguage' Language: 'en' Physical Memory: 7521 MB
BatchMode: 1, IsHumanControllingUs: 0, StartBugReporterOnCrash: 0, Is64bit: 1, IsPro: 1
Date: 2025-09-24T20:56:02Z

COMMAND LINE ARGUMENTS:
D:\unity\6000.1.9f1\Editor\Unity.exe
-adb2
-batchMode
-noUpm
-name
AssetImportWorker6
-projectPath
D:/unity/FinalLab
-logFile
Logs/AssetImportWorker6.log
-srvPort
49916
-job-worker-count
5
-background-job-worker-count
8
-gc-helper-count
1
-name
AssetImport
Successfully changed project path to: D:/unity/FinalLab
D:/unity/FinalLab
[UnityMemory] Configuration Parameters - Can be set up in boot.config
    "memorysetup-allocator-temp-initial-block-size-main=262144"
    "memorysetup-allocator-temp-initial-block-size-worker=262144"
    "memorysetup-bucket-allocator-granularity=16"
    "memorysetup-bucket-allocator-bucket-count=8"
    "memorysetup-bucket-allocator-block-size=33554432"
    "memorysetup-bucket-allocator-block-count=8"
    "memorysetup-main-allocator-block-size=16777216"
    "memorysetup-thread-allocator-block-size=16777216"
    "memorysetup-gfx-main-allocator-block-size=16777216"
    "memorysetup-gfx-thread-allocator-block-size=16777216"
    "memorysetup-cache-allocator-block-size=4194304"
    "memorysetup-typetree-allocator-block-size=2097152"
    "memorysetup-profiler-bucket-allocator-granularity=16"
    "memorysetup-profiler-bucket-allocator-bucket-count=8"
    "memorysetup-profiler-bucket-allocator-block-size=33554432"
    "memorysetup-profiler-bucket-allocator-block-count=8"
    "memorysetup-profiler-allocator-block-size=16777216"
    "memorysetup-profiler-editor-allocator-block-size=1048576"
    "memorysetup-temp-allocator-size-main=16777216"
    "memorysetup-job-temp-allocator-block-size=2097152"
    "memorysetup-job-temp-allocator-block-size-background=1048576"
    "memorysetup-job-temp-allocator-reduction-small-platforms=262144"
    "memorysetup-temp-allocator-size-background-worker=32768"
    "memorysetup-temp-allocator-size-job-worker=262144"
    "memorysetup-temp-allocator-size-preload-manager=33554432"
    "memorysetup-temp-allocator-size-nav-mesh-worker=65536"
    "memorysetup-temp-allocator-size-audio-worker=65536"
    "memorysetup-temp-allocator-size-cloud-worker=32768"
    "memorysetup-temp-allocator-size-gi-baking-worker=262144"
    "memorysetup-temp-allocator-size-gi-baking-worker=262144"
    "memorysetup-temp-allocator-size-gi-baking-worker=262144"
    "memorysetup-temp-allocator-size-gi-baking-worker=262144"
    "memorysetup-temp-allocator-size-gi-baking-worker=262144"
    "memorysetup-temp-allocator-size-gfx=262144"
Player connection [18040]  Target information:

Player connection [18040]  * "[IP] 192.168.100.80 [Port] 0 [Flags] 2 [Guid] 1978717301 [EditorId] 1978717301 [Version] 1048832 [Id] WindowsEditor(7,DESKTOP-FNTS013) [Debug] 1 [PackageName] WindowsEditor [ProjectName] Editor" 

Player connection [18040] Host joined multi-casting on [225.0.0.222:54997]...
Player connection [18040] Host joined alternative multi-casting on [225.0.0.222:34997]...
JobSystem: Creating JobQueue using job-worker-count value 5
Input System module state changed to: Initialized.
[Physics::Module] Initialized fallback backend.
[Physics::Module] Id: 0xdecafbad
Library Redirect Path: Library/
[Physics::Module] Selected backend.
[Physics::Module] Name: PhysX
[Physics::Module] Id: 0xf2b8ea05
[Physics::Module] SDK Version: 4.1.2
[Physics::Module] Integration Version: 1.0.0
[Physics::Module] Threading Mode: Multi-Threaded
Refreshing native plugins compatible for Editor in 14.77 ms, found 4 plugins.
Preloading 0 native plugins for Editor in 0.00 ms.
Initialize engine version: 6000.1.9f1 (ed7b183fd33d)
[Subsystems] Discovering subsystems at path D:/unity/6000.1.9f1/Editor/Data/Resources/UnitySubsystems
[Subsystems] Discovering subsystems at path D:/unity/FinalLab/Assets
GfxDevice: creating device client; kGfxThreadingModeNonThreaded
Direct3D:
    Version:         Direct3D 12 [level 12.1]
    Renderer:        NVIDIA GeForce GTX 1650 (ID=0x1f9d)
    Vendor:          NVIDIA
    VRAM:            3937 MB
    App VRAM Budget: 3346 MB
    Driver:          32.0.15.7703
Initialize mono
Mono path[0] = 'D:/unity/6000.1.9f1/Editor/Data/Managed'
Mono path[1] = 'D:/unity/6000.1.9f1/Editor/Data/MonoBleedingEdge/lib/mono/unityjit-win32'
Mono config path = 'D:/unity/6000.1.9f1/Editor/Data/MonoBleedingEdge/etc'
Using monoOptions --debugger-agent=transport=dt_socket,embedding=1,server=y,suspend=n,address=127.0.0.1:56672
Begin MonoManager ReloadAssembly
Registering precompiled unity dll's ...
Register platform support module: D:/unity/6000.1.9f1/Editor/Data/PlaybackEngines/WebGLSupport/UnityEditor.WebGL.Extensions.dll
Register platform support module: D:/unity/6000.1.9f1/Editor/Data/PlaybackEngines/WindowsStandaloneSupport/UnityEditor.WindowsStandalone.Extensions.dll
Register platform support module: D:/unity/6000.1.9f1/Editor/Data/PlaybackEngines/AndroidPlayer/UnityEditor.Android.Extensions.dll
Register platform support module: D:/unity/6000.1.9f1/Editor/Data/PlaybackEngines/iOSSupport/UnityEditor.iOS.Extensions.dll
Registered in 0.003942 seconds.
- Loaded All Assemblies, in  0.661 seconds
[usbmuxd] Start listen thread
[usbmuxd] Listen thread started
Native extension for iOS target not found
Native extension for Android target not found
Android Extension - Scanning For ADB Devices 304 ms
Native extension for WindowsStandalone target not found
Native extension for WebGL target not found
Mono: successfully reloaded assembly
- Finished resetting the current domain, in  1.274 seconds
Domain Reload Profiling: 1934ms
	BeginReloadAssembly (220ms)
		ExecutionOrderSort (0ms)
		DisableScriptedObjects (0ms)
		BackupInstance (0ms)
		ReleaseScriptingObjects (0ms)
		CreateAndSetChildDomain (2ms)
	RebuildCommonClasses (45ms)
	RebuildNativeTypeToScriptingClass (11ms)
	initialDomainReloadingComplete (53ms)
	LoadAllAssembliesAndSetupDomain (331ms)
		LoadAssemblies (216ms)
		RebuildTransferFunctionScriptingTraits (0ms)
		AnalyzeDomain (325ms)
			TypeCache.Refresh (316ms)
				TypeCache.ScanAssembly (266ms)
			BuildScriptInfoCaches (0ms)
			ResolveRequiredComponents (8ms)
	FinalizeReload (1274ms)
		ReleaseScriptCaches (0ms)
		RebuildScriptCaches (0ms)
		SetupLoadedEditorAssemblies (685ms)
			LogAssemblyErrors (0ms)
			InitializePlatformSupportModulesInManaged (457ms)
			SetLoadedEditorAssemblies (4ms)
			BeforeProcessingInitializeOnLoad (58ms)
			ProcessInitializeOnLoadAttributes (112ms)
			ProcessInitializeOnLoadMethodAttributes (53ms)
			AfterProcessingInitializeOnLoad (0ms)
			EditorAssembliesLoaded (0ms)
		ExecutionOrderSort2 (0ms)
		AwakeInstancesAfterBackupRestoration (0ms)
========================================================================
Worker process is ready to serve import requests
Import Worker Mode flag is 0x00
Begin MonoManager ReloadAssembly
- Loaded All Assemblies, in  0.844 seconds
Refreshing native plugins compatible for Editor in 2.24 ms, found 4 plugins.
Native extension for iOS target not found
Native extension for Android target not found
Native extension for WindowsStandalone target not found
Native extension for WebGL target not found
Mono: successfully reloaded assembly
- Finished resetting the current domain, in  0.920 seconds
Domain Reload Profiling: 1763ms
	BeginReloadAssembly (171ms)
		ExecutionOrderSort (0ms)
		DisableScriptedObjects (6ms)
		BackupInstance (0ms)
		ReleaseScriptingObjects (0ms)
		CreateAndSetChildDomain (32ms)
	RebuildCommonClasses (33ms)
	RebuildNativeTypeToScriptingClass (11ms)
	initialDomainReloadingComplete (35ms)
	LoadAllAssembliesAndSetupDomain (592ms)
		LoadAssemblies (426ms)
		RebuildTransferFunctionScriptingTraits (0ms)
		AnalyzeDomain (262ms)
			TypeCache.Refresh (186ms)
				TypeCache.ScanAssembly (171ms)
			BuildScriptInfoCaches (63ms)
			ResolveRequiredComponents (10ms)
	FinalizeReload (920ms)
		ReleaseScriptCaches (0ms)
		RebuildScriptCaches (0ms)
		SetupLoadedEditorAssemblies (764ms)
			LogAssemblyErrors (0ms)
			InitializePlatformSupportModulesInManaged (13ms)
			SetLoadedEditorAssemblies (7ms)
			BeforeProcessingInitializeOnLoad (187ms)
			ProcessInitializeOnLoadAttributes (422ms)
			ProcessInitializeOnLoadMethodAttributes (132ms)
			AfterProcessingInitializeOnLoad (2ms)
			EditorAssembliesLoaded (0ms)
		ExecutionOrderSort2 (0ms)
		AwakeInstancesAfterBackupRestoration (7ms)
Launched and connected shader compiler UnityShaderCompiler.exe after 0.03 seconds
Refreshing native plugins compatible for Editor in 1.22 ms, found 4 plugins.
Preloading 0 native plugins for Editor in 0.00 ms.
Unloading 231 Unused Serialized files (Serialized files now loaded: 0)
Unloading 6721 unused Assets / (7.0 MB). Loaded Objects now: 7417.
Memory consumption went from 176.2 MB to 169.2 MB.
Total: 10.918300 ms (FindLiveObjects: 0.849300 ms CreateObjectMapping: 1.099600 ms MarkObjects: 5.608700 ms  DeleteObjects: 3.359800 ms)

========================================================================
Received Import Request.
  Time since last request: 119538.585416 seconds.
  path: Assets/UISprite/Button/Sliders/Slider_Bar_03.png
  artifactKey: Guid(61489260a497f9c4e96a5b68173258ac) Importer(815301076,1909f56bfc062723c751e8b465ee728b)
Start importing Assets/UISprite/Button/Sliders/Slider_Bar_03.png using Guid(61489260a497f9c4e96a5b68173258ac) Importer(815301076,1909f56bfc062723c751e8b465ee728b) (PreviewImporter) -> (artifact id: '8f5e91d3aa95d7ecc7724bd03fb61e43') in 0.1803172 seconds
Number of updated asset objects reloaded before import = 0Number of asset objects unloaded after import = 3

========================================================================
Received Import Request.
  Time since last request: 0.000024 seconds.
  path: Assets/UISprite/Button/Sliders/Slider_Up_Down_13.png
  artifactKey: Guid(f68ce61ebb5f2c54dae65992deaa903d) Importer(815301076,1909f56bfc062723c751e8b465ee728b)
Start importing Assets/UISprite/Button/Sliders/Slider_Up_Down_13.png using Guid(f68ce61ebb5f2c54dae65992deaa903d) Importer(815301076,1909f56bfc062723c751e8b465ee728b) (PreviewImporter) -> (artifact id: 'e31fb114abb7e96c10ca0a970fc598e6') in 0.0717419 seconds
Number of updated asset objects reloaded before import = 0Number of asset objects unloaded after import = 8

========================================================================
Received Import Request.
  Time since last request: 0.000030 seconds.
  path: Assets/UISprite/Button/Sliders/Slider_Up_Down_14.png
  artifactKey: Guid(128468cc120838c45ac4b6ab87c5b5c5) Importer(815301076,1909f56bfc062723c751e8b465ee728b)
Start importing Assets/UISprite/Button/Sliders/Slider_Up_Down_14.png using Guid(128468cc120838c45ac4b6ab87c5b5c5) Importer(815301076,1909f56bfc062723c751e8b465ee728b) (PreviewImporter) -> (artifact id: '2a7e4bf6303c26bac20c4038bf3579d1') in 0.0523149 seconds
Number of updated asset objects reloaded before import = 0Number of asset objects unloaded after import = 9

========================================================================
Received Import Request.
  Time since last request: 0.000022 seconds.
  path: Assets/UISprite/Button/Sliders/Slider_Bar_06.png
  artifactKey: Guid(5b5aea53dc9c090438c86beaf718d3ea) Importer(815301076,1909f56bfc062723c751e8b465ee728b)
Start importing Assets/UISprite/Button/Sliders/Slider_Bar_06.png using Guid(5b5aea53dc9c090438c86beaf718d3ea) Importer(815301076,1909f56bfc062723c751e8b465ee728b) (PreviewImporter) -> (artifact id: 'a2873b04e321166acb965154c7e59db4') in 0.0265358 seconds
Number of updated asset objects reloaded before import = 0Number of asset objects unloaded after import = 3

========================================================================
Received Import Request.
  Time since last request: 0.000021 seconds.
  path: Assets/UISprite/Button/Sliders/Slider_Up_Down_16.png
  artifactKey: Guid(de7b96fa1de405d46b81acb2aaa0b3aa) Importer(815301076,1909f56bfc062723c751e8b465ee728b)
Start importing Assets/UISprite/Button/Sliders/Slider_Up_Down_16.png using Guid(de7b96fa1de405d46b81acb2aaa0b3aa) Importer(815301076,1909f56bfc062723c751e8b465ee728b) (PreviewImporter) -> (artifact id: '322dee50bd6f19b6ecc310af2785f0ad') in 0.0437032 seconds
Number of updated asset objects reloaded before import = 0Number of asset objects unloaded after import = 10

========================================================================
Received Import Request.
  Time since last request: 0.000020 seconds.
  path: Assets/UISprite/Button/Sliders/Slider_Up_Down_15.png
  artifactKey: Guid(419ea97e22ad9a446b03374d2dcb649c) Importer(815301076,1909f56bfc062723c751e8b465ee728b)
Start importing Assets/UISprite/Button/Sliders/Slider_Up_Down_15.png using Guid(419ea97e22ad9a446b03374d2dcb649c) Importer(815301076,1909f56bfc062723c751e8b465ee728b) (PreviewImporter) -> (artifact id: '1e877f0ad34e07902fe19387ac2fc4fd') in 0.0406659 seconds
Number of updated asset objects reloaded before import = 0Number of asset objects unloaded after import = 9

========================================================================
Received Import Request.
  Time since last request: 0.000038 seconds.
  path: Assets/UISprite/Button/Sliders/Slider_Up_Down_11.png
  artifactKey: Guid(f3423cdf115e2aa42a5ce50094fa4b25) Importer(815301076,1909f56bfc062723c751e8b465ee728b)
Start importing Assets/UISprite/Button/Sliders/Slider_Up_Down_11.png using Guid(f3423cdf115e2aa42a5ce50094fa4b25) Importer(815301076,1909f56bfc062723c751e8b465ee728b) (PreviewImporter) -> (artifact id: '86cfdcec600abff782b8cd2f59bb7932') in 0.0337781 seconds
Number of updated asset objects reloaded before import = 0Number of asset objects unloaded after import = 7

========================================================================
Received Import Request.
  Time since last request: 1.004864 seconds.
  path: Assets/UISprite/Button/Sliders/Slider_Up_Down_19.png
  artifactKey: Guid(17b6b3e55b373cd45a681774212d78c3) Importer(815301076,1909f56bfc062723c751e8b465ee728b)
Start importing Assets/UISprite/Button/Sliders/Slider_Up_Down_19.png using Guid(17b6b3e55b373cd45a681774212d78c3) Importer(815301076,1909f56bfc062723c751e8b465ee728b) (PreviewImporter) -> (artifact id: '6c7100576ded751fa417beb9b15ab6dd') in 0.040512 seconds
Number of updated asset objects reloaded before import = 0Number of asset objects unloaded after import = 11

========================================================================
Received Import Request.
  Time since last request: 0.000022 seconds.
  path: Assets/UISprite/Button/Sliders/Slider_Up_Down_20.png
  artifactKey: Guid(4b49778d6e83ebc4eb5d05772cc14e20) Importer(815301076,1909f56bfc062723c751e8b465ee728b)
Start importing Assets/UISprite/Button/Sliders/Slider_Up_Down_20.png using Guid(4b49778d6e83ebc4eb5d05772cc14e20) Importer(815301076,1909f56bfc062723c751e8b465ee728b) (PreviewImporter) -> (artifact id: 'd7c180424042a5139f3d3cf7fe01e259') in 0.0456907 seconds
Number of updated asset objects reloaded before import = 0Number of asset objects unloaded after import = 12

========================================================================
Received Import Request.
  Time since last request: 0.000026 seconds.
  path: Assets/UISprite/Button/Sliders/Slider_Up_Down_28.png
  artifactKey: Guid(40944d5c674a803418026e3b92b88c38) Importer(815301076,1909f56bfc062723c751e8b465ee728b)
Start importing Assets/UISprite/Button/Sliders/Slider_Up_Down_28.png using Guid(40944d5c674a803418026e3b92b88c38) Importer(815301076,1909f56bfc062723c751e8b465ee728b) (PreviewImporter) -> (artifact id: '2d084547c0f07125da888119438ec039') in 0.0399121 seconds
Number of updated asset objects reloaded before import = 0Number of asset objects unloaded after import = 9

========================================================================
Received Import Request.
  Time since last request: 0.000035 seconds.
  path: Assets/UISprite/Button/Sliders/Slider_Up_Down_30.png
  artifactKey: Guid(8a305aad6cf86204eb5e668118c7c849) Importer(815301076,1909f56bfc062723c751e8b465ee728b)
Start importing Assets/UISprite/Button/Sliders/Slider_Up_Down_30.png using Guid(8a305aad6cf86204eb5e668118c7c849) Importer(815301076,1909f56bfc062723c751e8b465ee728b) (PreviewImporter) -> (artifact id: '6369cec66d50b00ed7c283d5df04a8cd') in 0.0416428 seconds
Number of updated asset objects reloaded before import = 0Number of asset objects unloaded after import = 8

========================================================================
Received Import Request.
  Time since last request: 0.000021 seconds.
  path: Assets/UISprite/Button/Sliders/Slider_Up_Down_23.png
  artifactKey: Guid(1ca08df0f46770e4593cc9bd2de8b24b) Importer(815301076,1909f56bfc062723c751e8b465ee728b)
Start importing Assets/UISprite/Button/Sliders/Slider_Up_Down_23.png using Guid(1ca08df0f46770e4593cc9bd2de8b24b) Importer(815301076,1909f56bfc062723c751e8b465ee728b) (PreviewImporter) -> (artifact id: 'd7776d39499406c6426bfedaf044a5da') in 0.0520262 seconds
Number of updated asset objects reloaded before import = 0Number of asset objects unloaded after import = 11

========================================================================
Received Import Request.
  Time since last request: 4.084201 seconds.
  path: Assets/UISprite/Button/Text Only Buttons/Text_Only_Back_03.png
  artifactKey: Guid(95cf5f6ff98e7754b83cb241ceb60c9c) Importer(815301076,1909f56bfc062723c751e8b465ee728b)
Start importing Assets/UISprite/Button/Text Only Buttons/Text_Only_Back_03.png using Guid(95cf5f6ff98e7754b83cb241ceb60c9c) Importer(815301076,1909f56bfc062723c751e8b465ee728b) (PreviewImporter) -> (artifact id: '0f475fb21e61c4f937d0830ba7a87268') in 0.0717561 seconds
Number of updated asset objects reloaded before import = 0Number of asset objects unloaded after import = 6

========================================================================
Received Import Request.
  Time since last request: 0.000024 seconds.
  path: Assets/UISprite/Button/Text Only Buttons/Text_Only_Next_02.png
  artifactKey: Guid(4498cb81019661a4a8083f30492c0316) Importer(815301076,1909f56bfc062723c751e8b465ee728b)
Start importing Assets/UISprite/Button/Text Only Buttons/Text_Only_Next_02.png using Guid(4498cb81019661a4a8083f30492c0316) Importer(815301076,1909f56bfc062723c751e8b465ee728b) (PreviewImporter) -> (artifact id: 'f5100a1eeea029a7bb58db863a0c1699') in 0.0623937 seconds
Number of updated asset objects reloaded before import = 0Number of asset objects unloaded after import = 6

========================================================================
Received Import Request.
  Time since last request: 0.000031 seconds.
  path: Assets/UISprite/Button/Text Only Buttons/Text_Only_Menu_02.png
  artifactKey: Guid(0f353f941cd44eb4a97d18d2deae2e0d) Importer(815301076,1909f56bfc062723c751e8b465ee728b)
Start importing Assets/UISprite/Button/Text Only Buttons/Text_Only_Menu_02.png using Guid(0f353f941cd44eb4a97d18d2deae2e0d) Importer(815301076,1909f56bfc062723c751e8b465ee728b) (PreviewImporter) -> (artifact id: '72f47398de402086d61efc94435bfcb7') in 0.0600482 seconds
Number of updated asset objects reloaded before import = 0Number of asset objects unloaded after import = 6

========================================================================
Received Import Request.
  Time since last request: 0.000017 seconds.
  path: Assets/UISprite/Button/Text Only Buttons/Text_Only_Quit_02.png
  artifactKey: Guid(aa7f238e8133f1a4e956195044b0ca31) Importer(815301076,1909f56bfc062723c751e8b465ee728b)
Start importing Assets/UISprite/Button/Text Only Buttons/Text_Only_Quit_02.png using Guid(aa7f238e8133f1a4e956195044b0ca31) Importer(815301076,1909f56bfc062723c751e8b465ee728b) (PreviewImporter) -> (artifact id: '956e754518fdb8078405acdcc2ee85e2') in 0.0325821 seconds
Number of updated asset objects reloaded before import = 0Number of asset objects unloaded after import = 6

========================================================================
Received Import Request.
  Time since last request: 0.000021 seconds.
  path: Assets/UISprite/Button/Text Only Buttons/Text_Only_Quit_01.png
  artifactKey: Guid(34166f5a8f007d141b3e9afda894746d) Importer(815301076,1909f56bfc062723c751e8b465ee728b)
Start importing Assets/UISprite/Button/Text Only Buttons/Text_Only_Quit_01.png using Guid(34166f5a8f007d141b3e9afda894746d) Importer(815301076,1909f56bfc062723c751e8b465ee728b) (PreviewImporter) -> (artifact id: 'e92f5a79a6cbfcb276c2fd96f30f52c7') in 0.0332745 seconds
Number of updated asset objects reloaded before import = 0Number of asset objects unloaded after import = 6

========================================================================
Received Import Request.
  Time since last request: 0.000026 seconds.
  path: Assets/UISprite/Button/Text Only Buttons/Text_Only_Continue_01.png
  artifactKey: Guid(dc381face5ca46e4db669973176a544e) Importer(815301076,1909f56bfc062723c751e8b465ee728b)
Start importing Assets/UISprite/Button/Text Only Buttons/Text_Only_Continue_01.png using Guid(dc381face5ca46e4db669973176a544e) Importer(815301076,1909f56bfc062723c751e8b465ee728b) (PreviewImporter) -> (artifact id: '5c137845a49e9659e6a6eedce59ebe80') in 0.0448905 seconds
Number of updated asset objects reloaded before import = 0Number of asset objects unloaded after import = 10

========================================================================
Received Import Request.
  Time since last request: 0.000027 seconds.
  path: Assets/UISprite/Button/Text Only Buttons/Text_Only_Exit_02.png
  artifactKey: Guid(2df3a2e543ebf9b4b81e8a69c647a4ef) Importer(815301076,1909f56bfc062723c751e8b465ee728b)
Start importing Assets/UISprite/Button/Text Only Buttons/Text_Only_Exit_02.png using Guid(2df3a2e543ebf9b4b81e8a69c647a4ef) Importer(815301076,1909f56bfc062723c751e8b465ee728b) (PreviewImporter) -> (artifact id: '33a00cd929d860ae2fc7e7e322eb86f5') in 0.0305837 seconds
Number of updated asset objects reloaded before import = 0Number of asset objects unloaded after import = 6

========================================================================
Received Import Request.
  Time since last request: 0.000026 seconds.
  path: Assets/UISprite/Button/Text Only Buttons/Text_Only_Play_01.png
  artifactKey: Guid(7798c924ff1c8474e93d6744d55bd3f5) Importer(815301076,1909f56bfc062723c751e8b465ee728b)
Start importing Assets/UISprite/Button/Text Only Buttons/Text_Only_Play_01.png using Guid(7798c924ff1c8474e93d6744d55bd3f5) Importer(815301076,1909f56bfc062723c751e8b465ee728b) (PreviewImporter) -> (artifact id: '6d662c3bbb5098308ee6d3ddd662a06d') in 0.0306498 seconds
Number of updated asset objects reloaded before import = 0Number of asset objects unloaded after import = 6

========================================================================
Received Import Request.
  Time since last request: 0.995583 seconds.
  path: Assets/UISprite/Button/Text Only Buttons/Text_Only_Settings_01.png
  artifactKey: Guid(0537cbe569d0b3b4abb06ae57f0f3502) Importer(815301076,1909f56bfc062723c751e8b465ee728b)
Start importing Assets/UISprite/Button/Text Only Buttons/Text_Only_Settings_01.png using Guid(0537cbe569d0b3b4abb06ae57f0f3502) Importer(815301076,1909f56bfc062723c751e8b465ee728b) (PreviewImporter) -> (artifact id: '849e5758bf5aa3b337ec07249f4dee97') in 0.0378733 seconds
Number of updated asset objects reloaded before import = 0Number of asset objects unloaded after import = 10

========================================================================
Received Import Request.
  Time since last request: 0.000016 seconds.
  path: Assets/UISprite/Button/Text Only Buttons/Text_Only_Settings_03.png
  artifactKey: Guid(16b73f45b0f14114eaac3fa54ecd647a) Importer(815301076,1909f56bfc062723c751e8b465ee728b)
Start importing Assets/UISprite/Button/Text Only Buttons/Text_Only_Settings_03.png using Guid(16b73f45b0f14114eaac3fa54ecd647a) Importer(815301076,1909f56bfc062723c751e8b465ee728b) (PreviewImporter) -> (artifact id: '34c096887adb7944e822b0db7f0ddbf0') in 0.04552 seconds
Number of updated asset objects reloaded before import = 0Number of asset objects unloaded after import = 10

========================================================================
Received Import Request.
  Time since last request: 55.642785 seconds.
  path: Assets/UISprite/Button/Sliders/Slider_Up_Down_33.png
  artifactKey: Guid(86fa657c693084f47999577083e93fe4) Importer(815301076,1909f56bfc062723c751e8b465ee728b)
Start importing Assets/UISprite/Button/Sliders/Slider_Up_Down_33.png using Guid(86fa657c693084f47999577083e93fe4) Importer(815301076,1909f56bfc062723c751e8b465ee728b) (PreviewImporter) -> (artifact id: '49328183bdee6fef449f8996ac69d81a') in 0.0733267 seconds
Number of updated asset objects reloaded before import = 0Number of asset objects unloaded after import = 6

========================================================================
Received Import Request.
  Time since last request: 0.000024 seconds.
  path: Assets/UISprite/Button/Sliders/Slider_Up_Down_36.png
  artifactKey: Guid(1a15debf480bc794299bf0e51235c7a8) Importer(815301076,1909f56bfc062723c751e8b465ee728b)
Start importing Assets/UISprite/Button/Sliders/Slider_Up_Down_36.png using Guid(1a15debf480bc794299bf0e51235c7a8) Importer(815301076,1909f56bfc062723c751e8b465ee728b) (PreviewImporter) -> (artifact id: 'e30747357d05a6ed50fc5cdad402ce7d') in 0.0505016 seconds
Number of updated asset objects reloaded before import = 0Number of asset objects unloaded after import = 5

========================================================================
Received Import Request.
  Time since last request: 0.000045 seconds.
  path: Assets/UISprite/Button/Sliders/Slider_Up_Down_37.png
  artifactKey: Guid(09733a3c740734f4d9620692069e0f05) Importer(815301076,1909f56bfc062723c751e8b465ee728b)
Start importing Assets/UISprite/Button/Sliders/Slider_Up_Down_37.png using Guid(09733a3c740734f4d9620692069e0f05) Importer(815301076,1909f56bfc062723c751e8b465ee728b) (PreviewImporter) -> (artifact id: 'c1e5110cf06ddf3ea9269ecbf9d0109e') in 0.0245673 seconds
Number of updated asset objects reloaded before import = 0Number of asset objects unloaded after import = 4

========================================================================
Received Import Request.
  Time since last request: 0.000017 seconds.
  path: Assets/UISprite/Button/Sliders/Slider_Up_Down_40.png
  artifactKey: Guid(8ac2cc6bd0efd194683c76d5905ffdf8) Importer(815301076,1909f56bfc062723c751e8b465ee728b)
Start importing Assets/UISprite/Button/Sliders/Slider_Up_Down_40.png using Guid(8ac2cc6bd0efd194683c76d5905ffdf8) Importer(815301076,1909f56bfc062723c751e8b465ee728b) (PreviewImporter) -> (artifact id: 'cd634a1ff132da8945a7cc156708b5d5') in 0.0203805 seconds
Number of updated asset objects reloaded before import = 0Number of asset objects unloaded after import = 3

========================================================================
Received Import Request.
  Time since last request: 942.308188 seconds.
  path: Assets/UISprite/GomePixel-DYJX1.otf
  artifactKey: Guid(6f23ab16a13f26a48b60bc31e0c0f922) Importer(815301076,1909f56bfc062723c751e8b465ee728b)
Start importing Assets/UISprite/GomePixel-DYJX1.otf using Guid(6f23ab16a13f26a48b60bc31e0c0f922) Importer(815301076,1909f56bfc062723c751e8b465ee728b) (PreviewImporter) -> (artifact id: '72a965532c0302d77be5decdd50a3d8f') in 2.0163323 seconds
Number of updated asset objects reloaded before import = 0Number of asset objects unloaded after import = 4

========================================================================
Received Import Request.
  Time since last request: 724.018344 seconds.
  path: Assets/UISprite/GomePixel-DYJX1 SDF.asset
  artifactKey: Guid(6e804971b0531fa4b98a873cc7d1e306) Importer(815301076,1909f56bfc062723c751e8b465ee728b)
Start importing Assets/UISprite/GomePixel-DYJX1 SDF.asset using Guid(6e804971b0531fa4b98a873cc7d1e306) Importer(815301076,1909f56bfc062723c751e8b465ee728b) (PreviewImporter) -> (artifact id: '71ddd481c4879237438a692826f2c1f6') in 0.623376 seconds
Number of updated asset objects reloaded before import = 0Number of asset objects unloaded after import = 6

========================================================================
Received Import Request.
  Time since last request: 284.427527 seconds.
  path: Assets/TextMesh Pro/Resources/Fonts & Materials/LiberationSans SDF - Fallback.asset
  artifactKey: Guid(2e498d1c8094910479dc3e1b768306a4) Importer(815301076,1909f56bfc062723c751e8b465ee728b)
Start importing Assets/TextMesh Pro/Resources/Fonts & Materials/LiberationSans SDF - Fallback.asset using Guid(2e498d1c8094910479dc3e1b768306a4) Importer(815301076,1909f56bfc062723c751e8b465ee728b) (PreviewImporter) -> (artifact id: 'db3c315d74960adbcbac49e9b377986f') in 0.3466765 seconds
Number of updated asset objects reloaded before import = 0Number of asset objects unloaded after import = 6

========================================================================
Received Prepare
Refreshing native plugins compatible for Editor in 2.50 ms, found 4 plugins.
Preloading 0 native plugins for Editor in 0.00 ms.
Unloading 31 Unused Serialized files (Serialized files now loaded: 0)
Unloading 6709 unused Assets / (5.8 MB). Loaded Objects now: 7628.
Memory consumption went from 153.5 MB to 147.8 MB.
Total: 862.978500 ms (FindLiveObjects: 9.275900 ms CreateObjectMapping: 1.139000 ms MarkObjects: 848.390600 ms  DeleteObjects: 4.169500 ms)

Prepare: number of updated asset objects reloaded= 0
========================================================================
Received Prepare
Begin MonoManager ReloadAssembly
- Loaded All Assemblies, in  3.389 seconds
Refreshing native plugins compatible for Editor in 2.90 ms, found 4 plugins.
Native extension for iOS target not found
Native extension for Android target not found
Native extension for WindowsStandalone target not found
Native extension for WebGL target not found
Mono: successfully reloaded assembly
- Finished resetting the current domain, in  0.998 seconds
Domain Reload Profiling: 4400ms
	BeginReloadAssembly (1249ms)
		ExecutionOrderSort (0ms)
		DisableScriptedObjects (297ms)
		BackupInstance (0ms)
		ReleaseScriptingObjects (1ms)
		CreateAndSetChildDomain (476ms)
	RebuildCommonClasses (41ms)
	RebuildNativeTypeToScriptingClass (11ms)
	initialDomainReloadingComplete (47ms)
	LoadAllAssembliesAndSetupDomain (2053ms)
		LoadAssemblies (1785ms)
		RebuildTransferFunctionScriptingTraits (0ms)
		AnalyzeDomain (500ms)
			TypeCache.Refresh (58ms)
				TypeCache.ScanAssembly (1ms)
			BuildScriptInfoCaches (391ms)
			ResolveRequiredComponents (17ms)
	FinalizeReload (999ms)
		ReleaseScriptCaches (0ms)
		RebuildScriptCaches (0ms)
		SetupLoadedEditorAssemblies (790ms)
			LogAssemblyErrors (0ms)
			InitializePlatformSupportModulesInManaged (16ms)
			SetLoadedEditorAssemblies (9ms)
			BeforeProcessingInitializeOnLoad (233ms)
			ProcessInitializeOnLoadAttributes (457ms)
			ProcessInitializeOnLoadMethodAttributes (72ms)
			AfterProcessingInitializeOnLoad (3ms)
			EditorAssembliesLoaded (0ms)
		ExecutionOrderSort2 (0ms)
		AwakeInstancesAfterBackupRestoration (18ms)
Refreshing native plugins compatible for Editor in 1.41 ms, found 4 plugins.
Preloading 0 native plugins for Editor in 0.00 ms.
Unloading 31 Unused Serialized files (Serialized files now loaded: 0)
Unloading 6720 unused Assets / (6.6 MB). Loaded Objects now: 7529.
Memory consumption went from 157.8 MB to 151.2 MB.
Total: 13.442600 ms (FindLiveObjects: 1.037700 ms CreateObjectMapping: 0.943200 ms MarkObjects: 7.499300 ms  DeleteObjects: 3.959800 ms)

Prepare: number of updated asset objects reloaded= 0
========================================================================
Received Import Request.
  Time since last request: 577.682724 seconds.
  path: Assets/Scrips/GameManager.cs
  artifactKey: Guid(71adb9ccdfb413b4883b727cfb9852f1) Importer(815301076,1909f56bfc062723c751e8b465ee728b)
Start importing Assets/Scrips/GameManager.cs using Guid(71adb9ccdfb413b4883b727cfb9852f1) Importer(815301076,1909f56bfc062723c751e8b465ee728b) (PreviewImporter) -> (artifact id: 'e727de743da8287f65b6668b75bfa074') in 0.0127167 seconds
Number of updated asset objects reloaded before import = 0Number of asset objects unloaded after import = 0

========================================================================
Received Prepare
Refreshing native plugins compatible for Editor in 1.87 ms, found 4 plugins.
Preloading 0 native plugins for Editor in 0.00 ms.
Unloading 31 Unused Serialized files (Serialized files now loaded: 0)
Unloading 6709 unused Assets / (5.4 MB). Loaded Objects now: 7529.
Memory consumption went from 156.0 MB to 150.6 MB.
Total: 238.043100 ms (FindLiveObjects: 4.369800 ms CreateObjectMapping: 0.546900 ms MarkObjects: 225.231800 ms  DeleteObjects: 7.891200 ms)

Prepare: number of updated asset objects reloaded= 0
========================================================================
Received Prepare
Begin MonoManager ReloadAssembly
- Loaded All Assemblies, in  4.039 seconds
Refreshing native plugins compatible for Editor in 4.12 ms, found 4 plugins.
Native extension for iOS target not found
Native extension for Android target not found
Native extension for WindowsStandalone target not found
Native extension for WebGL target not found
Mono: successfully reloaded assembly
- Finished resetting the current domain, in  1.280 seconds
Domain Reload Profiling: 5325ms
	BeginReloadAssembly (1823ms)
		ExecutionOrderSort (0ms)
		DisableScriptedObjects (251ms)
		BackupInstance (0ms)
		ReleaseScriptingObjects (2ms)
		CreateAndSetChildDomain (996ms)
	RebuildCommonClasses (57ms)
	RebuildNativeTypeToScriptingClass (13ms)
	initialDomainReloadingComplete (40ms)
	LoadAllAssembliesAndSetupDomain (2111ms)
		LoadAssemblies (1891ms)
		RebuildTransferFunctionScriptingTraits (0ms)
		AnalyzeDomain (538ms)
			TypeCache.Refresh (44ms)
				TypeCache.ScanAssembly (1ms)
			BuildScriptInfoCaches (434ms)
			ResolveRequiredComponents (19ms)
	FinalizeReload (1280ms)
		ReleaseScriptCaches (0ms)
		RebuildScriptCaches (0ms)
		SetupLoadedEditorAssemblies (1017ms)
			LogAssemblyErrors (0ms)
			InitializePlatformSupportModulesInManaged (30ms)
			SetLoadedEditorAssemblies (16ms)
			BeforeProcessingInitializeOnLoad (337ms)
			ProcessInitializeOnLoadAttributes (535ms)
			ProcessInitializeOnLoadMethodAttributes (95ms)
			AfterProcessingInitializeOnLoad (3ms)
			EditorAssembliesLoaded (1ms)
		ExecutionOrderSort2 (0ms)
		AwakeInstancesAfterBackupRestoration (23ms)
Refreshing native plugins compatible for Editor in 1.95 ms, found 4 plugins.
Preloading 0 native plugins for Editor in 0.00 ms.
Unloading 31 Unused Serialized files (Serialized files now loaded: 0)
Unloading 6720 unused Assets / (6.6 MB). Loaded Objects now: 7531.
Memory consumption went from 157.7 MB to 151.1 MB.
Total: 17.038500 ms (FindLiveObjects: 1.292800 ms CreateObjectMapping: 1.351800 ms MarkObjects: 9.018600 ms  DeleteObjects: 5.372900 ms)

Prepare: number of updated asset objects reloaded= 0
========================================================================
Received Import Request.
  Time since last request: 2616.773006 seconds.
  path: Assets/Scrips/GameManager.cs
  artifactKey: Guid(71adb9ccdfb413b4883b727cfb9852f1) Importer(815301076,1909f56bfc062723c751e8b465ee728b)
Start importing Assets/Scrips/GameManager.cs using Guid(71adb9ccdfb413b4883b727cfb9852f1) Importer(815301076,1909f56bfc062723c751e8b465ee728b) (PreviewImporter) -> (artifact id: '00000000000000000000000000000000') in 0.0158452 seconds
Import Error Code:(4)
Message: Build asset version error: assets/scrips/gamemanager.cs in SourceAssetDB has modification time of '2025-09-24T22:22:32.1834403Z' while content on disk has modification time of '2025-09-24T22:22:33.8894162Z'
  ERROR: Build asset version error: assets/scrips/gamemanager.cs in SourceAssetDB has modification time of '2025-09-24T22:22:32.1834403Z' while content on disk has modification time of '2025-09-24T22:22:33.8894162Z'
Number of updated asset objects reloaded before import = 0Number of asset objects unloaded after import = 0

========================================================================
Received Import Request.
  Time since last request: 0.000026 seconds.
  path: Assets/Scrips/GameManager.cs
  artifactKey: Guid(71adb9ccdfb413b4883b727cfb9852f1) Importer(815301076,1909f56bfc062723c751e8b465ee728b)
Start importing Assets/Scrips/GameManager.cs using Guid(71adb9ccdfb413b4883b727cfb9852f1) Importer(815301076,1909f56bfc062723c751e8b465ee728b) (PreviewImporter) -> (artifact id: '00000000000000000000000000000000') in 0.000894 seconds
Import Error Code:(4)
Message: Build asset version error: assets/scrips/gamemanager.cs in SourceAssetDB has modification time of '2025-09-24T22:22:32.1834403Z' while content on disk has modification time of '2025-09-24T22:22:33.8894162Z'
  ERROR: Build asset version error: assets/scrips/gamemanager.cs in SourceAssetDB has modification time of '2025-09-24T22:22:32.1834403Z' while content on disk has modification time of '2025-09-24T22:22:33.8894162Z'
Number of updated asset objects reloaded before import = 0Number of asset objects unloaded after import = 0

========================================================================
Received Import Request.
  Time since last request: 0.000019 seconds.
  path: Assets/Scrips/GameManager.cs
  artifactKey: Guid(71adb9ccdfb413b4883b727cfb9852f1) Importer(815301076,1909f56bfc062723c751e8b465ee728b)
Start importing Assets/Scrips/GameManager.cs using Guid(71adb9ccdfb413b4883b727cfb9852f1) Importer(815301076,1909f56bfc062723c751e8b465ee728b) (PreviewImporter) -> (artifact id: '00000000000000000000000000000000') in 0.0005581 seconds
Import Error Code:(4)
Message: Build asset version error: assets/scrips/gamemanager.cs in SourceAssetDB has modification time of '2025-09-24T22:22:32.1834403Z' while content on disk has modification time of '2025-09-24T22:22:33.8894162Z'
  ERROR: Build asset version error: assets/scrips/gamemanager.cs in SourceAssetDB has modification time of '2025-09-24T22:22:32.1834403Z' while content on disk has modification time of '2025-09-24T22:22:33.8894162Z'
Number of updated asset objects reloaded before import = 0Number of asset objects unloaded after import = 0

========================================================================
Received Import Request.
  Time since last request: 0.001623 seconds.
  path: Assets/Scrips/GameManager.cs
  artifactKey: Guid(71adb9ccdfb413b4883b727cfb9852f1) Importer(815301076,1909f56bfc062723c751e8b465ee728b)
Start importing Assets/Scrips/GameManager.cs using Guid(71adb9ccdfb413b4883b727cfb9852f1) Importer(815301076,1909f56bfc062723c751e8b465ee728b) (PreviewImporter) -> (artifact id: '00000000000000000000000000000000') in 0.0005356 seconds
Import Error Code:(4)
Message: Build asset version error: assets/scrips/gamemanager.cs in SourceAssetDB has modification time of '2025-09-24T22:22:32.1834403Z' while content on disk has modification time of '2025-09-24T22:22:33.8894162Z'
  ERROR: Build asset version error: assets/scrips/gamemanager.cs in SourceAssetDB has modification time of '2025-09-24T22:22:32.1834403Z' while content on disk has modification time of '2025-09-24T22:22:33.8894162Z'
Number of updated asset objects reloaded before import = 0Number of asset objects unloaded after import = 0

========================================================================
Received Import Request.
  Time since last request: 0.002431 seconds.
  path: Assets/Scrips/GameManager.cs
  artifactKey: Guid(71adb9ccdfb413b4883b727cfb9852f1) Importer(815301076,1909f56bfc062723c751e8b465ee728b)
Start importing Assets/Scrips/GameManager.cs using Guid(71adb9ccdfb413b4883b727cfb9852f1) Importer(815301076,1909f56bfc062723c751e8b465ee728b) (PreviewImporter) -> (artifact id: '00000000000000000000000000000000') in 0.0008255 seconds
Import Error Code:(4)
Message: Build asset version error: assets/scrips/gamemanager.cs in SourceAssetDB has modification time of '2025-09-24T22:22:32.1834403Z' while content on disk has modification time of '2025-09-24T22:22:33.8894162Z'
  ERROR: Build asset version error: assets/scrips/gamemanager.cs in SourceAssetDB has modification time of '2025-09-24T22:22:32.1834403Z' while content on disk has modification time of '2025-09-24T22:22:33.8894162Z'
Number of updated asset objects reloaded before import = 0Number of asset objects unloaded after import = 0

========================================================================
Received Import Request.
  Time since last request: 0.000737 seconds.
  path: Assets/Scrips/GameManager.cs
  artifactKey: Guid(71adb9ccdfb413b4883b727cfb9852f1) Importer(815301076,1909f56bfc062723c751e8b465ee728b)
Start importing Assets/Scrips/GameManager.cs using Guid(71adb9ccdfb413b4883b727cfb9852f1) Importer(815301076,1909f56bfc062723c751e8b465ee728b) (PreviewImporter) -> (artifact id: '00000000000000000000000000000000') in 0.0008253 seconds
Import Error Code:(4)
Message: Build asset version error: assets/scrips/gamemanager.cs in SourceAssetDB has modification time of '2025-09-24T22:22:32.1834403Z' while content on disk has modification time of '2025-09-24T22:22:33.8894162Z'
  ERROR: Build asset version error: assets/scrips/gamemanager.cs in SourceAssetDB has modification time of '2025-09-24T22:22:32.1834403Z' while content on disk has modification time of '2025-09-24T22:22:33.8894162Z'
Number of updated asset objects reloaded before import = 0Number of asset objects unloaded after import = 0

========================================================================
Received Import Request.
  Time since last request: 0.001093 seconds.
  path: Assets/Scrips/GameManager.cs
  artifactKey: Guid(71adb9ccdfb413b4883b727cfb9852f1) Importer(815301076,1909f56bfc062723c751e8b465ee728b)
Start importing Assets/Scrips/GameManager.cs using Guid(71adb9ccdfb413b4883b727cfb9852f1) Importer(815301076,1909f56bfc062723c751e8b465ee728b) (PreviewImporter) -> (artifact id: '00000000000000000000000000000000') in 0.0006082 seconds
Import Error Code:(4)
Message: Build asset version error: assets/scrips/gamemanager.cs in SourceAssetDB has modification time of '2025-09-24T22:22:32.1834403Z' while content on disk has modification time of '2025-09-24T22:22:33.8894162Z'
  ERROR: Build asset version error: assets/scrips/gamemanager.cs in SourceAssetDB has modification time of '2025-09-24T22:22:32.1834403Z' while content on disk has modification time of '2025-09-24T22:22:33.8894162Z'
Number of updated asset objects reloaded before import = 0Number of asset objects unloaded after import = 0

========================================================================
Received Import Request.
  Time since last request: 0.000020 seconds.
  path: Assets/Scrips/GameManager.cs
  artifactKey: Guid(71adb9ccdfb413b4883b727cfb9852f1) Importer(815301076,1909f56bfc062723c751e8b465ee728b)
Start importing Assets/Scrips/GameManager.cs using Guid(71adb9ccdfb413b4883b727cfb9852f1) Importer(815301076,1909f56bfc062723c751e8b465ee728b) (PreviewImporter) -> (artifact id: '00000000000000000000000000000000') in 0.0008242 seconds
Import Error Code:(4)
Message: Build asset version error: assets/scrips/gamemanager.cs in SourceAssetDB has modification time of '2025-09-24T22:22:32.1834403Z' while content on disk has modification time of '2025-09-24T22:22:33.8894162Z'
  ERROR: Build asset version error: assets/scrips/gamemanager.cs in SourceAssetDB has modification time of '2025-09-24T22:22:32.1834403Z' while content on disk has modification time of '2025-09-24T22:22:33.8894162Z'
Number of updated asset objects reloaded before import = 0Number of asset objects unloaded after import = 0

========================================================================
Received Import Request.
  Time since last request: 0.000020 seconds.
  path: Assets/Scrips/GameManager.cs
  artifactKey: Guid(71adb9ccdfb413b4883b727cfb9852f1) Importer(815301076,1909f56bfc062723c751e8b465ee728b)
Start importing Assets/Scrips/GameManager.cs using Guid(71adb9ccdfb413b4883b727cfb9852f1) Importer(815301076,1909f56bfc062723c751e8b465ee728b) (PreviewImporter) -> (artifact id: '00000000000000000000000000000000') in 0.0005508 seconds
Import Error Code:(4)
Message: Build asset version error: assets/scrips/gamemanager.cs in SourceAssetDB has modification time of '2025-09-24T22:22:32.1834403Z' while content on disk has modification time of '2025-09-24T22:22:33.8894162Z'
  ERROR: Build asset version error: assets/scrips/gamemanager.cs in SourceAssetDB has modification time of '2025-09-24T22:22:32.1834403Z' while content on disk has modification time of '2025-09-24T22:22:33.8894162Z'
Number of updated asset objects reloaded before import = 0Number of asset objects unloaded after import = 0

========================================================================
Received Import Request.
  Time since last request: 0.000890 seconds.
  path: Assets/Scrips/GameManager.cs
  artifactKey: Guid(71adb9ccdfb413b4883b727cfb9852f1) Importer(815301076,1909f56bfc062723c751e8b465ee728b)
Start importing Assets/Scrips/GameManager.cs using Guid(71adb9ccdfb413b4883b727cfb9852f1) Importer(815301076,1909f56bfc062723c751e8b465ee728b) (PreviewImporter) -> (artifact id: '00000000000000000000000000000000') in 0.0006881 seconds
Import Error Code:(4)
Message: Build asset version error: assets/scrips/gamemanager.cs in SourceAssetDB has modification time of '2025-09-24T22:22:32.1834403Z' while content on disk has modification time of '2025-09-24T22:22:33.8894162Z'
  ERROR: Build asset version error: assets/scrips/gamemanager.cs in SourceAssetDB has modification time of '2025-09-24T22:22:32.1834403Z' while content on disk has modification time of '2025-09-24T22:22:33.8894162Z'
Number of updated asset objects reloaded before import = 0Number of asset objects unloaded after import = 0

========================================================================
Received Import Request.
  Time since last request: 0.002566 seconds.
  path: Assets/Scrips/GameManager.cs
  artifactKey: Guid(71adb9ccdfb413b4883b727cfb9852f1) Importer(815301076,1909f56bfc062723c751e8b465ee728b)
Start importing Assets/Scrips/GameManager.cs using Guid(71adb9ccdfb413b4883b727cfb9852f1) Importer(815301076,1909f56bfc062723c751e8b465ee728b) (PreviewImporter) -> (artifact id: '00000000000000000000000000000000') in 0.0006026 seconds
Import Error Code:(4)
Message: Build asset version error: assets/scrips/gamemanager.cs in SourceAssetDB has modification time of '2025-09-24T22:22:32.1834403Z' while content on disk has modification time of '2025-09-24T22:22:33.8894162Z'
  ERROR: Build asset version error: assets/scrips/gamemanager.cs in SourceAssetDB has modification time of '2025-09-24T22:22:32.1834403Z' while content on disk has modification time of '2025-09-24T22:22:33.8894162Z'
Number of updated asset objects reloaded before import = 0Number of asset objects unloaded after import = 0

========================================================================
Received Import Request.
  Time since last request: 0.000018 seconds.
  path: Assets/Scrips/GameManager.cs
  artifactKey: Guid(71adb9ccdfb413b4883b727cfb9852f1) Importer(815301076,1909f56bfc062723c751e8b465ee728b)
Start importing Assets/Scrips/GameManager.cs using Guid(71adb9ccdfb413b4883b727cfb9852f1) Importer(815301076,1909f56bfc062723c751e8b465ee728b) (PreviewImporter) -> (artifact id: '00000000000000000000000000000000') in 0.0004837 seconds
Import Error Code:(4)
Message: Build asset version error: assets/scrips/gamemanager.cs in SourceAssetDB has modification time of '2025-09-24T22:22:32.1834403Z' while content on disk has modification time of '2025-09-24T22:22:33.8894162Z'
  ERROR: Build asset version error: assets/scrips/gamemanager.cs in SourceAssetDB has modification time of '2025-09-24T22:22:32.1834403Z' while content on disk has modification time of '2025-09-24T22:22:33.8894162Z'
Number of updated asset objects reloaded before import = 0Number of asset objects unloaded after import = 0

========================================================================
Received Prepare
Refreshing native plugins compatible for Editor in 1.61 ms, found 4 plugins.
Preloading 0 native plugins for Editor in 0.00 ms.
Unloading 31 Unused Serialized files (Serialized files now loaded: 0)
Unloading 6709 unused Assets / (5.3 MB). Loaded Objects now: 7531.
Memory consumption went from 156.0 MB to 150.7 MB.
Total: 243.393000 ms (FindLiveObjects: 3.253200 ms CreateObjectMapping: 0.854700 ms MarkObjects: 232.038800 ms  DeleteObjects: 7.244000 ms)

Prepare: number of updated asset objects reloaded= 0
========================================================================
Received Prepare
Begin MonoManager ReloadAssembly
- Loaded All Assemblies, in  3.963 seconds
Refreshing native plugins compatible for Editor in 3.60 ms, found 4 plugins.
Native extension for iOS target not found
Native extension for Android target not found
Native extension for WindowsStandalone target not found
Native extension for WebGL target not found
Mono: successfully reloaded assembly
- Finished resetting the current domain, in  1.328 seconds
Domain Reload Profiling: 5294ms
	BeginReloadAssembly (1629ms)
		ExecutionOrderSort (0ms)
		DisableScriptedObjects (179ms)
		BackupInstance (0ms)
		ReleaseScriptingObjects (1ms)
		CreateAndSetChildDomain (739ms)
	RebuildCommonClasses (76ms)
	RebuildNativeTypeToScriptingClass (14ms)
	initialDomainReloadingComplete (43ms)
	LoadAllAssembliesAndSetupDomain (2204ms)
		LoadAssemblies (2407ms)
		RebuildTransferFunctionScriptingTraits (0ms)
		AnalyzeDomain (311ms)
			TypeCache.Refresh (26ms)
				TypeCache.ScanAssembly (1ms)
			BuildScriptInfoCaches (262ms)
			ResolveRequiredComponents (13ms)
	FinalizeReload (1329ms)
		ReleaseScriptCaches (0ms)
		RebuildScriptCaches (0ms)
		SetupLoadedEditorAssemblies (903ms)
			LogAssemblyErrors (0ms)
			InitializePlatformSupportModulesInManaged (108ms)
			SetLoadedEditorAssemblies (27ms)
			BeforeProcessingInitializeOnLoad (265ms)
			ProcessInitializeOnLoadAttributes (436ms)
			ProcessInitializeOnLoadMethodAttributes (63ms)
			AfterProcessingInitializeOnLoad (2ms)
			EditorAssembliesLoaded (1ms)
		ExecutionOrderSort2 (0ms)
		AwakeInstancesAfterBackupRestoration (16ms)
Refreshing native plugins compatible for Editor in 1.39 ms, found 4 plugins.
Preloading 0 native plugins for Editor in 0.00 ms.
Unloading 31 Unused Serialized files (Serialized files now loaded: 0)
Unloading 6720 unused Assets / (6.8 MB). Loaded Objects now: 7533.
Memory consumption went from 157.7 MB to 150.9 MB.
Total: 13.995000 ms (FindLiveObjects: 0.762000 ms CreateObjectMapping: 0.983600 ms MarkObjects: 6.613100 ms  DeleteObjects: 5.633200 ms)

Prepare: number of updated asset objects reloaded= 0
========================================================================
Received Prepare
Refreshing native plugins compatible for Editor in 1.62 ms, found 4 plugins.
Preloading 0 native plugins for Editor in 0.00 ms.
Unloading 31 Unused Serialized files (Serialized files now loaded: 0)
Unloading 6709 unused Assets / (7.0 MB). Loaded Objects now: 7533.
Memory consumption went from 159.7 MB to 152.7 MB.
Total: 199.205500 ms (FindLiveObjects: 5.756400 ms CreateObjectMapping: 0.905600 ms MarkObjects: 187.548900 ms  DeleteObjects: 4.992400 ms)

Prepare: number of updated asset objects reloaded= 0
========================================================================
Received Prepare
Begin MonoManager ReloadAssembly
- Loaded All Assemblies, in  3.587 seconds
Refreshing native plugins compatible for Editor in 2.62 ms, found 4 plugins.
Native extension for iOS target not found
Native extension for Android target not found
Native extension for WindowsStandalone target not found
Native extension for WebGL target not found
Mono: successfully reloaded assembly
- Finished resetting the current domain, in  0.907 seconds
Domain Reload Profiling: 4499ms
	BeginReloadAssembly (950ms)
		ExecutionOrderSort (0ms)
		DisableScriptedObjects (172ms)
		BackupInstance (0ms)
		ReleaseScriptingObjects (1ms)
		CreateAndSetChildDomain (337ms)
	RebuildCommonClasses (55ms)
	RebuildNativeTypeToScriptingClass (12ms)
	initialDomainReloadingComplete (39ms)
	LoadAllAssembliesAndSetupDomain (2536ms)
		LoadAssemblies (2141ms)
		RebuildTransferFunctionScriptingTraits (0ms)
		AnalyzeDomain (656ms)
			TypeCache.Refresh (62ms)
				TypeCache.ScanAssembly (1ms)
			BuildScriptInfoCaches (540ms)
			ResolveRequiredComponents (20ms)
	FinalizeReload (907ms)
		ReleaseScriptCaches (0ms)
		RebuildScriptCaches (0ms)
		SetupLoadedEditorAssemblies (726ms)
			LogAssemblyErrors (0ms)
			InitializePlatformSupportModulesInManaged (17ms)
			SetLoadedEditorAssemblies (8ms)
			BeforeProcessingInitializeOnLoad (184ms)
			ProcessInitializeOnLoadAttributes (444ms)
			ProcessInitializeOnLoadMethodAttributes (69ms)
			AfterProcessingInitializeOnLoad (3ms)
			EditorAssembliesLoaded (1ms)
		ExecutionOrderSort2 (0ms)
		AwakeInstancesAfterBackupRestoration (17ms)
Refreshing native plugins compatible for Editor in 1.57 ms, found 4 plugins.
Preloading 0 native plugins for Editor in 0.00 ms.
Unloading 31 Unused Serialized files (Serialized files now loaded: 0)
Unloading 6720 unused Assets / (6.5 MB). Loaded Objects now: 7535.
Memory consumption went from 161.4 MB to 154.9 MB.
Total: 16.772500 ms (FindLiveObjects: 0.968500 ms CreateObjectMapping: 0.549800 ms MarkObjects: 9.715900 ms  DeleteObjects: 5.536300 ms)

Prepare: number of updated asset objects reloaded= 0
========================================================================
Received Prepare
Refreshing native plugins compatible for Editor in 1.41 ms, found 4 plugins.
Preloading 0 native plugins for Editor in 0.00 ms.
Unloading 31 Unused Serialized files (Serialized files now loaded: 0)
Unloading 6709 unused Assets / (7.3 MB). Loaded Objects now: 7535.
Memory consumption went from 163.5 MB to 156.2 MB.
Total: 199.744200 ms (FindLiveObjects: 3.902100 ms CreateObjectMapping: 1.174500 ms MarkObjects: 190.239300 ms  DeleteObjects: 4.425900 ms)

Prepare: number of updated asset objects reloaded= 0
========================================================================
Received Prepare
Begin MonoManager ReloadAssembly
- Loaded All Assemblies, in  3.121 seconds
Refreshing native plugins compatible for Editor in 2.59 ms, found 4 plugins.
Native extension for iOS target not found
Native extension for Android target not found
Native extension for WindowsStandalone target not found
Native extension for WebGL target not found
Mono: successfully reloaded assembly
- Finished resetting the current domain, in  0.892 seconds
Domain Reload Profiling: 4019ms
	BeginReloadAssembly (901ms)
		ExecutionOrderSort (0ms)
		DisableScriptedObjects (113ms)
		BackupInstance (0ms)
		ReleaseScriptingObjects (1ms)
		CreateAndSetChildDomain (344ms)
	RebuildCommonClasses (62ms)
	RebuildNativeTypeToScriptingClass (19ms)
	initialDomainReloadingComplete (72ms)
	LoadAllAssembliesAndSetupDomain (2073ms)
		LoadAssemblies (1846ms)
		RebuildTransferFunctionScriptingTraits (0ms)
		AnalyzeDomain (501ms)
			TypeCache.Refresh (55ms)
				TypeCache.ScanAssembly (1ms)
			BuildScriptInfoCaches (407ms)
			ResolveRequiredComponents (16ms)
	FinalizeReload (893ms)
		ReleaseScriptCaches (0ms)
		RebuildScriptCaches (0ms)
		SetupLoadedEditorAssemblies (720ms)
			LogAssemblyErrors (0ms)
			InitializePlatformSupportModulesInManaged (15ms)
			SetLoadedEditorAssemblies (8ms)
			BeforeProcessingInitializeOnLoad (180ms)
			ProcessInitializeOnLoadAttributes (450ms)
			ProcessInitializeOnLoadMethodAttributes (65ms)
			AfterProcessingInitializeOnLoad (2ms)
			EditorAssembliesLoaded (0ms)
		ExecutionOrderSort2 (0ms)
		AwakeInstancesAfterBackupRestoration (16ms)
Refreshing native plugins compatible for Editor in 1.58 ms, found 4 plugins.
Preloading 0 native plugins for Editor in 0.00 ms.
Unloading 31 Unused Serialized files (Serialized files now loaded: 0)
Unloading 6720 unused Assets / (7.0 MB). Loaded Objects now: 7537.
Memory consumption went from 165.1 MB to 158.1 MB.
Total: 13.575900 ms (FindLiveObjects: 0.880100 ms CreateObjectMapping: 1.068200 ms MarkObjects: 7.543300 ms  DeleteObjects: 4.082100 ms)

Prepare: number of updated asset objects reloaded= 0
========================================================================
Received Prepare
Refreshing native plugins compatible for Editor in 1.67 ms, found 4 plugins.
Preloading 0 native plugins for Editor in 0.00 ms.
Unloading 31 Unused Serialized files (Serialized files now loaded: 0)
Unloading 6709 unused Assets / (7.2 MB). Loaded Objects now: 7537.
Memory consumption went from 167.1 MB to 160.0 MB.
Total: 154.095600 ms (FindLiveObjects: 2.120800 ms CreateObjectMapping: 0.959800 ms MarkObjects: 145.537500 ms  DeleteObjects: 5.475100 ms)

Prepare: number of updated asset objects reloaded= 0
========================================================================
Received Prepare
Begin MonoManager ReloadAssembly
- Loaded All Assemblies, in  3.769 seconds
Refreshing native plugins compatible for Editor in 3.03 ms, found 4 plugins.
Native extension for iOS target not found
Native extension for Android target not found
Native extension for WindowsStandalone target not found
Native extension for WebGL target not found
Mono: successfully reloaded assembly
- Finished resetting the current domain, in  1.308 seconds
Domain Reload Profiling: 5083ms
	BeginReloadAssembly (1356ms)
		ExecutionOrderSort (0ms)
		DisableScriptedObjects (276ms)
		BackupInstance (0ms)
		ReleaseScriptingObjects (3ms)
		CreateAndSetChildDomain (542ms)
	RebuildCommonClasses (70ms)
	RebuildNativeTypeToScriptingClass (25ms)
	initialDomainReloadingComplete (43ms)
	LoadAllAssembliesAndSetupDomain (2280ms)
		LoadAssemblies (2010ms)
		RebuildTransferFunctionScriptingTraits (0ms)
		AnalyzeDomain (563ms)
			TypeCache.Refresh (84ms)
				TypeCache.ScanAssembly (1ms)
			BuildScriptInfoCaches (440ms)
			ResolveRequiredComponents (18ms)
	FinalizeReload (1309ms)
		ReleaseScriptCaches (0ms)
		RebuildScriptCaches (0ms)
		SetupLoadedEditorAssemblies (1089ms)
			LogAssemblyErrors (0ms)
			InitializePlatformSupportModulesInManaged (25ms)
			SetLoadedEditorAssemblies (22ms)
			BeforeProcessingInitializeOnLoad (436ms)
			ProcessInitializeOnLoadAttributes (515ms)
			ProcessInitializeOnLoadMethodAttributes (87ms)
			AfterProcessingInitializeOnLoad (3ms)
			EditorAssembliesLoaded (1ms)
		ExecutionOrderSort2 (0ms)
		AwakeInstancesAfterBackupRestoration (25ms)
Refreshing native plugins compatible for Editor in 1.55 ms, found 4 plugins.
Preloading 0 native plugins for Editor in 0.00 ms.
Unloading 31 Unused Serialized files (Serialized files now loaded: 0)
Unloading 6720 unused Assets / (7.2 MB). Loaded Objects now: 7539.
Memory consumption went from 169.0 MB to 161.7 MB.
Total: 14.039600 ms (FindLiveObjects: 0.876500 ms CreateObjectMapping: 1.123100 ms MarkObjects: 6.984000 ms  DeleteObjects: 5.053500 ms)

Prepare: number of updated asset objects reloaded= 0
========================================================================
Received Prepare
Refreshing native plugins compatible for Editor in 1.40 ms, found 4 plugins.
Preloading 0 native plugins for Editor in 0.00 ms.
Unloading 31 Unused Serialized files (Serialized files now loaded: 0)
Unloading 6709 unused Assets / (7.1 MB). Loaded Objects now: 7539.
Memory consumption went from 171.0 MB to 163.9 MB.
Total: 84.209800 ms (FindLiveObjects: 2.167000 ms CreateObjectMapping: 0.470600 ms MarkObjects: 76.558100 ms  DeleteObjects: 5.011300 ms)

Prepare: number of updated asset objects reloaded= 0
========================================================================
Received Prepare
Begin MonoManager ReloadAssembly
- Loaded All Assemblies, in  3.044 seconds
Refreshing native plugins compatible for Editor in 3.17 ms, found 4 plugins.
Native extension for iOS target not found
Native extension for Android target not found
Native extension for WindowsStandalone target not found
Native extension for WebGL target not found
Mono: successfully reloaded assembly
- Finished resetting the current domain, in  1.246 seconds
Domain Reload Profiling: 4295ms
	BeginReloadAssembly (792ms)
		ExecutionOrderSort (0ms)
		DisableScriptedObjects (77ms)
		BackupInstance (0ms)
		ReleaseScriptingObjects (1ms)
		CreateAndSetChildDomain (307ms)
	RebuildCommonClasses (49ms)
	RebuildNativeTypeToScriptingClass (12ms)
	initialDomainReloadingComplete (43ms)
	LoadAllAssembliesAndSetupDomain (2152ms)
		LoadAssemblies (2065ms)
		RebuildTransferFunctionScriptingTraits (0ms)
		AnalyzeDomain (358ms)
			TypeCache.Refresh (32ms)
				TypeCache.ScanAssembly (1ms)
			BuildScriptInfoCaches (298ms)
			ResolveRequiredComponents (15ms)
	FinalizeReload (1247ms)
		ReleaseScriptCaches (0ms)
		RebuildScriptCaches (0ms)
		SetupLoadedEditorAssemblies (1047ms)
			LogAssemblyErrors (0ms)
			InitializePlatformSupportModulesInManaged (20ms)
			SetLoadedEditorAssemblies (8ms)
			BeforeProcessingInitializeOnLoad (199ms)
			ProcessInitializeOnLoadAttributes (711ms)
			ProcessInitializeOnLoadMethodAttributes (106ms)
			AfterProcessingInitializeOnLoad (2ms)
			EditorAssembliesLoaded (1ms)
		ExecutionOrderSort2 (0ms)
		AwakeInstancesAfterBackupRestoration (17ms)
Refreshing native plugins compatible for Editor in 1.36 ms, found 4 plugins.
Preloading 0 native plugins for Editor in 0.00 ms.
Unloading 31 Unused Serialized files (Serialized files now loaded: 0)
Unloading 6720 unused Assets / (6.9 MB). Loaded Objects now: 7541.
Memory consumption went from 172.7 MB to 165.8 MB.
Total: 14.116100 ms (FindLiveObjects: 1.528000 ms CreateObjectMapping: 1.425500 ms MarkObjects: 6.883400 ms  DeleteObjects: 4.276400 ms)

Prepare: number of updated asset objects reloaded= 0
========================================================================
Received Prepare
Refreshing native plugins compatible for Editor in 1.65 ms, found 4 plugins.
Preloading 0 native plugins for Editor in 0.00 ms.
Unloading 31 Unused Serialized files (Serialized files now loaded: 0)
Unloading 6709 unused Assets / (7.2 MB). Loaded Objects now: 7541.
Memory consumption went from 174.7 MB to 167.5 MB.
Total: 162.725700 ms (FindLiveObjects: 2.827000 ms CreateObjectMapping: 1.004000 ms MarkObjects: 151.338600 ms  DeleteObjects: 7.553000 ms)

Prepare: number of updated asset objects reloaded= 0
========================================================================
Received Prepare
Begin MonoManager ReloadAssembly
- Loaded All Assemblies, in  3.832 seconds
Refreshing native plugins compatible for Editor in 2.52 ms, found 4 plugins.
Native extension for iOS target not found
Native extension for Android target not found
Native extension for WindowsStandalone target not found
Native extension for WebGL target not found
Mono: successfully reloaded assembly
- Finished resetting the current domain, in  1.053 seconds
Domain Reload Profiling: 4889ms
	BeginReloadAssembly (1799ms)
		ExecutionOrderSort (0ms)
		DisableScriptedObjects (221ms)
		BackupInstance (0ms)
		ReleaseScriptingObjects (2ms)
		CreateAndSetChildDomain (1062ms)
	RebuildCommonClasses (45ms)
	RebuildNativeTypeToScriptingClass (12ms)
	initialDomainReloadingComplete (44ms)
	LoadAllAssembliesAndSetupDomain (1936ms)
		LoadAssemblies (1488ms)
		RebuildTransferFunctionScriptingTraits (0ms)
		AnalyzeDomain (731ms)
			TypeCache.Refresh (87ms)
				TypeCache.ScanAssembly (1ms)
			BuildScriptInfoCaches (593ms)
			ResolveRequiredComponents (19ms)
	FinalizeReload (1053ms)
		ReleaseScriptCaches (0ms)
		RebuildScriptCaches (0ms)
		SetupLoadedEditorAssemblies (849ms)
			LogAssemblyErrors (0ms)
			InitializePlatformSupportModulesInManaged (19ms)
			SetLoadedEditorAssemblies (9ms)
			BeforeProcessingInitializeOnLoad (254ms)
			ProcessInitializeOnLoadAttributes (489ms)
			ProcessInitializeOnLoadMethodAttributes (75ms)
			AfterProcessingInitializeOnLoad (2ms)
			EditorAssembliesLoaded (1ms)
		ExecutionOrderSort2 (0ms)
		AwakeInstancesAfterBackupRestoration (17ms)
Refreshing native plugins compatible for Editor in 2.10 ms, found 4 plugins.
Preloading 0 native plugins for Editor in 0.00 ms.
Unloading 31 Unused Serialized files (Serialized files now loaded: 0)
Unloading 6720 unused Assets / (7.5 MB). Loaded Objects now: 7543.
Memory consumption went from 176.4 MB to 169.0 MB.
Total: 14.350000 ms (FindLiveObjects: 0.938600 ms CreateObjectMapping: 0.879300 ms MarkObjects: 7.419200 ms  DeleteObjects: 5.110400 ms)

Prepare: number of updated asset objects reloaded= 0
========================================================================
Received Prepare
Refreshing native plugins compatible for Editor in 1.26 ms, found 4 plugins.
Preloading 0 native plugins for Editor in 0.00 ms.
Unloading 31 Unused Serialized files (Serialized files now loaded: 0)
Unloading 6709 unused Assets / (7.2 MB). Loaded Objects now: 7543.
Memory consumption went from 178.4 MB to 171.2 MB.
Total: 12.468400 ms (FindLiveObjects: 1.081000 ms CreateObjectMapping: 0.908800 ms MarkObjects: 6.101200 ms  DeleteObjects: 4.376500 ms)

Prepare: number of updated asset objects reloaded= 0
========================================================================
Received Prepare
Begin MonoManager ReloadAssembly
- Loaded All Assemblies, in  1.865 seconds
Refreshing native plugins compatible for Editor in 2.76 ms, found 4 plugins.
Native extension for iOS target not found
Native extension for Android target not found
Native extension for WindowsStandalone target not found
Native extension for WebGL target not found
Mono: successfully reloaded assembly
- Finished resetting the current domain, in  1.138 seconds
Domain Reload Profiling: 3007ms
	BeginReloadAssembly (966ms)
		ExecutionOrderSort (0ms)
		DisableScriptedObjects (98ms)
		BackupInstance (0ms)
		ReleaseScriptingObjects (2ms)
		CreateAndSetChildDomain (395ms)
	RebuildCommonClasses (56ms)
	RebuildNativeTypeToScriptingClass (13ms)
	initialDomainReloadingComplete (31ms)
	LoadAllAssembliesAndSetupDomain (803ms)
		LoadAssemblies (841ms)
		RebuildTransferFunctionScriptingTraits (0ms)
		AnalyzeDomain (277ms)
			TypeCache.Refresh (19ms)
				TypeCache.ScanAssembly (0ms)
			BuildScriptInfoCaches (236ms)
			ResolveRequiredComponents (14ms)
	FinalizeReload (1138ms)
		ReleaseScriptCaches (0ms)
		RebuildScriptCaches (0ms)
		SetupLoadedEditorAssemblies (918ms)
			LogAssemblyErrors (0ms)
			InitializePlatformSupportModulesInManaged (50ms)
			SetLoadedEditorAssemblies (33ms)
			BeforeProcessingInitializeOnLoad (305ms)
			ProcessInitializeOnLoadAttributes (461ms)
			ProcessInitializeOnLoadMethodAttributes (66ms)
			AfterProcessingInitializeOnLoad (2ms)
			EditorAssembliesLoaded (0ms)
		ExecutionOrderSort2 (0ms)
		AwakeInstancesAfterBackupRestoration (16ms)
Refreshing native plugins compatible for Editor in 1.28 ms, found 4 plugins.
Preloading 0 native plugins for Editor in 0.00 ms.
Unloading 31 Unused Serialized files (Serialized files now loaded: 0)
Unloading 6720 unused Assets / (6.9 MB). Loaded Objects now: 7545.
Memory consumption went from 180.2 MB to 173.3 MB.
Total: 13.383200 ms (FindLiveObjects: 0.930100 ms CreateObjectMapping: 1.214900 ms MarkObjects: 6.729300 ms  DeleteObjects: 4.506500 ms)

Prepare: number of updated asset objects reloaded= 0
========================================================================
Received Prepare
Refreshing native plugins compatible for Editor in 2.90 ms, found 4 plugins.
Preloading 0 native plugins for Editor in 0.00 ms.
Unloading 31 Unused Serialized files (Serialized files now loaded: 0)
Unloading 6709 unused Assets / (7.8 MB). Loaded Objects now: 7545.
Memory consumption went from 182.2 MB to 174.3 MB.
Total: 12.733100 ms (FindLiveObjects: 0.874200 ms CreateObjectMapping: 1.133300 ms MarkObjects: 5.757000 ms  DeleteObjects: 4.967500 ms)

Prepare: number of updated asset objects reloaded= 0
========================================================================
Received Prepare
Refreshing native plugins compatible for Editor in 1.97 ms, found 4 plugins.
Preloading 0 native plugins for Editor in 0.00 ms.
Unloading 31 Unused Serialized files (Serialized files now loaded: 0)
Unloading 6709 unused Assets / (6.9 MB). Loaded Objects now: 7545.
Memory consumption went from 184.0 MB to 177.1 MB.
Total: 31.342300 ms (FindLiveObjects: 1.764200 ms CreateObjectMapping: 1.500600 ms MarkObjects: 12.409600 ms  DeleteObjects: 15.665400 ms)

Prepare: number of updated asset objects reloaded= 0
========================================================================
Received Prepare
Begin MonoManager ReloadAssembly
- Loaded All Assemblies, in  1.804 seconds
Refreshing native plugins compatible for Editor in 2.93 ms, found 4 plugins.
Native extension for iOS target not found
Native extension for Android target not found
Native extension for WindowsStandalone target not found
Native extension for WebGL target not found
Mono: successfully reloaded assembly
- Finished resetting the current domain, in  1.033 seconds
Domain Reload Profiling: 2841ms
	BeginReloadAssembly (402ms)
		ExecutionOrderSort (0ms)
		DisableScriptedObjects (36ms)
		BackupInstance (0ms)
		ReleaseScriptingObjects (1ms)
		CreateAndSetChildDomain (118ms)
	RebuildCommonClasses (42ms)
	RebuildNativeTypeToScriptingClass (13ms)
	initialDomainReloadingComplete (37ms)
	LoadAllAssembliesAndSetupDomain (1313ms)
		LoadAssemblies (1244ms)
		RebuildTransferFunctionScriptingTraits (0ms)
		AnalyzeDomain (242ms)
			TypeCache.Refresh (16ms)
				TypeCache.ScanAssembly (0ms)
			BuildScriptInfoCaches (205ms)
			ResolveRequiredComponents (13ms)
	FinalizeReload (1034ms)
		ReleaseScriptCaches (0ms)
		RebuildScriptCaches (0ms)
		SetupLoadedEditorAssemblies (850ms)
			LogAssemblyErrors (0ms)
			InitializePlatformSupportModulesInManaged (16ms)
			SetLoadedEditorAssemblies (8ms)
			BeforeProcessingInitializeOnLoad (240ms)
			ProcessInitializeOnLoadAttributes (519ms)
			ProcessInitializeOnLoadMethodAttributes (64ms)
			AfterProcessingInitializeOnLoad (2ms)
			EditorAssembliesLoaded (0ms)
		ExecutionOrderSort2 (0ms)
		AwakeInstancesAfterBackupRestoration (16ms)
Refreshing native plugins compatible for Editor in 2.37 ms, found 4 plugins.
Preloading 0 native plugins for Editor in 0.00 ms.
Unloading 31 Unused Serialized files (Serialized files now loaded: 0)
Unloading 6720 unused Assets / (7.7 MB). Loaded Objects now: 7547.
Memory consumption went from 185.7 MB to 177.9 MB.
Total: 12.863000 ms (FindLiveObjects: 0.945700 ms CreateObjectMapping: 1.120500 ms MarkObjects: 5.707400 ms  DeleteObjects: 5.087200 ms)

Prepare: number of updated asset objects reloaded= 0
========================================================================
Received Prepare
Refreshing native plugins compatible for Editor in 2.08 ms, found 4 plugins.
Preloading 0 native plugins for Editor in 0.00 ms.
Unloading 31 Unused Serialized files (Serialized files now loaded: 0)
Unloading 6709 unused Assets / (7.3 MB). Loaded Objects now: 7547.
Memory consumption went from 187.7 MB to 180.4 MB.
Total: 444.820100 ms (FindLiveObjects: 4.677500 ms CreateObjectMapping: 1.180800 ms MarkObjects: 433.916700 ms  DeleteObjects: 5.041900 ms)

Prepare: number of updated asset objects reloaded= 0
========================================================================
Received Prepare
Begin MonoManager ReloadAssembly
- Loaded All Assemblies, in  3.069 seconds
Refreshing native plugins compatible for Editor in 2.98 ms, found 4 plugins.
Native extension for iOS target not found
Native extension for Android target not found
Native extension for WindowsStandalone target not found
Native extension for WebGL target not found
Mono: successfully reloaded assembly
- Finished resetting the current domain, in  0.886 seconds
Domain Reload Profiling: 3967ms
	BeginReloadAssembly (861ms)
		ExecutionOrderSort (0ms)
		DisableScriptedObjects (120ms)
		BackupInstance (0ms)
		ReleaseScriptingObjects (2ms)
		CreateAndSetChildDomain (353ms)
	RebuildCommonClasses (48ms)
	RebuildNativeTypeToScriptingClass (13ms)
	initialDomainReloadingComplete (37ms)
	LoadAllAssembliesAndSetupDomain (2121ms)
		LoadAssemblies (1599ms)
		RebuildTransferFunctionScriptingTraits (0ms)
		AnalyzeDomain (758ms)
			TypeCache.Refresh (43ms)
				TypeCache.ScanAssembly (1ms)
			BuildScriptInfoCaches (532ms)
			ResolveRequiredComponents (75ms)
	FinalizeReload (887ms)
		ReleaseScriptCaches (0ms)
		RebuildScriptCaches (0ms)
		SetupLoadedEditorAssemblies (711ms)
			LogAssemblyErrors (0ms)
			InitializePlatformSupportModulesInManaged (14ms)
			SetLoadedEditorAssemblies (8ms)
			BeforeProcessingInitializeOnLoad (184ms)
			ProcessInitializeOnLoadAttributes (435ms)
			ProcessInitializeOnLoadMethodAttributes (67ms)
			AfterProcessingInitializeOnLoad (2ms)
			EditorAssembliesLoaded (0ms)
		ExecutionOrderSort2 (0ms)
		AwakeInstancesAfterBackupRestoration (15ms)
Refreshing native plugins compatible for Editor in 2.56 ms, found 4 plugins.
Preloading 0 native plugins for Editor in 0.00 ms.
Unloading 31 Unused Serialized files (Serialized files now loaded: 0)
Unloading 6720 unused Assets / (7.6 MB). Loaded Objects now: 7549.
Memory consumption went from 189.5 MB to 181.9 MB.
Total: 13.384400 ms (FindLiveObjects: 0.748100 ms CreateObjectMapping: 0.926000 ms MarkObjects: 6.520700 ms  DeleteObjects: 5.187700 ms)

Prepare: number of updated asset objects reloaded= 0
========================================================================
Received Prepare
Begin MonoManager ReloadAssembly
- Loaded All Assemblies, in  4.018 seconds
Refreshing native plugins compatible for Editor in 4.56 ms, found 4 plugins.
Native extension for iOS target not found
Native extension for Android target not found
Native extension for WindowsStandalone target not found
Native extension for WebGL target not found
Mono: successfully reloaded assembly
- Finished resetting the current domain, in  1.519 seconds
Domain Reload Profiling: 5560ms
	BeginReloadAssembly (2145ms)
		ExecutionOrderSort (4ms)
		DisableScriptedObjects (351ms)
		BackupInstance (0ms)
		ReleaseScriptingObjects (3ms)
		CreateAndSetChildDomain (739ms)
	RebuildCommonClasses (65ms)
	RebuildNativeTypeToScriptingClass (15ms)
	initialDomainReloadingComplete (52ms)
	LoadAllAssembliesAndSetupDomain (1764ms)
		LoadAssemblies (1590ms)
		RebuildTransferFunctionScriptingTraits (0ms)
		AnalyzeDomain (795ms)
			TypeCache.Refresh (33ms)
				TypeCache.ScanAssembly (0ms)
			BuildScriptInfoCaches (687ms)
			ResolveRequiredComponents (20ms)
	FinalizeReload (1520ms)
		ReleaseScriptCaches (0ms)
		RebuildScriptCaches (0ms)
		SetupLoadedEditorAssemblies (1251ms)
			LogAssemblyErrors (0ms)
			InitializePlatformSupportModulesInManaged (36ms)
			SetLoadedEditorAssemblies (16ms)
			BeforeProcessingInitializeOnLoad (345ms)
			ProcessInitializeOnLoadAttributes (763ms)
			ProcessInitializeOnLoadMethodAttributes (87ms)
			AfterProcessingInitializeOnLoad (3ms)
			EditorAssembliesLoaded (1ms)
		ExecutionOrderSort2 (0ms)
		AwakeInstancesAfterBackupRestoration (20ms)
Refreshing native plugins compatible for Editor in 1.35 ms, found 4 plugins.
Preloading 0 native plugins for Editor in 0.00 ms.
Unloading 31 Unused Serialized files (Serialized files now loaded: 0)
Unloading 6720 unused Assets / (7.8 MB). Loaded Objects now: 7551.
Memory consumption went from 191.4 MB to 183.6 MB.
Total: 16.669100 ms (FindLiveObjects: 1.511900 ms CreateObjectMapping: 1.242200 ms MarkObjects: 7.837600 ms  DeleteObjects: 6.074100 ms)

Prepare: number of updated asset objects reloaded= 0
========================================================================
Received Prepare
Refreshing native plugins compatible for Editor in 1.83 ms, found 4 plugins.
Preloading 0 native plugins for Editor in 0.00 ms.
Unloading 31 Unused Serialized files (Serialized files now loaded: 0)
Unloading 6709 unused Assets / (7.4 MB). Loaded Objects now: 7551.
Memory consumption went from 193.4 MB to 186.0 MB.
Total: 261.849500 ms (FindLiveObjects: 4.489500 ms CreateObjectMapping: 1.165500 ms MarkObjects: 250.004600 ms  DeleteObjects: 6.187300 ms)

Prepare: number of updated asset objects reloaded= 0
========================================================================
Received Prepare
Begin MonoManager ReloadAssembly
- Loaded All Assemblies, in  3.134 seconds
Refreshing native plugins compatible for Editor in 2.65 ms, found 4 plugins.
Native extension for iOS target not found
Native extension for Android target not found
Native extension for WindowsStandalone target not found
Native extension for WebGL target not found
Mono: successfully reloaded assembly
- Finished resetting the current domain, in  1.033 seconds
Domain Reload Profiling: 4173ms
	BeginReloadAssembly (1674ms)
		ExecutionOrderSort (2ms)
		DisableScriptedObjects (396ms)
		BackupInstance (0ms)
		ReleaseScriptingObjects (3ms)
		CreateAndSetChildDomain (637ms)
	RebuildCommonClasses (50ms)
	RebuildNativeTypeToScriptingClass (13ms)
	initialDomainReloadingComplete (48ms)
	LoadAllAssembliesAndSetupDomain (1355ms)
		LoadAssemblies (1294ms)
		RebuildTransferFunctionScriptingTraits (0ms)
		AnalyzeDomain (412ms)
			TypeCache.Refresh (58ms)
				TypeCache.ScanAssembly (2ms)
			BuildScriptInfoCaches (328ms)
			ResolveRequiredComponents (15ms)
	FinalizeReload (1033ms)
		ReleaseScriptCaches (0ms)
		RebuildScriptCaches (0ms)
		SetupLoadedEditorAssemblies (824ms)
			LogAssemblyErrors (0ms)
			InitializePlatformSupportModulesInManaged (24ms)
			SetLoadedEditorAssemblies (11ms)
			BeforeProcessingInitializeOnLoad (223ms)
			ProcessInitializeOnLoadAttributes (494ms)
			ProcessInitializeOnLoadMethodAttributes (69ms)
			AfterProcessingInitializeOnLoad (2ms)
			EditorAssembliesLoaded (1ms)
		ExecutionOrderSort2 (0ms)
		AwakeInstancesAfterBackupRestoration (18ms)
Refreshing native plugins compatible for Editor in 1.26 ms, found 4 plugins.
Preloading 0 native plugins for Editor in 0.00 ms.
Unloading 31 Unused Serialized files (Serialized files now loaded: 0)
Unloading 6720 unused Assets / (7.7 MB). Loaded Objects now: 7553.
Memory consumption went from 195.2 MB to 187.4 MB.
Total: 15.887600 ms (FindLiveObjects: 1.100800 ms CreateObjectMapping: 1.115700 ms MarkObjects: 7.476500 ms  DeleteObjects: 6.192300 ms)

Prepare: number of updated asset objects reloaded= 0
========================================================================
Received Prepare
Refreshing native plugins compatible for Editor in 1.42 ms, found 4 plugins.
Preloading 0 native plugins for Editor in 0.00 ms.
Unloading 31 Unused Serialized files (Serialized files now loaded: 0)
Unloading 6709 unused Assets / (7.9 MB). Loaded Objects now: 7553.
Memory consumption went from 197.2 MB to 189.3 MB.
Total: 47.399100 ms (FindLiveObjects: 1.421300 ms CreateObjectMapping: 0.940100 ms MarkObjects: 39.719500 ms  DeleteObjects: 5.315300 ms)

Prepare: number of updated asset objects reloaded= 0
========================================================================
Received Prepare
Begin MonoManager ReloadAssembly
- Loaded All Assemblies, in  3.757 seconds
Refreshing native plugins compatible for Editor in 4.81 ms, found 4 plugins.
Native extension for iOS target not found
Native extension for Android target not found
Native extension for WindowsStandalone target not found
Native extension for WebGL target not found
Mono: successfully reloaded assembly
- Finished resetting the current domain, in  0.993 seconds
Domain Reload Profiling: 4755ms
	BeginReloadAssembly (984ms)
		ExecutionOrderSort (0ms)
		DisableScriptedObjects (148ms)
		BackupInstance (0ms)
		ReleaseScriptingObjects (1ms)
		CreateAndSetChildDomain (377ms)
	RebuildCommonClasses (106ms)
	RebuildNativeTypeToScriptingClass (22ms)
	initialDomainReloadingComplete (67ms)
	LoadAllAssembliesAndSetupDomain (2582ms)
		LoadAssemblies (2077ms)
		RebuildTransferFunctionScriptingTraits (0ms)
		AnalyzeDomain (792ms)
			TypeCache.Refresh (60ms)
				TypeCache.ScanAssembly (2ms)
			BuildScriptInfoCaches (588ms)
			ResolveRequiredComponents (20ms)
	FinalizeReload (993ms)
		ReleaseScriptCaches (0ms)
		RebuildScriptCaches (0ms)
		SetupLoadedEditorAssemblies (761ms)
			LogAssemblyErrors (0ms)
			InitializePlatformSupportModulesInManaged (22ms)
			SetLoadedEditorAssemblies (9ms)
			BeforeProcessingInitializeOnLoad (197ms)
			ProcessInitializeOnLoadAttributes (465ms)
			ProcessInitializeOnLoadMethodAttributes (65ms)
			AfterProcessingInitializeOnLoad (2ms)
			EditorAssembliesLoaded (1ms)
		ExecutionOrderSort2 (0ms)
		AwakeInstancesAfterBackupRestoration (16ms)
Refreshing native plugins compatible for Editor in 2.02 ms, found 4 plugins.
Preloading 0 native plugins for Editor in 0.00 ms.
Unloading 31 Unused Serialized files (Serialized files now loaded: 0)
Unloading 6720 unused Assets / (7.2 MB). Loaded Objects now: 7555.
Memory consumption went from 198.9 MB to 191.7 MB.
Total: 13.604900 ms (FindLiveObjects: 1.040700 ms CreateObjectMapping: 0.402900 ms MarkObjects: 6.681700 ms  DeleteObjects: 5.476500 ms)

Prepare: number of updated asset objects reloaded= 0
========================================================================
Received Import Request.
  Time since last request: 3459.731983 seconds.
  path: Assets/Prefabs/Enemy.prefab
  artifactKey: Guid(0f7a31712e2bde943a196ac63921bd20) Importer(815301076,1909f56bfc062723c751e8b465ee728b)
Start importing Assets/Prefabs/Enemy.prefab using Guid(0f7a31712e2bde943a196ac63921bd20) Importer(815301076,1909f56bfc062723c751e8b465ee728b) (PreviewImporter) -> (artifact id: 'e3b05bbcb12e80b5b02dd123a56f683b') in 3.0860569 seconds
Number of updated asset objects reloaded before import = 0Number of asset objects unloaded after import = 43

========================================================================
Received Prepare
Refreshing native plugins compatible for Editor in 2.73 ms, found 4 plugins.
Preloading 0 native plugins for Editor in 0.00 ms.
Unloading 31 Unused Serialized files (Serialized files now loaded: 0)
Unloading 6709 unused Assets / (7.8 MB). Loaded Objects now: 7680.
Memory consumption went from 159.2 MB to 151.4 MB.
Total: 405.904600 ms (FindLiveObjects: 3.323600 ms CreateObjectMapping: 1.251000 ms MarkObjects: 389.189900 ms  DeleteObjects: 12.137500 ms)

Prepare: number of updated asset objects reloaded= 0
========================================================================
Received Prepare
Begin MonoManager ReloadAssembly
- Loaded All Assemblies, in  3.128 seconds
Refreshing native plugins compatible for Editor in 3.13 ms, found 4 plugins.
Native extension for iOS target not found
Native extension for Android target not found
Native extension for WindowsStandalone target not found
Native extension for WebGL target not found
Mono: successfully reloaded assembly
- Finished resetting the current domain, in  1.286 seconds
Domain Reload Profiling: 4419ms
	BeginReloadAssembly (1387ms)
		ExecutionOrderSort (0ms)
		DisableScriptedObjects (221ms)
		BackupInstance (0ms)
		ReleaseScriptingObjects (2ms)
		CreateAndSetChildDomain (630ms)
	RebuildCommonClasses (51ms)
	RebuildNativeTypeToScriptingClass (12ms)
	initialDomainReloadingComplete (40ms)
	LoadAllAssembliesAndSetupDomain (1642ms)
		LoadAssemblies (1620ms)
		RebuildTransferFunctionScriptingTraits (0ms)
		AnalyzeDomain (348ms)
			TypeCache.Refresh (36ms)
				TypeCache.ScanAssembly (1ms)
			BuildScriptInfoCaches (277ms)
			ResolveRequiredComponents (14ms)
	FinalizeReload (1286ms)
		ReleaseScriptCaches (0ms)
		RebuildScriptCaches (0ms)
		SetupLoadedEditorAssemblies (1061ms)
			LogAssemblyErrors (0ms)
			InitializePlatformSupportModulesInManaged (21ms)
			SetLoadedEditorAssemblies (7ms)
			BeforeProcessingInitializeOnLoad (260ms)
			ProcessInitializeOnLoadAttributes (651ms)
			ProcessInitializeOnLoadMethodAttributes (118ms)
			AfterProcessingInitializeOnLoad (3ms)
			EditorAssembliesLoaded (1ms)
		ExecutionOrderSort2 (0ms)
		AwakeInstancesAfterBackupRestoration (27ms)
Refreshing native plugins compatible for Editor in 1.57 ms, found 4 plugins.
Preloading 0 native plugins for Editor in 0.00 ms.
Unloading 31 Unused Serialized files (Serialized files now loaded: 0)
Unloading 6720 unused Assets / (8.0 MB). Loaded Objects now: 7580.
Memory consumption went from 160.4 MB to 152.3 MB.
Total: 15.560900 ms (FindLiveObjects: 1.819000 ms CreateObjectMapping: 0.917500 ms MarkObjects: 7.436100 ms  DeleteObjects: 5.385300 ms)

Prepare: number of updated asset objects reloaded= 0
========================================================================
Received Prepare
Begin MonoManager ReloadAssembly
- Loaded All Assemblies, in  2.947 seconds
Refreshing native plugins compatible for Editor in 8.45 ms, found 4 plugins.
Native extension for iOS target not found
Native extension for Android target not found
Native extension for WindowsStandalone target not found
Native extension for WebGL target not found
Mono: successfully reloaded assembly
- Finished resetting the current domain, in  1.073 seconds
Domain Reload Profiling: 4045ms
	BeginReloadAssembly (1494ms)
		ExecutionOrderSort (0ms)
		DisableScriptedObjects (208ms)
		BackupInstance (0ms)
		ReleaseScriptingObjects (11ms)
		CreateAndSetChildDomain (652ms)
	RebuildCommonClasses (47ms)
	RebuildNativeTypeToScriptingClass (12ms)
	initialDomainReloadingComplete (45ms)
	LoadAllAssembliesAndSetupDomain (1374ms)
		LoadAssemblies (959ms)
		RebuildTransferFunctionScriptingTraits (0ms)
		AnalyzeDomain (608ms)
			TypeCache.Refresh (24ms)
				TypeCache.ScanAssembly (0ms)
			BuildScriptInfoCaches (521ms)
			ResolveRequiredComponents (28ms)
	FinalizeReload (1074ms)
		ReleaseScriptCaches (0ms)
		RebuildScriptCaches (0ms)
		SetupLoadedEditorAssemblies (783ms)
			LogAssemblyErrors (0ms)
			InitializePlatformSupportModulesInManaged (20ms)
			SetLoadedEditorAssemblies (8ms)
			BeforeProcessingInitializeOnLoad (189ms)
			ProcessInitializeOnLoadAttributes (493ms)
			ProcessInitializeOnLoadMethodAttributes (70ms)
			AfterProcessingInitializeOnLoad (2ms)
			EditorAssembliesLoaded (0ms)
		ExecutionOrderSort2 (0ms)
		AwakeInstancesAfterBackupRestoration (18ms)
Refreshing native plugins compatible for Editor in 1.41 ms, found 4 plugins.
Preloading 0 native plugins for Editor in 0.00 ms.
Unloading 31 Unused Serialized files (Serialized files now loaded: 0)
Unloading 6720 unused Assets / (9.1 MB). Loaded Objects now: 7582.
Memory consumption went from 162.2 MB to 153.1 MB.
Total: 18.884500 ms (FindLiveObjects: 1.828200 ms CreateObjectMapping: 1.017700 ms MarkObjects: 8.239300 ms  DeleteObjects: 7.795800 ms)

Prepare: number of updated asset objects reloaded= 0
========================================================================
Received Prepare
Begin MonoManager ReloadAssembly
- Loaded All Assemblies, in  3.582 seconds
Refreshing native plugins compatible for Editor in 2.46 ms, found 4 plugins.
Native extension for iOS target not found
Native extension for Android target not found
Native extension for WindowsStandalone target not found
Native extension for WebGL target not found
Mono: successfully reloaded assembly
- Finished resetting the current domain, in  0.975 seconds
Domain Reload Profiling: 4562ms
	BeginReloadAssembly (1364ms)
		ExecutionOrderSort (0ms)
		DisableScriptedObjects (480ms)
		BackupInstance (0ms)
		ReleaseScriptingObjects (3ms)
		CreateAndSetChildDomain (372ms)
	RebuildCommonClasses (58ms)
	RebuildNativeTypeToScriptingClass (12ms)
	initialDomainReloadingComplete (46ms)
	LoadAllAssembliesAndSetupDomain (2105ms)
		LoadAssemblies (1692ms)
		RebuildTransferFunctionScriptingTraits (0ms)
		AnalyzeDomain (716ms)
			TypeCache.Refresh (43ms)
				TypeCache.ScanAssembly (0ms)
			BuildScriptInfoCaches (624ms)
			ResolveRequiredComponents (14ms)
	FinalizeReload (975ms)
		ReleaseScriptCaches (0ms)
		RebuildScriptCaches (0ms)
		SetupLoadedEditorAssemblies (783ms)
			LogAssemblyErrors (0ms)
			InitializePlatformSupportModulesInManaged (15ms)
			SetLoadedEditorAssemblies (8ms)
			BeforeProcessingInitializeOnLoad (191ms)
			ProcessInitializeOnLoadAttributes (486ms)
			ProcessInitializeOnLoadMethodAttributes (80ms)
			AfterProcessingInitializeOnLoad (2ms)
			EditorAssembliesLoaded (1ms)
		ExecutionOrderSort2 (0ms)
		AwakeInstancesAfterBackupRestoration (20ms)
Refreshing native plugins compatible for Editor in 1.26 ms, found 4 plugins.
Preloading 0 native plugins for Editor in 0.00 ms.
Unloading 31 Unused Serialized files (Serialized files now loaded: 0)
Unloading 6720 unused Assets / (7.8 MB). Loaded Objects now: 7584.
Memory consumption went from 164.0 MB to 156.2 MB.
Total: 13.404100 ms (FindLiveObjects: 0.978400 ms CreateObjectMapping: 0.587400 ms MarkObjects: 6.413300 ms  DeleteObjects: 5.422600 ms)

Prepare: number of updated asset objects reloaded= 0
========================================================================
Received Prepare
Refreshing native plugins compatible for Editor in 2.08 ms, found 4 plugins.
Preloading 0 native plugins for Editor in 0.00 ms.
Unloading 31 Unused Serialized files (Serialized files now loaded: 0)
Unloading 6709 unused Assets / (9.3 MB). Loaded Objects now: 7584.
Memory consumption went from 166.0 MB to 156.7 MB.
Total: 766.533900 ms (FindLiveObjects: 7.395300 ms CreateObjectMapping: 1.147100 ms MarkObjects: 743.408700 ms  DeleteObjects: 14.579400 ms)

Prepare: number of updated asset objects reloaded= 0
========================================================================
Received Import Request.
  Time since last request: 1382.472563 seconds.
  path: Assets/Prefabs/Enemy.prefab
  artifactKey: Guid(0f7a31712e2bde943a196ac63921bd20) Importer(815301076,1909f56bfc062723c751e8b465ee728b)
Start importing Assets/Prefabs/Enemy.prefab using Guid(0f7a31712e2bde943a196ac63921bd20) Importer(815301076,1909f56bfc062723c751e8b465ee728b) (PreviewImporter) -> (artifact id: 'e558155ffb4cf754d32defe5c587e0b3') in 2.0872713 seconds
Number of updated asset objects reloaded before import = 0Number of asset objects unloaded after import = 43

========================================================================
Received Prepare
Begin MonoManager ReloadAssembly
- Loaded All Assemblies, in  4.441 seconds
Refreshing native plugins compatible for Editor in 4.32 ms, found 4 plugins.
Native extension for iOS target not found
Native extension for Android target not found
Native extension for WindowsStandalone target not found
Native extension for WebGL target not found
Mono: successfully reloaded assembly
- Finished resetting the current domain, in  1.762 seconds
Domain Reload Profiling: 6214ms
	BeginReloadAssembly (1133ms)
		ExecutionOrderSort (0ms)
		DisableScriptedObjects (119ms)
		BackupInstance (0ms)
		ReleaseScriptingObjects (2ms)
		CreateAndSetChildDomain (421ms)
	RebuildCommonClasses (75ms)
	RebuildNativeTypeToScriptingClass (18ms)
	initialDomainReloadingComplete (49ms)
	LoadAllAssembliesAndSetupDomain (3176ms)
		LoadAssemblies (3015ms)
		RebuildTransferFunctionScriptingTraits (0ms)
		AnalyzeDomain (596ms)
			TypeCache.Refresh (60ms)
				TypeCache.ScanAssembly (1ms)
			BuildScriptInfoCaches (469ms)
			ResolveRequiredComponents (27ms)
	FinalizeReload (1763ms)
		ReleaseScriptCaches (0ms)
		RebuildScriptCaches (0ms)
		SetupLoadedEditorAssemblies (1443ms)
			LogAssemblyErrors (0ms)
			InitializePlatformSupportModulesInManaged (33ms)
			SetLoadedEditorAssemblies (13ms)
			BeforeProcessingInitializeOnLoad (342ms)
			ProcessInitializeOnLoadAttributes (916ms)
			ProcessInitializeOnLoadMethodAttributes (133ms)
			AfterProcessingInitializeOnLoad (4ms)
			EditorAssembliesLoaded (3ms)
		ExecutionOrderSort2 (0ms)
		AwakeInstancesAfterBackupRestoration (31ms)
Refreshing native plugins compatible for Editor in 1.42 ms, found 4 plugins.
Preloading 0 native plugins for Editor in 0.00 ms.
Unloading 31 Unused Serialized files (Serialized files now loaded: 0)
Unloading 6720 unused Assets / (9.6 MB). Loaded Objects now: 7608.
Memory consumption went from 160.3 MB to 150.7 MB.
Total: 26.979100 ms (FindLiveObjects: 1.478100 ms CreateObjectMapping: 1.928000 ms MarkObjects: 11.450000 ms  DeleteObjects: 12.119200 ms)

Prepare: number of updated asset objects reloaded= 0
========================================================================
Received Prepare
Refreshing native plugins compatible for Editor in 3.13 ms, found 4 plugins.
Preloading 0 native plugins for Editor in 0.00 ms.
Unloading 31 Unused Serialized files (Serialized files now loaded: 0)
Unloading 6709 unused Assets / (8.7 MB). Loaded Objects now: 7608.
Memory consumption went from 162.1 MB to 153.4 MB.
Total: 21.840400 ms (FindLiveObjects: 1.629300 ms CreateObjectMapping: 1.400200 ms MarkObjects: 10.157700 ms  DeleteObjects: 8.650300 ms)

Prepare: number of updated asset objects reloaded= 0
========================================================================
Received Import Request.
  Time since last request: 27.148784 seconds.
  path: Assets/Prefabs/MiniBoss.prefab
  artifactKey: Guid(1e1412dfb7aa15044a1f108a0b2667a8) Importer(815301076,1909f56bfc062723c751e8b465ee728b)
Start importing Assets/Prefabs/MiniBoss.prefab using Guid(1e1412dfb7aa15044a1f108a0b2667a8) Importer(815301076,1909f56bfc062723c751e8b465ee728b) (PreviewImporter) -> (artifact id: '79e8e960df143f1390d6c8fbb5ca35ff') in 1.2344084 seconds
Number of updated asset objects reloaded before import = 0Number of asset objects unloaded after import = 112

========================================================================
Received Import Request.
  Time since last request: 0.000049 seconds.
  path: Assets/Prefabs/Boss.prefab
  artifactKey: Guid(7411950ed9b13b44c9469c39a1069770) Importer(815301076,1909f56bfc062723c751e8b465ee728b)
Start importing Assets/Prefabs/Boss.prefab using Guid(7411950ed9b13b44c9469c39a1069770) Importer(815301076,1909f56bfc062723c751e8b465ee728b) (PreviewImporter) -> (artifact id: '58a4fb76c16bbd1d68b3480f6416b856') in 0.0655267 seconds
Number of updated asset objects reloaded before import = 0Number of asset objects unloaded after import = 77

========================================================================
Received Import Request.
  Time since last request: 0.000072 seconds.
  path: Assets/Prefabs/Bullet1.prefab
  artifactKey: Guid(78ababc5468e73b47b7b5125c57735d7) Importer(815301076,1909f56bfc062723c751e8b465ee728b)
Start importing Assets/Prefabs/Bullet1.prefab using Guid(78ababc5468e73b47b7b5125c57735d7) Importer(815301076,1909f56bfc062723c751e8b465ee728b) (PreviewImporter) -> (artifact id: '5285544ed37567b78361529ff1952a49') in 0.033744 seconds
Number of updated asset objects reloaded before import = 0Number of asset objects unloaded after import = 21

========================================================================
Received Prepare
Begin MonoManager ReloadAssembly
- Loaded All Assemblies, in  5.653 seconds
Refreshing native plugins compatible for Editor in 3.45 ms, found 4 plugins.
Native extension for iOS target not found
Native extension for Android target not found
Native extension for WindowsStandalone target not found
Native extension for WebGL target not found
Mono: successfully reloaded assembly
- Finished resetting the current domain, in  1.570 seconds
Domain Reload Profiling: 7237ms
	BeginReloadAssembly (3409ms)
		ExecutionOrderSort (0ms)
		DisableScriptedObjects (1086ms)
		BackupInstance (0ms)
		ReleaseScriptingObjects (2ms)
		CreateAndSetChildDomain (730ms)
	RebuildCommonClasses (93ms)
	RebuildNativeTypeToScriptingClass (12ms)
	initialDomainReloadingComplete (43ms)
	LoadAllAssembliesAndSetupDomain (2109ms)
		LoadAssemblies (2099ms)
		RebuildTransferFunctionScriptingTraits (0ms)
		AnalyzeDomain (970ms)
			TypeCache.Refresh (116ms)
				TypeCache.ScanAssembly (1ms)
			BuildScriptInfoCaches (781ms)
			ResolveRequiredComponents (20ms)
	FinalizeReload (1571ms)
		ReleaseScriptCaches (0ms)
		RebuildScriptCaches (0ms)
		SetupLoadedEditorAssemblies (1117ms)
			LogAssemblyErrors (0ms)
			InitializePlatformSupportModulesInManaged (89ms)
			SetLoadedEditorAssemblies (11ms)
			BeforeProcessingInitializeOnLoad (384ms)
			ProcessInitializeOnLoadAttributes (542ms)
			ProcessInitializeOnLoadMethodAttributes (88ms)
			AfterProcessingInitializeOnLoad (2ms)
			EditorAssembliesLoaded (1ms)
		ExecutionOrderSort2 (0ms)
		AwakeInstancesAfterBackupRestoration (21ms)
Refreshing native plugins compatible for Editor in 1.53 ms, found 4 plugins.
Preloading 0 native plugins for Editor in 0.00 ms.
Unloading 31 Unused Serialized files (Serialized files now loaded: 0)
Unloading 6726 unused Assets / (9.4 MB). Loaded Objects now: 7632.
Memory consumption went from 161.9 MB to 152.5 MB.
Total: 61.790500 ms (FindLiveObjects: 0.821400 ms CreateObjectMapping: 0.884900 ms MarkObjects: 40.728400 ms  DeleteObjects: 19.353400 ms)

Prepare: number of updated asset objects reloaded= 0
========================================================================
Received Prepare
Begin MonoManager ReloadAssembly
- Loaded All Assemblies, in  1.369 seconds
Refreshing native plugins compatible for Editor in 3.20 ms, found 4 plugins.
Native extension for iOS target not found
Native extension for Android target not found
Native extension for WindowsStandalone target not found
Native extension for WebGL target not found
Mono: successfully reloaded assembly
- Finished resetting the current domain, in  1.200 seconds
Domain Reload Profiling: 2581ms
	BeginReloadAssembly (286ms)
		ExecutionOrderSort (0ms)
		DisableScriptedObjects (24ms)
		BackupInstance (0ms)
		ReleaseScriptingObjects (1ms)
		CreateAndSetChildDomain (80ms)
	RebuildCommonClasses (53ms)
	RebuildNativeTypeToScriptingClass (21ms)
	initialDomainReloadingComplete (39ms)
	LoadAllAssembliesAndSetupDomain (981ms)
		LoadAssemblies (686ms)
		RebuildTransferFunctionScriptingTraits (0ms)
		AnalyzeDomain (400ms)
			TypeCache.Refresh (16ms)
				TypeCache.ScanAssembly (0ms)
			BuildScriptInfoCaches (340ms)
			ResolveRequiredComponents (18ms)
	FinalizeReload (1201ms)
		ReleaseScriptCaches (0ms)
		RebuildScriptCaches (0ms)
		SetupLoadedEditorAssemblies (879ms)
			LogAssemblyErrors (0ms)
			InitializePlatformSupportModulesInManaged (19ms)
			SetLoadedEditorAssemblies (8ms)
			BeforeProcessingInitializeOnLoad (204ms)
			ProcessInitializeOnLoadAttributes (516ms)
			ProcessInitializeOnLoadMethodAttributes (128ms)
			AfterProcessingInitializeOnLoad (2ms)
			EditorAssembliesLoaded (1ms)
		ExecutionOrderSort2 (0ms)
		AwakeInstancesAfterBackupRestoration (33ms)
Refreshing native plugins compatible for Editor in 1.79 ms, found 4 plugins.
Preloading 0 native plugins for Editor in 0.00 ms.
Unloading 31 Unused Serialized files (Serialized files now loaded: 0)
Unloading 6720 unused Assets / (7.5 MB). Loaded Objects now: 7634.
Memory consumption went from 163.6 MB to 156.0 MB.
Total: 15.597800 ms (FindLiveObjects: 1.019500 ms CreateObjectMapping: 1.052700 ms MarkObjects: 6.864300 ms  DeleteObjects: 6.658300 ms)

Prepare: number of updated asset objects reloaded= 0
========================================================================
Received Prepare
Begin MonoManager ReloadAssembly
- Loaded All Assemblies, in  2.107 seconds
Refreshing native plugins compatible for Editor in 2.70 ms, found 4 plugins.
Native extension for iOS target not found
Native extension for Android target not found
Native extension for WindowsStandalone target not found
Native extension for WebGL target not found
Mono: successfully reloaded assembly
- Finished resetting the current domain, in  1.169 seconds
Domain Reload Profiling: 3280ms
	BeginReloadAssembly (636ms)
		ExecutionOrderSort (0ms)
		DisableScriptedObjects (78ms)
		BackupInstance (0ms)
		ReleaseScriptingObjects (1ms)
		CreateAndSetChildDomain (202ms)
	RebuildCommonClasses (53ms)
	RebuildNativeTypeToScriptingClass (12ms)
	initialDomainReloadingComplete (47ms)
	LoadAllAssembliesAndSetupDomain (1361ms)
		LoadAssemblies (1345ms)
		RebuildTransferFunctionScriptingTraits (0ms)
		AnalyzeDomain (256ms)
			TypeCache.Refresh (14ms)
				TypeCache.ScanAssembly (0ms)
			BuildScriptInfoCaches (216ms)
			ResolveRequiredComponents (15ms)
	FinalizeReload (1170ms)
		ReleaseScriptCaches (0ms)
		RebuildScriptCaches (0ms)
		SetupLoadedEditorAssemblies (936ms)
			LogAssemblyErrors (0ms)
			InitializePlatformSupportModulesInManaged (30ms)
			SetLoadedEditorAssemblies (11ms)
			BeforeProcessingInitializeOnLoad (315ms)
			ProcessInitializeOnLoadAttributes (502ms)
			ProcessInitializeOnLoadMethodAttributes (76ms)
			AfterProcessingInitializeOnLoad (2ms)
			EditorAssembliesLoaded (0ms)
		ExecutionOrderSort2 (0ms)
		AwakeInstancesAfterBackupRestoration (19ms)
Refreshing native plugins compatible for Editor in 1.44 ms, found 4 plugins.
Preloading 0 native plugins for Editor in 0.00 ms.
Unloading 31 Unused Serialized files (Serialized files now loaded: 0)
Unloading 6720 unused Assets / (8.7 MB). Loaded Objects now: 7636.
Memory consumption went from 165.5 MB to 156.8 MB.
Total: 15.190600 ms (FindLiveObjects: 0.827800 ms CreateObjectMapping: 1.045600 ms MarkObjects: 6.474000 ms  DeleteObjects: 6.840600 ms)

Prepare: number of updated asset objects reloaded= 0
========================================================================
Received Prepare
Refreshing native plugins compatible for Editor in 1.62 ms, found 4 plugins.
Preloading 0 native plugins for Editor in 0.00 ms.
Unloading 31 Unused Serialized files (Serialized files now loaded: 0)
Unloading 6709 unused Assets / (8.9 MB). Loaded Objects now: 7636.
Memory consumption went from 167.4 MB to 158.5 MB.
Total: 104.737100 ms (FindLiveObjects: 2.256300 ms CreateObjectMapping: 0.949500 ms MarkObjects: 94.145000 ms  DeleteObjects: 7.383600 ms)

Prepare: number of updated asset objects reloaded= 0
========================================================================
Received Prepare
Begin MonoManager ReloadAssembly
- Loaded All Assemblies, in  3.299 seconds
Refreshing native plugins compatible for Editor in 1.45 ms, found 4 plugins.
Native extension for iOS target not found
Native extension for Android target not found
Native extension for WindowsStandalone target not found
Native extension for WebGL target not found
Mono: successfully reloaded assembly
- Finished resetting the current domain, in  0.936 seconds
Domain Reload Profiling: 4242ms
	BeginReloadAssembly (1416ms)
		ExecutionOrderSort (0ms)
		DisableScriptedObjects (210ms)
		BackupInstance (0ms)
		ReleaseScriptingObjects (5ms)
		CreateAndSetChildDomain (650ms)
	RebuildCommonClasses (50ms)
	RebuildNativeTypeToScriptingClass (12ms)
	initialDomainReloadingComplete (39ms)
	LoadAllAssembliesAndSetupDomain (1788ms)
		LoadAssemblies (1488ms)
		RebuildTransferFunctionScriptingTraits (0ms)
		AnalyzeDomain (528ms)
			TypeCache.Refresh (63ms)
				TypeCache.ScanAssembly (1ms)
			BuildScriptInfoCaches (400ms)
			ResolveRequiredComponents (21ms)
	FinalizeReload (937ms)
		ReleaseScriptCaches (0ms)
		RebuildScriptCaches (0ms)
		SetupLoadedEditorAssemblies (751ms)
			LogAssemblyErrors (0ms)
			InitializePlatformSupportModulesInManaged (17ms)
			SetLoadedEditorAssemblies (9ms)
			BeforeProcessingInitializeOnLoad (196ms)
			ProcessInitializeOnLoadAttributes (457ms)
			ProcessInitializeOnLoadMethodAttributes (69ms)
			AfterProcessingInitializeOnLoad (2ms)
			EditorAssembliesLoaded (0ms)
		ExecutionOrderSort2 (0ms)
		AwakeInstancesAfterBackupRestoration (18ms)
Refreshing native plugins compatible for Editor in 1.54 ms, found 4 plugins.
Preloading 0 native plugins for Editor in 0.00 ms.
Unloading 31 Unused Serialized files (Serialized files now loaded: 0)
Unloading 6720 unused Assets / (8.8 MB). Loaded Objects now: 7638.
Memory consumption went from 169.2 MB to 160.4 MB.
Total: 18.129400 ms (FindLiveObjects: 1.226300 ms CreateObjectMapping: 1.186400 ms MarkObjects: 7.747500 ms  DeleteObjects: 7.966400 ms)

Prepare: number of updated asset objects reloaded= 0
========================================================================
Received Prepare
Refreshing native plugins compatible for Editor in 1.68 ms, found 4 plugins.
Preloading 0 native plugins for Editor in 0.00 ms.
Unloading 31 Unused Serialized files (Serialized files now loaded: 0)
Unloading 6709 unused Assets / (7.1 MB). Loaded Objects now: 7638.
Memory consumption went from 171.1 MB to 164.1 MB.
Total: 233.821600 ms (FindLiveObjects: 3.568200 ms CreateObjectMapping: 0.761800 ms MarkObjects: 223.598800 ms  DeleteObjects: 5.888500 ms)

Prepare: number of updated asset objects reloaded= 0
========================================================================
Received Prepare
Begin MonoManager ReloadAssembly
- Loaded All Assemblies, in  3.145 seconds
Refreshing native plugins compatible for Editor in 1.87 ms, found 4 plugins.
Native extension for iOS target not found
Native extension for Android target not found
Native extension for WindowsStandalone target not found
Native extension for WebGL target not found
Mono: successfully reloaded assembly
- Finished resetting the current domain, in  1.094 seconds
Domain Reload Profiling: 4242ms
	BeginReloadAssembly (1403ms)
		ExecutionOrderSort (0ms)
		DisableScriptedObjects (197ms)
		BackupInstance (0ms)
		ReleaseScriptingObjects (2ms)
		CreateAndSetChildDomain (576ms)
	RebuildCommonClasses (71ms)
	RebuildNativeTypeToScriptingClass (15ms)
	initialDomainReloadingComplete (68ms)
	LoadAllAssembliesAndSetupDomain (1590ms)
		LoadAssemblies (1701ms)
		RebuildTransferFunctionScriptingTraits (0ms)
		AnalyzeDomain (310ms)
			TypeCache.Refresh (34ms)
				TypeCache.ScanAssembly (1ms)
			BuildScriptInfoCaches (249ms)
			ResolveRequiredComponents (14ms)
	FinalizeReload (1095ms)
		ReleaseScriptCaches (0ms)
		RebuildScriptCaches (0ms)
		SetupLoadedEditorAssemblies (897ms)
			LogAssemblyErrors (0ms)
			InitializePlatformSupportModulesInManaged (17ms)
			SetLoadedEditorAssemblies (7ms)
			BeforeProcessingInitializeOnLoad (198ms)
			ProcessInitializeOnLoadAttributes (580ms)
			ProcessInitializeOnLoadMethodAttributes (93ms)
			AfterProcessingInitializeOnLoad (2ms)
			EditorAssembliesLoaded (1ms)
		ExecutionOrderSort2 (0ms)
		AwakeInstancesAfterBackupRestoration (20ms)
Refreshing native plugins compatible for Editor in 2.03 ms, found 4 plugins.
Preloading 0 native plugins for Editor in 0.00 ms.
Unloading 31 Unused Serialized files (Serialized files now loaded: 0)
Unloading 6720 unused Assets / (8.8 MB). Loaded Objects now: 7640.
Memory consumption went from 172.9 MB to 164.1 MB.
Total: 26.188300 ms (FindLiveObjects: 1.264500 ms CreateObjectMapping: 1.245200 ms MarkObjects: 12.410700 ms  DeleteObjects: 11.264700 ms)

Prepare: number of updated asset objects reloaded= 0
========================================================================
Received Prepare
Refreshing native plugins compatible for Editor in 1.29 ms, found 4 plugins.
Preloading 0 native plugins for Editor in 0.00 ms.
Unloading 31 Unused Serialized files (Serialized files now loaded: 0)
Unloading 6709 unused Assets / (9.2 MB). Loaded Objects now: 7640.
Memory consumption went from 174.9 MB to 165.6 MB.
Total: 13.592300 ms (FindLiveObjects: 0.711700 ms CreateObjectMapping: 0.518000 ms MarkObjects: 5.038200 ms  DeleteObjects: 7.323500 ms)

Prepare: number of updated asset objects reloaded= 0
========================================================================
Received Prepare
Begin MonoManager ReloadAssembly
- Loaded All Assemblies, in  1.506 seconds
Refreshing native plugins compatible for Editor in 3.72 ms, found 4 plugins.
Native extension for iOS target not found
Native extension for Android target not found
Native extension for WindowsStandalone target not found
Native extension for WebGL target not found
Mono: successfully reloaded assembly
- Finished resetting the current domain, in  0.960 seconds
Domain Reload Profiling: 2470ms
	BeginReloadAssembly (460ms)
		ExecutionOrderSort (0ms)
		DisableScriptedObjects (53ms)
		BackupInstance (0ms)
		ReleaseScriptingObjects (1ms)
		CreateAndSetChildDomain (133ms)
	RebuildCommonClasses (37ms)
	RebuildNativeTypeToScriptingClass (12ms)
	initialDomainReloadingComplete (35ms)
	LoadAllAssembliesAndSetupDomain (966ms)
		LoadAssemblies (786ms)
		RebuildTransferFunctionScriptingTraits (0ms)
		AnalyzeDomain (352ms)
			TypeCache.Refresh (22ms)
				TypeCache.ScanAssembly (1ms)
			BuildScriptInfoCaches (293ms)
			ResolveRequiredComponents (13ms)
	FinalizeReload (961ms)
		ReleaseScriptCaches (0ms)
		RebuildScriptCaches (0ms)
		SetupLoadedEditorAssemblies (717ms)
			LogAssemblyErrors (0ms)
			InitializePlatformSupportModulesInManaged (15ms)
			SetLoadedEditorAssemblies (7ms)
			BeforeProcessingInitializeOnLoad (209ms)
			ProcessInitializeOnLoadAttributes (414ms)
			ProcessInitializeOnLoadMethodAttributes (69ms)
			AfterProcessingInitializeOnLoad (2ms)
			EditorAssembliesLoaded (0ms)
		ExecutionOrderSort2 (0ms)
		AwakeInstancesAfterBackupRestoration (18ms)
Refreshing native plugins compatible for Editor in 1.29 ms, found 4 plugins.
Preloading 0 native plugins for Editor in 0.00 ms.
Unloading 31 Unused Serialized files (Serialized files now loaded: 0)
Unloading 6720 unused Assets / (8.0 MB). Loaded Objects now: 7642.
Memory consumption went from 176.6 MB to 168.6 MB.
Total: 12.772500 ms (FindLiveObjects: 0.890200 ms CreateObjectMapping: 0.839300 ms MarkObjects: 5.096800 ms  DeleteObjects: 5.944200 ms)

Prepare: number of updated asset objects reloaded= 0
========================================================================
Received Prepare
Begin MonoManager ReloadAssembly
- Loaded All Assemblies, in  2.293 seconds
Refreshing native plugins compatible for Editor in 3.45 ms, found 4 plugins.
Native extension for iOS target not found
Native extension for Android target not found
Native extension for WindowsStandalone target not found
Native extension for WebGL target not found
Mono: successfully reloaded assembly
- Finished resetting the current domain, in  1.290 seconds
Domain Reload Profiling: 3587ms
	BeginReloadAssembly (686ms)
		ExecutionOrderSort (0ms)
		DisableScriptedObjects (94ms)
		BackupInstance (0ms)
		ReleaseScriptingObjects (2ms)
		CreateAndSetChildDomain (190ms)
	RebuildCommonClasses (66ms)
	RebuildNativeTypeToScriptingClass (13ms)
	initialDomainReloadingComplete (50ms)
	LoadAllAssembliesAndSetupDomain (1481ms)
		LoadAssemblies (1457ms)
		RebuildTransferFunctionScriptingTraits (0ms)
		AnalyzeDomain (296ms)
			TypeCache.Refresh (15ms)
				TypeCache.ScanAssembly (0ms)
			BuildScriptInfoCaches (255ms)
			ResolveRequiredComponents (13ms)
	FinalizeReload (1290ms)
		ReleaseScriptCaches (0ms)
		RebuildScriptCaches (0ms)
		SetupLoadedEditorAssemblies (1112ms)
			LogAssemblyErrors (0ms)
			InitializePlatformSupportModulesInManaged (19ms)
			SetLoadedEditorAssemblies (7ms)
			BeforeProcessingInitializeOnLoad (270ms)
			ProcessInitializeOnLoadAttributes (746ms)
			ProcessInitializeOnLoadMethodAttributes (68ms)
			AfterProcessingInitializeOnLoad (2ms)
			EditorAssembliesLoaded (0ms)
		ExecutionOrderSort2 (0ms)
		AwakeInstancesAfterBackupRestoration (19ms)
Refreshing native plugins compatible for Editor in 1.52 ms, found 4 plugins.
Preloading 0 native plugins for Editor in 0.00 ms.
Unloading 31 Unused Serialized files (Serialized files now loaded: 0)
Unloading 6720 unused Assets / (7.8 MB). Loaded Objects now: 7644.
Memory consumption went from 178.4 MB to 170.6 MB.
Total: 16.664100 ms (FindLiveObjects: 1.033900 ms CreateObjectMapping: 1.157300 ms MarkObjects: 7.937000 ms  DeleteObjects: 6.533300 ms)

Prepare: number of updated asset objects reloaded= 0
========================================================================
Received Prepare
Refreshing native plugins compatible for Editor in 2.36 ms, found 4 plugins.
Preloading 0 native plugins for Editor in 0.00 ms.
Unloading 31 Unused Serialized files (Serialized files now loaded: 0)
Unloading 6709 unused Assets / (8.8 MB). Loaded Objects now: 7644.
Memory consumption went from 180.4 MB to 171.6 MB.
Total: 335.782600 ms (FindLiveObjects: 4.396700 ms CreateObjectMapping: 1.834500 ms MarkObjects: 320.407900 ms  DeleteObjects: 9.140400 ms)

Prepare: number of updated asset objects reloaded= 0
========================================================================
Received Prepare
Begin MonoManager ReloadAssembly
- Loaded All Assemblies, in  3.143 seconds
Refreshing native plugins compatible for Editor in 1.24 ms, found 4 plugins.
Native extension for iOS target not found
Native extension for Android target not found
Native extension for WindowsStandalone target not found
Native extension for WebGL target not found
Mono: successfully reloaded assembly
- Finished resetting the current domain, in  1.015 seconds
Domain Reload Profiling: 4162ms
	BeginReloadAssembly (1254ms)
		ExecutionOrderSort (0ms)
		DisableScriptedObjects (163ms)
		BackupInstance (0ms)
		ReleaseScriptingObjects (4ms)
		CreateAndSetChildDomain (499ms)
	RebuildCommonClasses (44ms)
	RebuildNativeTypeToScriptingClass (12ms)
	initialDomainReloadingComplete (40ms)
	LoadAllAssembliesAndSetupDomain (1797ms)
		LoadAssemblies (1743ms)
		RebuildTransferFunctionScriptingTraits (0ms)
		AnalyzeDomain (297ms)
			TypeCache.Refresh (33ms)
				TypeCache.ScanAssembly (1ms)
			BuildScriptInfoCaches (240ms)
			ResolveRequiredComponents (13ms)
	FinalizeReload (1016ms)
		ReleaseScriptCaches (0ms)
		RebuildScriptCaches (0ms)
		SetupLoadedEditorAssemblies (837ms)
			LogAssemblyErrors (0ms)
			InitializePlatformSupportModulesInManaged (15ms)
			SetLoadedEditorAssemblies (8ms)
			BeforeProcessingInitializeOnLoad (259ms)
			ProcessInitializeOnLoadAttributes (482ms)
			ProcessInitializeOnLoadMethodAttributes (71ms)
			AfterProcessingInitializeOnLoad (2ms)
			EditorAssembliesLoaded (0ms)
		ExecutionOrderSort2 (0ms)
		AwakeInstancesAfterBackupRestoration (18ms)
Refreshing native plugins compatible for Editor in 1.55 ms, found 4 plugins.
Preloading 0 native plugins for Editor in 0.00 ms.
Unloading 31 Unused Serialized files (Serialized files now loaded: 0)
Unloading 6720 unused Assets / (7.2 MB). Loaded Objects now: 7646.
Memory consumption went from 182.2 MB to 175.0 MB.
Total: 14.063800 ms (FindLiveObjects: 0.919700 ms CreateObjectMapping: 1.044700 ms MarkObjects: 6.763200 ms  DeleteObjects: 5.334100 ms)

Prepare: number of updated asset objects reloaded= 0
========================================================================
Received Import Request.
  Time since last request: 7573.589830 seconds.
  path: Assets/Prefabs/Boss.prefab
  artifactKey: Guid(7411950ed9b13b44c9469c39a1069770) Importer(815301076,1909f56bfc062723c751e8b465ee728b)
Start importing Assets/Prefabs/Boss.prefab using Guid(7411950ed9b13b44c9469c39a1069770) Importer(815301076,1909f56bfc062723c751e8b465ee728b) (PreviewImporter) -> (artifact id: 'bb8e869bd8ebe2f3e86c6fafb07f6893') in 2.4293792 seconds
Number of updated asset objects reloaded before import = 0Number of asset objects unloaded after import = 77

========================================================================
Received Import Request.
  Time since last request: 0.036793 seconds.
  path: Assets/UISprite/Number SDF.asset
  artifactKey: Guid(3ee58761a2d7beb4ebd19116dbf3d861) Importer(815301076,1909f56bfc062723c751e8b465ee728b)
Start importing Assets/UISprite/Number SDF.asset using Guid(3ee58761a2d7beb4ebd19116dbf3d861) Importer(815301076,1909f56bfc062723c751e8b465ee728b) (PreviewImporter) -> (artifact id: 'd95cd0149945a2ecc82e3e6f49549a67') in 0.1330088 seconds
Number of updated asset objects reloaded before import = 0Number of asset objects unloaded after import = 6

========================================================================
Received Import Request.
  Time since last request: 55.121392 seconds.
  path: Assets/UISprite/Button/Panels/Panel_With_Title_Box_02.png
  artifactKey: Guid(aaf83bda48327d44a8317a7a6e16dbdc) Importer(815301076,1909f56bfc062723c751e8b465ee728b)
Start importing Assets/UISprite/Button/Panels/Panel_With_Title_Box_02.png using Guid(aaf83bda48327d44a8317a7a6e16dbdc) Importer(815301076,1909f56bfc062723c751e8b465ee728b) (PreviewImporter) -> (artifact id: 'a33f3d8a595e65b93f9c98e67789ca1b') in 0.0420825 seconds
Number of updated asset objects reloaded before import = 0Number of asset objects unloaded after import = 3

========================================================================
Received Import Request.
  Time since last request: 91.914461 seconds.
  path: Assets/UISprite/Button/Icons Only Buttons
  artifactKey: Guid(bc0942f588073f2439ce5c897bd1fa7c) Importer(815301076,1909f56bfc062723c751e8b465ee728b)
Start importing Assets/UISprite/Button/Icons Only Buttons using Guid(bc0942f588073f2439ce5c897bd1fa7c) Importer(815301076,1909f56bfc062723c751e8b465ee728b) (PreviewImporter) -> (artifact id: 'e2df53efc7701f01d66445c2d7ab3852') in 0.0022739 seconds
Number of updated asset objects reloaded before import = 0Number of asset objects unloaded after import = 0

========================================================================
Received Import Request.
  Time since last request: 0.016783 seconds.
  path: Assets/UISprite/Button/Icons Only Buttons/Adjust_Down_Icon_01.png
  artifactKey: Guid(09dbcdadd9142d644ade13155e81e77f) Importer(815301076,1909f56bfc062723c751e8b465ee728b)
Start importing Assets/UISprite/Button/Icons Only Buttons/Adjust_Down_Icon_01.png using Guid(09dbcdadd9142d644ade13155e81e77f) Importer(815301076,1909f56bfc062723c751e8b465ee728b) (PreviewImporter) -> (artifact id: 'cdb6d6ae09aed8d03f864e27156f8904') in 0.0363796 seconds
Number of updated asset objects reloaded before import = 0Number of asset objects unloaded after import = 3

========================================================================
Received Import Request.
  Time since last request: 0.000030 seconds.
  path: Assets/UISprite/Button/Icons Only Buttons/Adjust_Down_Icon_03.png
  artifactKey: Guid(5d23ab426f665934a8bcf0bef4038c27) Importer(815301076,1909f56bfc062723c751e8b465ee728b)
Start importing Assets/UISprite/Button/Icons Only Buttons/Adjust_Down_Icon_03.png using Guid(5d23ab426f665934a8bcf0bef4038c27) Importer(815301076,1909f56bfc062723c751e8b465ee728b) (PreviewImporter) -> (artifact id: '44589cc6afb9ce58fe6cc32b84de1984') in 0.0338721 seconds
Number of updated asset objects reloaded before import = 0Number of asset objects unloaded after import = 3

========================================================================
Received Import Request.
  Time since last request: 0.000057 seconds.
  path: Assets/UISprite/Button/Icons Only Buttons/Arrow_Left_Icon_01.png
  artifactKey: Guid(6ba3249d3ebf4f849a40b0198df476f6) Importer(815301076,1909f56bfc062723c751e8b465ee728b)
Start importing Assets/UISprite/Button/Icons Only Buttons/Arrow_Left_Icon_01.png using Guid(6ba3249d3ebf4f849a40b0198df476f6) Importer(815301076,1909f56bfc062723c751e8b465ee728b) (PreviewImporter) -> (artifact id: '6a5e48f88ab8f9f8cc77b4a1294ab63c') in 0.03049 seconds
Number of updated asset objects reloaded before import = 0Number of asset objects unloaded after import = 3

========================================================================
Received Import Request.
  Time since last request: 0.000054 seconds.
  path: Assets/UISprite/Button/Icons Only Buttons/Brightness_Down_Icon_02.png
  artifactKey: Guid(28d00571103d5b545a6d036fa47a4059) Importer(815301076,1909f56bfc062723c751e8b465ee728b)
Start importing Assets/UISprite/Button/Icons Only Buttons/Brightness_Down_Icon_02.png using Guid(28d00571103d5b545a6d036fa47a4059) Importer(815301076,1909f56bfc062723c751e8b465ee728b) (PreviewImporter) -> (artifact id: '697583cf452fa51d0d6c31a75f7de51f') in 0.0321104 seconds
Number of updated asset objects reloaded before import = 0Number of asset objects unloaded after import = 4

========================================================================
Received Import Request.
  Time since last request: 0.000034 seconds.
  path: Assets/UISprite/Button/Icons Only Buttons/Brightness_Down_Icon_01.png
  artifactKey: Guid(5d9b674c58e743a40baa71d36b414b10) Importer(815301076,1909f56bfc062723c751e8b465ee728b)
Start importing Assets/UISprite/Button/Icons Only Buttons/Brightness_Down_Icon_01.png using Guid(5d9b674c58e743a40baa71d36b414b10) Importer(815301076,1909f56bfc062723c751e8b465ee728b) (PreviewImporter) -> (artifact id: '05bce4b5da4fc046b07f0c9136380a58') in 0.0312526 seconds
Number of updated asset objects reloaded before import = 0Number of asset objects unloaded after import = 4

========================================================================
Received Import Request.
  Time since last request: 0.000040 seconds.
  path: Assets/UISprite/Button/Icons Only Buttons/Brightness_Up_Icon_01.png
  artifactKey: Guid(fe700c574890a6442b881554021d7069) Importer(815301076,1909f56bfc062723c751e8b465ee728b)
Start importing Assets/UISprite/Button/Icons Only Buttons/Brightness_Up_Icon_01.png using Guid(fe700c574890a6442b881554021d7069) Importer(815301076,1909f56bfc062723c751e8b465ee728b) (PreviewImporter) -> (artifact id: '895128e0231a61c744e6baf061112f54') in 0.0370093 seconds
Number of updated asset objects reloaded before import = 0Number of asset objects unloaded after import = 4

========================================================================
Received Import Request.
  Time since last request: 0.000045 seconds.
  path: Assets/UISprite/Button/Icons Only Buttons/Arrow_Down_Icon_02.png
  artifactKey: Guid(e6e7631fa7c5de440ae576d82d4039c9) Importer(815301076,1909f56bfc062723c751e8b465ee728b)
Start importing Assets/UISprite/Button/Icons Only Buttons/Arrow_Down_Icon_02.png using Guid(e6e7631fa7c5de440ae576d82d4039c9) Importer(815301076,1909f56bfc062723c751e8b465ee728b) (PreviewImporter) -> (artifact id: 'ac8e265a73a4b66b87682b754d0f6ab6') in 0.0225139 seconds
Number of updated asset objects reloaded before import = 0Number of asset objects unloaded after import = 3

========================================================================
Received Import Request.
  Time since last request: 0.000052 seconds.
  path: Assets/UISprite/Button/Icons Only Buttons/Brightness_Down_Icon_03.png
  artifactKey: Guid(595bf8683bcd2214ea2e109ab9d99933) Importer(815301076,1909f56bfc062723c751e8b465ee728b)
Start importing Assets/UISprite/Button/Icons Only Buttons/Brightness_Down_Icon_03.png using Guid(595bf8683bcd2214ea2e109ab9d99933) Importer(815301076,1909f56bfc062723c751e8b465ee728b) (PreviewImporter) -> (artifact id: '3519f40e86f9e99ce5398d5b3be6da4a') in 0.0310668 seconds
Number of updated asset objects reloaded before import = 0Number of asset objects unloaded after import = 4

========================================================================
Received Import Request.
  Time since last request: 0.000026 seconds.
  path: Assets/UISprite/Button/Icons Only Buttons/Arrow_Down_Icon_03.png
  artifactKey: Guid(7ff718cc3a0768740b9db54592950eeb) Importer(815301076,1909f56bfc062723c751e8b465ee728b)
Start importing Assets/UISprite/Button/Icons Only Buttons/Arrow_Down_Icon_03.png using Guid(7ff718cc3a0768740b9db54592950eeb) Importer(815301076,1909f56bfc062723c751e8b465ee728b) (PreviewImporter) -> (artifact id: 'a7b72ee30910c7c3f0745dbfce5b4659') in 0.0300486 seconds
Number of updated asset objects reloaded before import = 0Number of asset objects unloaded after import = 3

========================================================================
Received Import Request.
  Time since last request: 0.000030 seconds.
  path: Assets/UISprite/Button/Icons Only Buttons/Adjust_Up_Icon_02.png
  artifactKey: Guid(a4a38ab0411f757449555e947eebb60f) Importer(815301076,1909f56bfc062723c751e8b465ee728b)
Start importing Assets/UISprite/Button/Icons Only Buttons/Adjust_Up_Icon_02.png using Guid(a4a38ab0411f757449555e947eebb60f) Importer(815301076,1909f56bfc062723c751e8b465ee728b) (PreviewImporter) -> (artifact id: '995317eaf6fd201b9d71620580b44665') in 0.0214357 seconds
Number of updated asset objects reloaded before import = 0Number of asset objects unloaded after import = 3

========================================================================
Received Import Request.
  Time since last request: 0.000038 seconds.
  path: Assets/UISprite/Button/Icons Only Buttons/Arrow_Up_Icon_03.png
  artifactKey: Guid(9c1a42a011ab085459b932cf787e0a33) Importer(815301076,1909f56bfc062723c751e8b465ee728b)
Start importing Assets/UISprite/Button/Icons Only Buttons/Arrow_Up_Icon_03.png using Guid(9c1a42a011ab085459b932cf787e0a33) Importer(815301076,1909f56bfc062723c751e8b465ee728b) (PreviewImporter) -> (artifact id: '71e03ef689a7c66345b163813e600ddb') in 0.024159 seconds
Number of updated asset objects reloaded before import = 0Number of asset objects unloaded after import = 3

========================================================================
Received Import Request.
  Time since last request: 0.000047 seconds.
  path: Assets/UISprite/Button/Icons Only Buttons/Confirm_Green_Icon_02.png
  artifactKey: Guid(505e74bbd9b373e48acd1431929099bc) Importer(815301076,1909f56bfc062723c751e8b465ee728b)
Start importing Assets/UISprite/Button/Icons Only Buttons/Confirm_Green_Icon_02.png using Guid(505e74bbd9b373e48acd1431929099bc) Importer(815301076,1909f56bfc062723c751e8b465ee728b) (PreviewImporter) -> (artifact id: 'bd85e2a225d0835ce973f4d4722ac4b0') in 0.0231137 seconds
Number of updated asset objects reloaded before import = 0Number of asset objects unloaded after import = 3

========================================================================
Received Import Request.
  Time since last request: 0.000033 seconds.
  path: Assets/UISprite/Button/Icons Only Buttons/Brightness_Up_Icon_03.png
  artifactKey: Guid(562d8c62dd9ea7744ae917dd9d8bc9b9) Importer(815301076,1909f56bfc062723c751e8b465ee728b)
Start importing Assets/UISprite/Button/Icons Only Buttons/Brightness_Up_Icon_03.png using Guid(562d8c62dd9ea7744ae917dd9d8bc9b9) Importer(815301076,1909f56bfc062723c751e8b465ee728b) (PreviewImporter) -> (artifact id: '5ca10e1a47c41f6ded84426bb2aa1f9b') in 0.0261796 seconds
Number of updated asset objects reloaded before import = 0Number of asset objects unloaded after import = 4

========================================================================
Received Import Request.
  Time since last request: 0.000024 seconds.
  path: Assets/UISprite/Button/Icons Only Buttons/Exit_Red_Icon_02.png
  artifactKey: Guid(c3743da576fdef0448a8b0874a067dbb) Importer(815301076,1909f56bfc062723c751e8b465ee728b)
Start importing Assets/UISprite/Button/Icons Only Buttons/Exit_Red_Icon_02.png using Guid(c3743da576fdef0448a8b0874a067dbb) Importer(815301076,1909f56bfc062723c751e8b465ee728b) (PreviewImporter) -> (artifact id: '8b6de92545111347e840f8b972d77b8f') in 0.0209521 seconds
Number of updated asset objects reloaded before import = 0Number of asset objects unloaded after import = 3

========================================================================
Received Import Request.
  Time since last request: 0.000032 seconds.
  path: Assets/UISprite/Button/Icons Only Buttons/Confirm_Icon_03.png
  artifactKey: Guid(207d565258f972140b1068873d543b32) Importer(815301076,1909f56bfc062723c751e8b465ee728b)
Start importing Assets/UISprite/Button/Icons Only Buttons/Confirm_Icon_03.png using Guid(207d565258f972140b1068873d543b32) Importer(815301076,1909f56bfc062723c751e8b465ee728b) (PreviewImporter) -> (artifact id: 'bcdfc97a434a5854f4ff38a938293354') in 0.0426752 seconds
Number of updated asset objects reloaded before import = 0Number of asset objects unloaded after import = 3

========================================================================
Received Import Request.
  Time since last request: 0.000044 seconds.
  path: Assets/UISprite/Button/Icons Only Buttons/Brightness_Up_Icon_02.png
  artifactKey: Guid(eced27c2d32e44d48b57e2ac36052123) Importer(815301076,1909f56bfc062723c751e8b465ee728b)
Start importing Assets/UISprite/Button/Icons Only Buttons/Brightness_Up_Icon_02.png using Guid(eced27c2d32e44d48b57e2ac36052123) Importer(815301076,1909f56bfc062723c751e8b465ee728b) (PreviewImporter) -> (artifact id: '679393da3f837d9b6b52c708cf47a174') in 0.023993 seconds
Number of updated asset objects reloaded before import = 0Number of asset objects unloaded after import = 4

========================================================================
Received Import Request.
  Time since last request: 0.000031 seconds.
  path: Assets/UISprite/Button/Icons Only Buttons/Arrow_Left_Icon_03.png
  artifactKey: Guid(5e4f401e221628a4da1d0b5fce76813d) Importer(815301076,1909f56bfc062723c751e8b465ee728b)
Start importing Assets/UISprite/Button/Icons Only Buttons/Arrow_Left_Icon_03.png using Guid(5e4f401e221628a4da1d0b5fce76813d) Importer(815301076,1909f56bfc062723c751e8b465ee728b) (PreviewImporter) -> (artifact id: 'c77fda528c63b12692b2a8102ca5dff4') in 0.0210275 seconds
Number of updated asset objects reloaded before import = 0Number of asset objects unloaded after import = 3

========================================================================
Received Import Request.
  Time since last request: 0.000032 seconds.
  path: Assets/UISprite/Button/Icons Only Buttons/Arrow_Down_Icon_01.png
  artifactKey: Guid(ecc85aa17284211488b49562c0654a1f) Importer(815301076,1909f56bfc062723c751e8b465ee728b)
Start importing Assets/UISprite/Button/Icons Only Buttons/Arrow_Down_Icon_01.png using Guid(ecc85aa17284211488b49562c0654a1f) Importer(815301076,1909f56bfc062723c751e8b465ee728b) (PreviewImporter) -> (artifact id: '361f9d99396fc61ae8cf41ff9cfaee4c') in 0.0218508 seconds
Number of updated asset objects reloaded before import = 0Number of asset objects unloaded after import = 3

========================================================================
Received Import Request.
  Time since last request: 0.000028 seconds.
  path: Assets/UISprite/Button/Icons Only Buttons/Arrow_Right_Icon_03.png
  artifactKey: Guid(a4f34fd2dfc8edb42a830d2d44379442) Importer(815301076,1909f56bfc062723c751e8b465ee728b)
Start importing Assets/UISprite/Button/Icons Only Buttons/Arrow_Right_Icon_03.png using Guid(a4f34fd2dfc8edb42a830d2d44379442) Importer(815301076,1909f56bfc062723c751e8b465ee728b) (PreviewImporter) -> (artifact id: 'e8628f0d4b72eaee01b60991e1b2161c') in 0.0220415 seconds
Number of updated asset objects reloaded before import = 0Number of asset objects unloaded after import = 3

========================================================================
Received Import Request.
  Time since last request: 0.000036 seconds.
  path: Assets/UISprite/Button/Icons Only Buttons/Confirm_Icon_02.png
  artifactKey: Guid(fa506018aaecefe4585b166378dc37aa) Importer(815301076,1909f56bfc062723c751e8b465ee728b)
Start importing Assets/UISprite/Button/Icons Only Buttons/Confirm_Icon_02.png using Guid(fa506018aaecefe4585b166378dc37aa) Importer(815301076,1909f56bfc062723c751e8b465ee728b) (PreviewImporter) -> (artifact id: 'f948c3af4a2139d09b6bc4b5666cf08d') in 0.023654 seconds
Number of updated asset objects reloaded before import = 0Number of asset objects unloaded after import = 3

========================================================================
Received Import Request.
  Time since last request: 0.000064 seconds.
  path: Assets/UISprite/Button/Icons Only Buttons/Arrow_Up_Icon_02.png
  artifactKey: Guid(933b8afeb8e991b439dd6f39d9169f82) Importer(815301076,1909f56bfc062723c751e8b465ee728b)
Start importing Assets/UISprite/Button/Icons Only Buttons/Arrow_Up_Icon_02.png using Guid(933b8afeb8e991b439dd6f39d9169f82) Importer(815301076,1909f56bfc062723c751e8b465ee728b) (PreviewImporter) -> (artifact id: '727c8942d08c50766ef841c418f2c9bb') in 0.0253504 seconds
Number of updated asset objects reloaded before import = 0Number of asset objects unloaded after import = 3

========================================================================
Received Import Request.
  Time since last request: 0.000029 seconds.
  path: Assets/UISprite/Button/Icons Only Buttons/Arrow_Left_Icon_02.png
  artifactKey: Guid(9de31c8a2cfa056478c564ffc0292027) Importer(815301076,1909f56bfc062723c751e8b465ee728b)
Start importing Assets/UISprite/Button/Icons Only Buttons/Arrow_Left_Icon_02.png using Guid(9de31c8a2cfa056478c564ffc0292027) Importer(815301076,1909f56bfc062723c751e8b465ee728b) (PreviewImporter) -> (artifact id: '93908d8c8a968348d7d01734bfbea99e') in 0.0219565 seconds
Number of updated asset objects reloaded before import = 0Number of asset objects unloaded after import = 3

========================================================================
Received Import Request.
  Time since last request: 0.000042 seconds.
  path: Assets/UISprite/Button/Icons Only Buttons/Exit_Icon_01.png
  artifactKey: Guid(6f2dea2ca7c24fd4b974baf3fcf363d7) Importer(815301076,1909f56bfc062723c751e8b465ee728b)
Start importing Assets/UISprite/Button/Icons Only Buttons/Exit_Icon_01.png using Guid(6f2dea2ca7c24fd4b974baf3fcf363d7) Importer(815301076,1909f56bfc062723c751e8b465ee728b) (PreviewImporter) -> (artifact id: '06d77f6824908e0366cdcfa3dba38dd0') in 0.0226061 seconds
Number of updated asset objects reloaded before import = 0Number of asset objects unloaded after import = 3

========================================================================
Received Import Request.
  Time since last request: 0.000052 seconds.
  path: Assets/UISprite/Button/Icons Only Buttons/Adjust_Up_Icon_03.png
  artifactKey: Guid(592c069b115b9cd419e87dc81ec9a4b3) Importer(815301076,1909f56bfc062723c751e8b465ee728b)
Start importing Assets/UISprite/Button/Icons Only Buttons/Adjust_Up_Icon_03.png using Guid(592c069b115b9cd419e87dc81ec9a4b3) Importer(815301076,1909f56bfc062723c751e8b465ee728b) (PreviewImporter) -> (artifact id: 'e955ccbcc4a1357da0b9a11502e909a9') in 0.0282878 seconds
Number of updated asset objects reloaded before import = 0Number of asset objects unloaded after import = 3

========================================================================
Received Import Request.
  Time since last request: 0.000047 seconds.
  path: Assets/UISprite/Button/Icons Only Buttons/Exit_Red_Icon_03.png
  artifactKey: Guid(946c5cb89235efb4dbf55d883cc6e87b) Importer(815301076,1909f56bfc062723c751e8b465ee728b)
Start importing Assets/UISprite/Button/Icons Only Buttons/Exit_Red_Icon_03.png using Guid(946c5cb89235efb4dbf55d883cc6e87b) Importer(815301076,1909f56bfc062723c751e8b465ee728b) (PreviewImporter) -> (artifact id: '128b88230f5fc8106d23c920591b733e') in 0.0258582 seconds
Number of updated asset objects reloaded before import = 0Number of asset objects unloaded after import = 3

========================================================================
Received Import Request.
  Time since last request: 0.000048 seconds.
  path: Assets/UISprite/Button/Icons Only Buttons/Help_Icon_01.png
  artifactKey: Guid(084e3ed1a8c07e7459c4b2cabe481304) Importer(815301076,1909f56bfc062723c751e8b465ee728b)
Start importing Assets/UISprite/Button/Icons Only Buttons/Help_Icon_01.png using Guid(084e3ed1a8c07e7459c4b2cabe481304) Importer(815301076,1909f56bfc062723c751e8b465ee728b) (PreviewImporter) -> (artifact id: 'ef74d124b7fb9c942185896b1d8660af') in 0.0254001 seconds
Number of updated asset objects reloaded before import = 0Number of asset objects unloaded after import = 3

========================================================================
Received Import Request.
  Time since last request: 0.000031 seconds.
  path: Assets/UISprite/Button/Icons Only Buttons/Help_Icon_03.png
  artifactKey: Guid(fb0eab91a690d5a41b7f7de7b818f18e) Importer(815301076,1909f56bfc062723c751e8b465ee728b)
Start importing Assets/UISprite/Button/Icons Only Buttons/Help_Icon_03.png using Guid(fb0eab91a690d5a41b7f7de7b818f18e) Importer(815301076,1909f56bfc062723c751e8b465ee728b) (PreviewImporter) -> (artifact id: 'e65136170f71202607a328e49e4dd713') in 0.0292884 seconds
Number of updated asset objects reloaded before import = 0Number of asset objects unloaded after import = 3

========================================================================
Received Import Request.
  Time since last request: 0.000051 seconds.
  path: Assets/UISprite/Button/Icons Only Buttons/Home_Icon_01.png
  artifactKey: Guid(5d7845f2f17fd4e44971f0a7ff8c2f5f) Importer(815301076,1909f56bfc062723c751e8b465ee728b)
Start importing Assets/UISprite/Button/Icons Only Buttons/Home_Icon_01.png using Guid(5d7845f2f17fd4e44971f0a7ff8c2f5f) Importer(815301076,1909f56bfc062723c751e8b465ee728b) (PreviewImporter) -> (artifact id: '22ad5d865dca24cf72ebb424e6ba811b') in 0.0341514 seconds
Number of updated asset objects reloaded before import = 0Number of asset objects unloaded after import = 3

========================================================================
Received Import Request.
  Time since last request: 0.000037 seconds.
  path: Assets/UISprite/Button/Icons Only Buttons/Help_Icon_02.png
  artifactKey: Guid(c4207c6177764e942bf785747973dc76) Importer(815301076,1909f56bfc062723c751e8b465ee728b)
Start importing Assets/UISprite/Button/Icons Only Buttons/Help_Icon_02.png using Guid(c4207c6177764e942bf785747973dc76) Importer(815301076,1909f56bfc062723c751e8b465ee728b) (PreviewImporter) -> (artifact id: '556677b6768c75bb4bbbb6431ab8297e') in 0.0246115 seconds
Number of updated asset objects reloaded before import = 0Number of asset objects unloaded after import = 3

========================================================================
Received Import Request.
  Time since last request: 0.000076 seconds.
  path: Assets/UISprite/Button/Icons Only Buttons/Home_Icon_02.png
  artifactKey: Guid(e7ec3692d51217b4db40fdada7589c4c) Importer(815301076,1909f56bfc062723c751e8b465ee728b)
Start importing Assets/UISprite/Button/Icons Only Buttons/Home_Icon_02.png using Guid(e7ec3692d51217b4db40fdada7589c4c) Importer(815301076,1909f56bfc062723c751e8b465ee728b) (PreviewImporter) -> (artifact id: '5a7870d8fdfec793d86e231e906c43fc') in 0.0292714 seconds
Number of updated asset objects reloaded before import = 0Number of asset objects unloaded after import = 3

========================================================================
Received Import Request.
  Time since last request: 0.000041 seconds.
  path: Assets/UISprite/Button/Icons Only Buttons/Home_Icon_03.png
  artifactKey: Guid(45034c17c7cbe9140874029102aec91c) Importer(815301076,1909f56bfc062723c751e8b465ee728b)
Start importing Assets/UISprite/Button/Icons Only Buttons/Home_Icon_03.png using Guid(45034c17c7cbe9140874029102aec91c) Importer(815301076,1909f56bfc062723c751e8b465ee728b) (PreviewImporter) -> (artifact id: '1234eb5e9e650c1b9a393f51baf05c53') in 0.033484 seconds
Number of updated asset objects reloaded before import = 0Number of asset objects unloaded after import = 3

========================================================================
Received Import Request.
  Time since last request: 0.000057 seconds.
  path: Assets/UISprite/Button/Icons Only Buttons/Arrow_Right_Icon_02.png
  artifactKey: Guid(01da35c9bfa017d4d9c26d3227d821ae) Importer(815301076,1909f56bfc062723c751e8b465ee728b)
Start importing Assets/UISprite/Button/Icons Only Buttons/Arrow_Right_Icon_02.png using Guid(01da35c9bfa017d4d9c26d3227d821ae) Importer(815301076,1909f56bfc062723c751e8b465ee728b) (PreviewImporter) -> (artifact id: '2609e36f7656a0790debbd2c45ae9503') in 0.0328261 seconds
Number of updated asset objects reloaded before import = 0Number of asset objects unloaded after import = 3

========================================================================
Received Import Request.
  Time since last request: 0.000036 seconds.
  path: Assets/UISprite/Button/Icons Only Buttons/Play_Icon_02.png
  artifactKey: Guid(4f22e12dbc2d6a74d82119cafa324cb8) Importer(815301076,1909f56bfc062723c751e8b465ee728b)
Start importing Assets/UISprite/Button/Icons Only Buttons/Play_Icon_02.png using Guid(4f22e12dbc2d6a74d82119cafa324cb8) Importer(815301076,1909f56bfc062723c751e8b465ee728b) (PreviewImporter) -> (artifact id: '3615955fa2937e47659011efff2991d3') in 0.0360343 seconds
Number of updated asset objects reloaded before import = 0Number of asset objects unloaded after import = 3

========================================================================
Received Import Request.
  Time since last request: 0.000078 seconds.
  path: Assets/UISprite/Button/Icons Only Buttons/Menu_Icon_02.png
  artifactKey: Guid(a8970ccd6b4ffc94cb33cf0867fbe89c) Importer(815301076,1909f56bfc062723c751e8b465ee728b)
Start importing Assets/UISprite/Button/Icons Only Buttons/Menu_Icon_02.png using Guid(a8970ccd6b4ffc94cb33cf0867fbe89c) Importer(815301076,1909f56bfc062723c751e8b465ee728b) (PreviewImporter) -> (artifact id: '0f992de930cc21569cde6a013a5e1efb') in 0.0461486 seconds
Number of updated asset objects reloaded before import = 0Number of asset objects unloaded after import = 4

========================================================================
Received Import Request.
  Time since last request: 0.000034 seconds.
  path: Assets/UISprite/Button/Icons Only Buttons/Pause_Icon_03.png
  artifactKey: Guid(c3b1e7e7c18b3ae42b1920e0a80bcf82) Importer(815301076,1909f56bfc062723c751e8b465ee728b)
Start importing Assets/UISprite/Button/Icons Only Buttons/Pause_Icon_03.png using Guid(c3b1e7e7c18b3ae42b1920e0a80bcf82) Importer(815301076,1909f56bfc062723c751e8b465ee728b) (PreviewImporter) -> (artifact id: '0a718b78137babfae9b9d560b3e05fc5') in 0.0269048 seconds
Number of updated asset objects reloaded before import = 0Number of asset objects unloaded after import = 4

========================================================================
Received Import Request.
  Time since last request: 0.000040 seconds.
  path: Assets/UISprite/Button/Icons Only Buttons/Pause_Icon_02.png
  artifactKey: Guid(f2fd6104cbf5f734386071ef6891c478) Importer(815301076,1909f56bfc062723c751e8b465ee728b)
Start importing Assets/UISprite/Button/Icons Only Buttons/Pause_Icon_02.png using Guid(f2fd6104cbf5f734386071ef6891c478) Importer(815301076,1909f56bfc062723c751e8b465ee728b) (PreviewImporter) -> (artifact id: '3a03abfba969be6e1fa2dfedd5539bc8') in 0.0260215 seconds
Number of updated asset objects reloaded before import = 0Number of asset objects unloaded after import = 4

========================================================================
Received Import Request.
  Time since last request: 0.000038 seconds.
  path: Assets/UISprite/Button/Icons Only Buttons/Settings_Icon_01.png
  artifactKey: Guid(5e0688ced3c8278409a0352d0715145e) Importer(815301076,1909f56bfc062723c751e8b465ee728b)
Start importing Assets/UISprite/Button/Icons Only Buttons/Settings_Icon_01.png using Guid(5e0688ced3c8278409a0352d0715145e) Importer(815301076,1909f56bfc062723c751e8b465ee728b) (PreviewImporter) -> (artifact id: '8f2911e77398f25f0f7f0d1087035ddc') in 0.0273506 seconds
Number of updated asset objects reloaded before import = 0Number of asset objects unloaded after import = 3

========================================================================
Received Import Request.
  Time since last request: 0.000057 seconds.
  path: Assets/UISprite/Button/Icons Only Buttons/Settings_Icon_02.png
  artifactKey: Guid(d2697f3de26c05c48800ee96c1ede35e) Importer(815301076,1909f56bfc062723c751e8b465ee728b)
Start importing Assets/UISprite/Button/Icons Only Buttons/Settings_Icon_02.png using Guid(d2697f3de26c05c48800ee96c1ede35e) Importer(815301076,1909f56bfc062723c751e8b465ee728b) (PreviewImporter) -> (artifact id: '14961a7ebcc8f49ae1d0fbb67591aabb') in 0.0261129 seconds
Number of updated asset objects reloaded before import = 0Number of asset objects unloaded after import = 3

========================================================================
Received Import Request.
  Time since last request: 0.000032 seconds.
  path: Assets/UISprite/Button/Icons Only Buttons/Play_Icon_03.png
  artifactKey: Guid(da203be48c7bc6d4ca849ad41df12346) Importer(815301076,1909f56bfc062723c751e8b465ee728b)
Start importing Assets/UISprite/Button/Icons Only Buttons/Play_Icon_03.png using Guid(da203be48c7bc6d4ca849ad41df12346) Importer(815301076,1909f56bfc062723c751e8b465ee728b) (PreviewImporter) -> (artifact id: '0713a01c4a3c1fc3f165e482c166f96b') in 0.0247283 seconds
Number of updated asset objects reloaded before import = 0Number of asset objects unloaded after import = 3

========================================================================
Received Import Request.
  Time since last request: 0.000031 seconds.
  path: Assets/UISprite/Button/Icons Only Buttons/Save_Icon_01.png
  artifactKey: Guid(16413e3967e120245a04c8539a7f4388) Importer(815301076,1909f56bfc062723c751e8b465ee728b)
Start importing Assets/UISprite/Button/Icons Only Buttons/Save_Icon_01.png using Guid(16413e3967e120245a04c8539a7f4388) Importer(815301076,1909f56bfc062723c751e8b465ee728b) (PreviewImporter) -> (artifact id: 'a21224599368f6d3dd8d6c0e46816dee') in 0.0222168 seconds
Number of updated asset objects reloaded before import = 0Number of asset objects unloaded after import = 3

========================================================================
Received Import Request.
  Time since last request: 0.000035 seconds.
  path: Assets/UISprite/Button/Icons Only Buttons/Save_Icon_02.png
  artifactKey: Guid(811e19eeb0fb8a94cb4b95c112ddf638) Importer(815301076,1909f56bfc062723c751e8b465ee728b)
Start importing Assets/UISprite/Button/Icons Only Buttons/Save_Icon_02.png using Guid(811e19eeb0fb8a94cb4b95c112ddf638) Importer(815301076,1909f56bfc062723c751e8b465ee728b) (PreviewImporter) -> (artifact id: 'bd01483cb47506dffeee7f5595ef832d') in 0.0183285 seconds
Number of updated asset objects reloaded before import = 0Number of asset objects unloaded after import = 3

========================================================================
Received Import Request.
  Time since last request: 0.000034 seconds.
  path: Assets/UISprite/Button/Icons Only Buttons/Sound_Down_Icon_02.png
  artifactKey: Guid(45909239e05185d4783c9f00f3cecd9d) Importer(815301076,1909f56bfc062723c751e8b465ee728b)
Start importing Assets/UISprite/Button/Icons Only Buttons/Sound_Down_Icon_02.png using Guid(45909239e05185d4783c9f00f3cecd9d) Importer(815301076,1909f56bfc062723c751e8b465ee728b) (PreviewImporter) -> (artifact id: 'f2aaaebc04f29d770e586e824f5d77eb') in 0.0251965 seconds
Number of updated asset objects reloaded before import = 0Number of asset objects unloaded after import = 4

========================================================================
Received Import Request.
  Time since last request: 0.000064 seconds.
  path: Assets/UISprite/Button/Icons Only Buttons/Sound_Off_Icon_01.png
  artifactKey: Guid(5d3ae00b348f8f648b282680d1ad277b) Importer(815301076,1909f56bfc062723c751e8b465ee728b)
Start importing Assets/UISprite/Button/Icons Only Buttons/Sound_Off_Icon_01.png using Guid(5d3ae00b348f8f648b282680d1ad277b) Importer(815301076,1909f56bfc062723c751e8b465ee728b) (PreviewImporter) -> (artifact id: '2d3034e314969ef465fce477f6458d65') in 0.0262207 seconds
Number of updated asset objects reloaded before import = 0Number of asset objects unloaded after import = 4

========================================================================
Received Import Request.
  Time since last request: 0.000032 seconds.
  path: Assets/UISprite/Button/Icons Only Buttons/Skip_Icon_03.png
  artifactKey: Guid(87a8ea85dae2a114488e41ef7723d8b1) Importer(815301076,1909f56bfc062723c751e8b465ee728b)
Start importing Assets/UISprite/Button/Icons Only Buttons/Skip_Icon_03.png using Guid(87a8ea85dae2a114488e41ef7723d8b1) Importer(815301076,1909f56bfc062723c751e8b465ee728b) (PreviewImporter) -> (artifact id: '06fbce6c5214e79d74fbba5c2ba2de65') in 0.0217783 seconds
Number of updated asset objects reloaded before import = 0Number of asset objects unloaded after import = 3

========================================================================
Received Import Request.
  Time since last request: 0.000025 seconds.
  path: Assets/UISprite/Button/Icons Only Buttons/Skip_Icon_01.png
  artifactKey: Guid(f6a68ac77b4e2a045a5dc61dc94ce369) Importer(815301076,1909f56bfc062723c751e8b465ee728b)
Start importing Assets/UISprite/Button/Icons Only Buttons/Skip_Icon_01.png using Guid(f6a68ac77b4e2a045a5dc61dc94ce369) Importer(815301076,1909f56bfc062723c751e8b465ee728b) (PreviewImporter) -> (artifact id: '1e5e65ce477c90a44e5df214de72ebc9') in 0.0220186 seconds
Number of updated asset objects reloaded before import = 0Number of asset objects unloaded after import = 3

========================================================================
Received Import Request.
  Time since last request: 0.000052 seconds.
  path: Assets/UISprite/Button/Icons Only Buttons/Skip_Icon_02.png
  artifactKey: Guid(49832cb274fed144895b1487dd304178) Importer(815301076,1909f56bfc062723c751e8b465ee728b)
Start importing Assets/UISprite/Button/Icons Only Buttons/Skip_Icon_02.png using Guid(49832cb274fed144895b1487dd304178) Importer(815301076,1909f56bfc062723c751e8b465ee728b) (PreviewImporter) -> (artifact id: '6b45ff9f4b5761cdb2cccb1c9d3f2bef') in 0.0219389 seconds
Number of updated asset objects reloaded before import = 0Number of asset objects unloaded after import = 3

========================================================================
Received Import Request.
  Time since last request: 0.000055 seconds.
  path: Assets/UISprite/Button/Icons Only Buttons/Pause_Icon_01.png
  artifactKey: Guid(c9fecd5255d77754da5edcdd538686ca) Importer(815301076,1909f56bfc062723c751e8b465ee728b)
Start importing Assets/UISprite/Button/Icons Only Buttons/Pause_Icon_01.png using Guid(c9fecd5255d77754da5edcdd538686ca) Importer(815301076,1909f56bfc062723c751e8b465ee728b) (PreviewImporter) -> (artifact id: 'b01673c597a1fa3be492f418e7b42724') in 0.0255609 seconds
Number of updated asset objects reloaded before import = 0Number of asset objects unloaded after import = 4

========================================================================
Received Import Request.
  Time since last request: 0.000057 seconds.
  path: Assets/UISprite/Button/Icons Only Buttons/Settings_Icon_03.png
  artifactKey: Guid(52dd403da5dcfd34c813a38f49f07b84) Importer(815301076,1909f56bfc062723c751e8b465ee728b)
Start importing Assets/UISprite/Button/Icons Only Buttons/Settings_Icon_03.png using Guid(52dd403da5dcfd34c813a38f49f07b84) Importer(815301076,1909f56bfc062723c751e8b465ee728b) (PreviewImporter) -> (artifact id: '54cca1940ea0266b491621471e6ff8fa') in 0.0226584 seconds
Number of updated asset objects reloaded before import = 0Number of asset objects unloaded after import = 3

========================================================================
Received Import Request.
  Time since last request: 0.000029 seconds.
  path: Assets/UISprite/Button/Icons Only Buttons/Sound_Up_Icon_02.png
  artifactKey: Guid(c15cdd0de6fab934da308d2c29c60f0f) Importer(815301076,1909f56bfc062723c751e8b465ee728b)
Start importing Assets/UISprite/Button/Icons Only Buttons/Sound_Up_Icon_02.png using Guid(c15cdd0de6fab934da308d2c29c60f0f) Importer(815301076,1909f56bfc062723c751e8b465ee728b) (PreviewImporter) -> (artifact id: '7c7e7d553b8a68e59887a12ed27103ac') in 0.0244807 seconds
Number of updated asset objects reloaded before import = 0Number of asset objects unloaded after import = 4

========================================================================
Received Import Request.
  Time since last request: 0.000029 seconds.
  path: Assets/UISprite/Button/Icons Only Buttons/Confirm_Icon_01.png
  artifactKey: Guid(233d962161081344f9964c44ad19f88c) Importer(815301076,1909f56bfc062723c751e8b465ee728b)
Start importing Assets/UISprite/Button/Icons Only Buttons/Confirm_Icon_01.png using Guid(233d962161081344f9964c44ad19f88c) Importer(815301076,1909f56bfc062723c751e8b465ee728b) (PreviewImporter) -> (artifact id: '10a83be904a9e9bf0a7479c8141089ab') in 0.0247745 seconds
Number of updated asset objects reloaded before import = 0Number of asset objects unloaded after import = 3

========================================================================
Received Import Request.
  Time since last request: 0.000041 seconds.
  path: Assets/UISprite/Button/Icons Only Buttons/Confirm_Green_Icon_03.png
  artifactKey: Guid(dada85fae0f7a9c4c8218700940ea932) Importer(815301076,1909f56bfc062723c751e8b465ee728b)
Start importing Assets/UISprite/Button/Icons Only Buttons/Confirm_Green_Icon_03.png using Guid(dada85fae0f7a9c4c8218700940ea932) Importer(815301076,1909f56bfc062723c751e8b465ee728b) (PreviewImporter) -> (artifact id: '0ba60ce881803c04c9971f9a663b41aa') in 0.0221841 seconds
Number of updated asset objects reloaded before import = 0Number of asset objects unloaded after import = 3

========================================================================
Received Import Request.
  Time since last request: 0.000038 seconds.
  path: Assets/UISprite/Button/Icons Only Buttons/Sound_Down_Icon_03.png
  artifactKey: Guid(5e01bc8069b9c034f92e0d985938e9a5) Importer(815301076,1909f56bfc062723c751e8b465ee728b)
Start importing Assets/UISprite/Button/Icons Only Buttons/Sound_Down_Icon_03.png using Guid(5e01bc8069b9c034f92e0d985938e9a5) Importer(815301076,1909f56bfc062723c751e8b465ee728b) (PreviewImporter) -> (artifact id: '5a40e443c6bd54a7950841d78324bfd2') in 0.0279844 seconds
Number of updated asset objects reloaded before import = 0Number of asset objects unloaded after import = 4

========================================================================
Received Import Request.
  Time since last request: 0.000051 seconds.
  path: Assets/UISprite/Button/Icons Only Buttons/Exit_Icon_03.png
  artifactKey: Guid(2ebfcc0d6b73f46468bd4540cad054bd) Importer(815301076,1909f56bfc062723c751e8b465ee728b)
Start importing Assets/UISprite/Button/Icons Only Buttons/Exit_Icon_03.png using Guid(2ebfcc0d6b73f46468bd4540cad054bd) Importer(815301076,1909f56bfc062723c751e8b465ee728b) (PreviewImporter) -> (artifact id: '73710a8e89b68353be1787120f5793a3') in 0.0255872 seconds
Number of updated asset objects reloaded before import = 0Number of asset objects unloaded after import = 3

========================================================================
Received Import Request.
  Time since last request: 0.000032 seconds.
  path: Assets/UISprite/Button/Icons Only Buttons/Exit_Red_Icon_01.png
  artifactKey: Guid(57db1feac50a46343a56049978e6cb49) Importer(815301076,1909f56bfc062723c751e8b465ee728b)
Start importing Assets/UISprite/Button/Icons Only Buttons/Exit_Red_Icon_01.png using Guid(57db1feac50a46343a56049978e6cb49) Importer(815301076,1909f56bfc062723c751e8b465ee728b) (PreviewImporter) -> (artifact id: 'c45b5e344ff8c09e7589c28690df31ed') in 0.0215184 seconds
Number of updated asset objects reloaded before import = 0Number of asset objects unloaded after import = 3

========================================================================
Received Import Request.
  Time since last request: 0.000031 seconds.
  path: Assets/UISprite/Button/Icons Only Buttons/Sound_Down_Icon_01.png
  artifactKey: Guid(8ecb0343fb7b3374da20ed6bd94917a3) Importer(815301076,1909f56bfc062723c751e8b465ee728b)
Start importing Assets/UISprite/Button/Icons Only Buttons/Sound_Down_Icon_01.png using Guid(8ecb0343fb7b3374da20ed6bd94917a3) Importer(815301076,1909f56bfc062723c751e8b465ee728b) (PreviewImporter) -> (artifact id: 'b4ce21b5cc3f5adda22277ed7482a924') in 0.0275941 seconds
Number of updated asset objects reloaded before import = 0Number of asset objects unloaded after import = 4

========================================================================
Received Import Request.
  Time since last request: 0.000037 seconds.
  path: Assets/UISprite/Button/Icons Only Buttons/Sound_Up_Icon_01.png
  artifactKey: Guid(305ef56a81f115c44a15c2990761914e) Importer(815301076,1909f56bfc062723c751e8b465ee728b)
Start importing Assets/UISprite/Button/Icons Only Buttons/Sound_Up_Icon_01.png using Guid(305ef56a81f115c44a15c2990761914e) Importer(815301076,1909f56bfc062723c751e8b465ee728b) (PreviewImporter) -> (artifact id: '41acbd9c1bf52ff955b9945f61c4be7d') in 0.0277317 seconds
Number of updated asset objects reloaded before import = 0Number of asset objects unloaded after import = 4

========================================================================
Received Import Request.
  Time since last request: 0.000032 seconds.
  path: Assets/UISprite/Button/Icons Only Buttons/Confirm_Green_Icon_04.png
  artifactKey: Guid(e9cb878d1cd6272448456486b9cece36) Importer(815301076,1909f56bfc062723c751e8b465ee728b)
Start importing Assets/UISprite/Button/Icons Only Buttons/Confirm_Green_Icon_04.png using Guid(e9cb878d1cd6272448456486b9cece36) Importer(815301076,1909f56bfc062723c751e8b465ee728b) (PreviewImporter) -> (artifact id: 'aa94435ff16861ba98c5fb93f1f8a4cb') in 0.0286626 seconds
Number of updated asset objects reloaded before import = 0Number of asset objects unloaded after import = 3

========================================================================
Received Import Request.
  Time since last request: 0.000058 seconds.
  path: Assets/UISprite/Button/Icons Only Buttons/Arrow_Up_Icon_01.png
  artifactKey: Guid(7f03dbd8f0b592b40b8e625375ce3bb0) Importer(815301076,1909f56bfc062723c751e8b465ee728b)
Start importing Assets/UISprite/Button/Icons Only Buttons/Arrow_Up_Icon_01.png using Guid(7f03dbd8f0b592b40b8e625375ce3bb0) Importer(815301076,1909f56bfc062723c751e8b465ee728b) (PreviewImporter) -> (artifact id: '12e4cef063ca4ab1261168db584b5242') in 0.0242375 seconds
Number of updated asset objects reloaded before import = 0Number of asset objects unloaded after import = 3

========================================================================
Received Import Request.
  Time since last request: 19.188226 seconds.
  path: Assets/UISprite/Button/Buttons With Icons/Menu_Button_01.png
  artifactKey: Guid(4c10df5f4b5df1c41856b363135aecd9) Importer(815301076,1909f56bfc062723c751e8b465ee728b)
Start importing Assets/UISprite/Button/Buttons With Icons/Menu_Button_01.png using Guid(4c10df5f4b5df1c41856b363135aecd9) Importer(815301076,1909f56bfc062723c751e8b465ee728b) (PreviewImporter) -> (artifact id: '88bc78ab7e793e52dc185e503265db50') in 0.0296477 seconds
Number of updated asset objects reloaded before import = 0Number of asset objects unloaded after import = 3

========================================================================
Received Import Request.
  Time since last request: 0.000048 seconds.
  path: Assets/UISprite/Button/Buttons With Icons/Menu_Button_03.png
  artifactKey: Guid(76ce73e7f9e3a7644ba308a37d4fc02b) Importer(815301076,1909f56bfc062723c751e8b465ee728b)
Start importing Assets/UISprite/Button/Buttons With Icons/Menu_Button_03.png using Guid(76ce73e7f9e3a7644ba308a37d4fc02b) Importer(815301076,1909f56bfc062723c751e8b465ee728b) (PreviewImporter) -> (artifact id: 'ac79d66f65e953cee41fea6c56e18d9a') in 0.0325192 seconds
Number of updated asset objects reloaded before import = 0Number of asset objects unloaded after import = 3

========================================================================
Received Import Request.
  Time since last request: 0.000040 seconds.
  path: Assets/UISprite/Button/Buttons With Icons/Pause_Button_01.png
  artifactKey: Guid(fe4a5106c4e1b25419389f37c628f9ae) Importer(815301076,1909f56bfc062723c751e8b465ee728b)
Start importing Assets/UISprite/Button/Buttons With Icons/Pause_Button_01.png using Guid(fe4a5106c4e1b25419389f37c628f9ae) Importer(815301076,1909f56bfc062723c751e8b465ee728b) (PreviewImporter) -> (artifact id: '46bc631ddfcb9a39ffa4a075d3b2a4e4') in 0.0290222 seconds
Number of updated asset objects reloaded before import = 0Number of asset objects unloaded after import = 3

========================================================================
Received Import Request.
  Time since last request: 0.000024 seconds.
  path: Assets/UISprite/Button/Buttons With Icons/Play_Button_02.png
  artifactKey: Guid(08fc4ee29d05265419c9b88751d84c75) Importer(815301076,1909f56bfc062723c751e8b465ee728b)
Start importing Assets/UISprite/Button/Buttons With Icons/Play_Button_02.png using Guid(08fc4ee29d05265419c9b88751d84c75) Importer(815301076,1909f56bfc062723c751e8b465ee728b) (PreviewImporter) -> (artifact id: 'a19f23ea7f93bfd98c24cd65f232c53b') in 0.0356471 seconds
Number of updated asset objects reloaded before import = 0Number of asset objects unloaded after import = 3

========================================================================
Received Import Request.
  Time since last request: 0.012026 seconds.
  path: Assets/UISprite/Button/Buttons With Icons/Save_Button_01.png
  artifactKey: Guid(9424e35061160694d831c7edb12a7b4e) Importer(815301076,1909f56bfc062723c751e8b465ee728b)
Start importing Assets/UISprite/Button/Buttons With Icons/Save_Button_01.png using Guid(9424e35061160694d831c7edb12a7b4e) Importer(815301076,1909f56bfc062723c751e8b465ee728b) (PreviewImporter) -> (artifact id: 'c1496dc51a45272b054e1953f1a528be') in 0.029452 seconds
Number of updated asset objects reloaded before import = 0Number of asset objects unloaded after import = 3

========================================================================
Received Import Request.
  Time since last request: 0.000026 seconds.
  path: Assets/UISprite/Button/Buttons With Icons/Sound_Off_Button_03.png
  artifactKey: Guid(04e0c3ed0f5e6f942846918cc85c5d55) Importer(815301076,1909f56bfc062723c751e8b465ee728b)
Start importing Assets/UISprite/Button/Buttons With Icons/Sound_Off_Button_03.png using Guid(04e0c3ed0f5e6f942846918cc85c5d55) Importer(815301076,1909f56bfc062723c751e8b465ee728b) (PreviewImporter) -> (artifact id: '2825a887c3f4a08cfb4471c848d6823a') in 0.0274863 seconds
Number of updated asset objects reloaded before import = 0Number of asset objects unloaded after import = 3

========================================================================
Received Import Request.
  Time since last request: 0.000046 seconds.
  path: Assets/UISprite/Button/Buttons With Icons/Sound_Up_Button_01.png
  artifactKey: Guid(ed02ae892208f16498936ae4464b1f1e) Importer(815301076,1909f56bfc062723c751e8b465ee728b)
Start importing Assets/UISprite/Button/Buttons With Icons/Sound_Up_Button_01.png using Guid(ed02ae892208f16498936ae4464b1f1e) Importer(815301076,1909f56bfc062723c751e8b465ee728b) (PreviewImporter) -> (artifact id: '73f06279fefda62149dda02dc674ebf8') in 0.0211808 seconds
Number of updated asset objects reloaded before import = 0Number of asset objects unloaded after import = 3

========================================================================
Received Import Request.
  Time since last request: 0.000032 seconds.
  path: Assets/UISprite/Button/Buttons With Icons/Skip_Button_03.png
  artifactKey: Guid(aae7a11d3aaf9e44da346c16d6f8eff1) Importer(815301076,1909f56bfc062723c751e8b465ee728b)
Start importing Assets/UISprite/Button/Buttons With Icons/Skip_Button_03.png using Guid(aae7a11d3aaf9e44da346c16d6f8eff1) Importer(815301076,1909f56bfc062723c751e8b465ee728b) (PreviewImporter) -> (artifact id: '253ea3de87fe0db4e25d132d861156f1') in 0.0220391 seconds
Number of updated asset objects reloaded before import = 0Number of asset objects unloaded after import = 3

========================================================================
Received Import Request.
  Time since last request: 0.000030 seconds.
  path: Assets/UISprite/Button/Buttons With Icons/Settings_Button_01.png
  artifactKey: Guid(039b42eb866afa5419d1c14d9b7f8f21) Importer(815301076,1909f56bfc062723c751e8b465ee728b)
Start importing Assets/UISprite/Button/Buttons With Icons/Settings_Button_01.png using Guid(039b42eb866afa5419d1c14d9b7f8f21) Importer(815301076,1909f56bfc062723c751e8b465ee728b) (PreviewImporter) -> (artifact id: 'b2d253d8daca7f407e3216fad060bd07') in 0.0254704 seconds
Number of updated asset objects reloaded before import = 0Number of asset objects unloaded after import = 3

========================================================================
Received Import Request.
  Time since last request: 0.000082 seconds.
  path: Assets/UISprite/Button/Buttons With Icons/Skip_Button_01.png
  artifactKey: Guid(8252ec248175e8e4fbdba84a882a9556) Importer(815301076,1909f56bfc062723c751e8b465ee728b)
Start importing Assets/UISprite/Button/Buttons With Icons/Skip_Button_01.png using Guid(8252ec248175e8e4fbdba84a882a9556) Importer(815301076,1909f56bfc062723c751e8b465ee728b) (PreviewImporter) -> (artifact id: '08ce4eed653e293a2c3104e7be297a35') in 0.0289971 seconds
Number of updated asset objects reloaded before import = 0Number of asset objects unloaded after import = 3

========================================================================
Received Prepare
Begin MonoManager ReloadAssembly
- Loaded All Assemblies, in  3.727 seconds
Refreshing native plugins compatible for Editor in 2.13 ms, found 4 plugins.
Native extension for iOS target not found
Native extension for Android target not found
Native extension for WindowsStandalone target not found
Native extension for WebGL target not found
Mono: successfully reloaded assembly
- Finished resetting the current domain, in  1.077 seconds
Domain Reload Profiling: 4816ms
	BeginReloadAssembly (1693ms)
		ExecutionOrderSort (0ms)
		DisableScriptedObjects (275ms)
		BackupInstance (0ms)
		ReleaseScriptingObjects (7ms)
		CreateAndSetChildDomain (808ms)
	RebuildCommonClasses (47ms)
	RebuildNativeTypeToScriptingClass (12ms)
	initialDomainReloadingComplete (43ms)
	LoadAllAssembliesAndSetupDomain (1942ms)
		LoadAssemblies (1401ms)
		RebuildTransferFunctionScriptingTraits (0ms)
		AnalyzeDomain (778ms)
			TypeCache.Refresh (52ms)
				TypeCache.ScanAssembly (0ms)
			BuildScriptInfoCaches (694ms)
			ResolveRequiredComponents (15ms)
	FinalizeReload (1078ms)
		ReleaseScriptCaches (0ms)
		RebuildScriptCaches (0ms)
		SetupLoadedEditorAssemblies (877ms)
			LogAssemblyErrors (0ms)
			InitializePlatformSupportModulesInManaged (14ms)
			SetLoadedEditorAssemblies (7ms)
			BeforeProcessingInitializeOnLoad (213ms)
			ProcessInitializeOnLoadAttributes (548ms)
			ProcessInitializeOnLoadMethodAttributes (89ms)
			AfterProcessingInitializeOnLoad (3ms)
			EditorAssembliesLoaded (1ms)
		ExecutionOrderSort2 (0ms)
		AwakeInstancesAfterBackupRestoration (23ms)
Refreshing native plugins compatible for Editor in 1.61 ms, found 4 plugins.
Preloading 0 native plugins for Editor in 0.00 ms.
Unloading 31 Unused Serialized files (Serialized files now loaded: 0)
Unloading 6726 unused Assets / (8.7 MB). Loaded Objects now: 7721.
Memory consumption went from 164.1 MB to 155.4 MB.
Total: 15.617400 ms (FindLiveObjects: 0.778400 ms CreateObjectMapping: 0.592900 ms MarkObjects: 7.617600 ms  DeleteObjects: 6.625600 ms)

Prepare: number of updated asset objects reloaded= 0
========================================================================
Received Prepare
Begin MonoManager ReloadAssembly
- Loaded All Assemblies, in  0.951 seconds
Refreshing native plugins compatible for Editor in 3.20 ms, found 4 plugins.
Native extension for iOS target not found
Native extension for Android target not found
Native extension for WindowsStandalone target not found
Native extension for WebGL target not found
Mono: successfully reloaded assembly
- Finished resetting the current domain, in  1.020 seconds
Domain Reload Profiling: 1975ms
	BeginReloadAssembly (267ms)
		ExecutionOrderSort (0ms)
		DisableScriptedObjects (20ms)
		BackupInstance (0ms)
		ReleaseScriptingObjects (1ms)
		CreateAndSetChildDomain (74ms)
	RebuildCommonClasses (38ms)
	RebuildNativeTypeToScriptingClass (12ms)
	initialDomainReloadingComplete (31ms)
	LoadAllAssembliesAndSetupDomain (606ms)
		LoadAssemblies (501ms)
		RebuildTransferFunctionScriptingTraits (0ms)
		AnalyzeDomain (215ms)
			TypeCache.Refresh (7ms)
				TypeCache.ScanAssembly (0ms)
			BuildScriptInfoCaches (191ms)
			ResolveRequiredComponents (13ms)
	FinalizeReload (1021ms)
		ReleaseScriptCaches (0ms)
		RebuildScriptCaches (0ms)
		SetupLoadedEditorAssemblies (788ms)
			LogAssemblyErrors (0ms)
			InitializePlatformSupportModulesInManaged (19ms)
			SetLoadedEditorAssemblies (11ms)
			BeforeProcessingInitializeOnLoad (244ms)
			ProcessInitializeOnLoadAttributes (437ms)
			ProcessInitializeOnLoadMethodAttributes (74ms)
			AfterProcessingInitializeOnLoad (2ms)
			EditorAssembliesLoaded (0ms)
		ExecutionOrderSort2 (0ms)
		AwakeInstancesAfterBackupRestoration (18ms)
Refreshing native plugins compatible for Editor in 1.27 ms, found 4 plugins.
Preloading 0 native plugins for Editor in 0.00 ms.
Unloading 31 Unused Serialized files (Serialized files now loaded: 0)
Unloading 6720 unused Assets / (8.2 MB). Loaded Objects now: 7723.
Memory consumption went from 165.8 MB to 157.6 MB.
Total: 12.493900 ms (FindLiveObjects: 0.884400 ms CreateObjectMapping: 0.874400 ms MarkObjects: 5.694400 ms  DeleteObjects: 5.038300 ms)

Prepare: number of updated asset objects reloaded= 0
========================================================================
Received Prepare
Begin MonoManager ReloadAssembly
- Loaded All Assemblies, in  2.096 seconds
Refreshing native plugins compatible for Editor in 2.15 ms, found 4 plugins.
Native extension for iOS target not found
Native extension for Android target not found
Native extension for WindowsStandalone target not found
Native extension for WebGL target not found
Mono: successfully reloaded assembly
- Finished resetting the current domain, in  1.003 seconds
Domain Reload Profiling: 3105ms
	BeginReloadAssembly (554ms)
		ExecutionOrderSort (0ms)
		DisableScriptedObjects (86ms)
		BackupInstance (0ms)
		ReleaseScriptingObjects (2ms)
		CreateAndSetChildDomain (176ms)
	RebuildCommonClasses (43ms)
	RebuildNativeTypeToScriptingClass (11ms)
	initialDomainReloadingComplete (42ms)
	LoadAllAssembliesAndSetupDomain (1451ms)
		LoadAssemblies (1314ms)
		RebuildTransferFunctionScriptingTraits (0ms)
		AnalyzeDomain (312ms)
			TypeCache.Refresh (16ms)
				TypeCache.ScanAssembly (0ms)
			BuildScriptInfoCaches (270ms)
			ResolveRequiredComponents (14ms)
	FinalizeReload (1004ms)
		ReleaseScriptCaches (0ms)
		RebuildScriptCaches (0ms)
		SetupLoadedEditorAssemblies (812ms)
			LogAssemblyErrors (0ms)
			InitializePlatformSupportModulesInManaged (14ms)
			SetLoadedEditorAssemblies (7ms)
			BeforeProcessingInitializeOnLoad (254ms)
			ProcessInitializeOnLoadAttributes (463ms)
			ProcessInitializeOnLoadMethodAttributes (70ms)
			AfterProcessingInitializeOnLoad (2ms)
			EditorAssembliesLoaded (0ms)
		ExecutionOrderSort2 (0ms)
		AwakeInstancesAfterBackupRestoration (20ms)
Refreshing native plugins compatible for Editor in 1.35 ms, found 4 plugins.
Preloading 0 native plugins for Editor in 0.00 ms.
Unloading 31 Unused Serialized files (Serialized files now loaded: 0)
Unloading 6720 unused Assets / (8.8 MB). Loaded Objects now: 7725.
Memory consumption went from 167.7 MB to 158.8 MB.
Total: 16.324300 ms (FindLiveObjects: 0.914600 ms CreateObjectMapping: 1.018500 ms MarkObjects: 6.543600 ms  DeleteObjects: 7.844800 ms)

Prepare: number of updated asset objects reloaded= 0
========================================================================
Received Prepare
Refreshing native plugins compatible for Editor in 1.83 ms, found 4 plugins.
Preloading 0 native plugins for Editor in 0.00 ms.
Unloading 31 Unused Serialized files (Serialized files now loaded: 0)
Unloading 6710 unused Assets / (7.9 MB). Loaded Objects now: 7726.
Memory consumption went from 169.6 MB to 161.7 MB.
Total: 236.795400 ms (FindLiveObjects: 3.639400 ms CreateObjectMapping: 1.189400 ms MarkObjects: 223.553700 ms  DeleteObjects: 8.409700 ms)

Prepare: number of updated asset objects reloaded= 0
========================================================================
Received Prepare
Begin MonoManager ReloadAssembly
- Loaded All Assemblies, in  3.351 seconds
Refreshing native plugins compatible for Editor in 1.40 ms, found 4 plugins.
Native extension for iOS target not found
Native extension for Android target not found
Native extension for WindowsStandalone target not found
Native extension for WebGL target not found
Mono: successfully reloaded assembly
- Finished resetting the current domain, in  1.053 seconds
Domain Reload Profiling: 4408ms
	BeginReloadAssembly (1598ms)
		ExecutionOrderSort (0ms)
		DisableScriptedObjects (180ms)
		BackupInstance (0ms)
		ReleaseScriptingObjects (3ms)
		CreateAndSetChildDomain (654ms)
	RebuildCommonClasses (62ms)
	RebuildNativeTypeToScriptingClass (16ms)
	initialDomainReloadingComplete (43ms)
	LoadAllAssembliesAndSetupDomain (1635ms)
		LoadAssemblies (1793ms)
		RebuildTransferFunctionScriptingTraits (0ms)
		AnalyzeDomain (367ms)
			TypeCache.Refresh (44ms)
				TypeCache.ScanAssembly (1ms)
			BuildScriptInfoCaches (290ms)
			ResolveRequiredComponents (16ms)
	FinalizeReload (1054ms)
		ReleaseScriptCaches (0ms)
		RebuildScriptCaches (0ms)
		SetupLoadedEditorAssemblies (822ms)
			LogAssemblyErrors (0ms)
			InitializePlatformSupportModulesInManaged (20ms)
			SetLoadedEditorAssemblies (7ms)
			BeforeProcessingInitializeOnLoad (203ms)
			ProcessInitializeOnLoadAttributes (485ms)
			ProcessInitializeOnLoadMethodAttributes (102ms)
			AfterProcessingInitializeOnLoad (3ms)
			EditorAssembliesLoaded (1ms)
		ExecutionOrderSort2 (0ms)
		AwakeInstancesAfterBackupRestoration (28ms)
Refreshing native plugins compatible for Editor in 1.27 ms, found 4 plugins.
Preloading 0 native plugins for Editor in 0.00 ms.
Unloading 31 Unused Serialized files (Serialized files now loaded: 0)
Unloading 6721 unused Assets / (8.1 MB). Loaded Objects now: 7728.
Memory consumption went from 171.3 MB to 163.2 MB.
Total: 12.809600 ms (FindLiveObjects: 0.814200 ms CreateObjectMapping: 0.898300 ms MarkObjects: 5.837000 ms  DeleteObjects: 5.257400 ms)

Prepare: number of updated asset objects reloaded= 0
========================================================================
Received Prepare
Begin MonoManager ReloadAssembly
- Loaded All Assemblies, in  2.603 seconds
Refreshing native plugins compatible for Editor in 1.25 ms, found 4 plugins.
Native extension for iOS target not found
Native extension for Android target not found
Native extension for WindowsStandalone target not found
Native extension for WebGL target not found
Mono: successfully reloaded assembly
- Finished resetting the current domain, in  0.942 seconds
Domain Reload Profiling: 3549ms
	BeginReloadAssembly (549ms)
		ExecutionOrderSort (0ms)
		DisableScriptedObjects (76ms)
		BackupInstance (0ms)
		ReleaseScriptingObjects (1ms)
		CreateAndSetChildDomain (183ms)
	RebuildCommonClasses (39ms)
	RebuildNativeTypeToScriptingClass (12ms)
	initialDomainReloadingComplete (36ms)
	LoadAllAssembliesAndSetupDomain (1970ms)
		LoadAssemblies (1821ms)
		RebuildTransferFunctionScriptingTraits (0ms)
		AnalyzeDomain (324ms)
			TypeCache.Refresh (33ms)
				TypeCache.ScanAssembly (0ms)
			BuildScriptInfoCaches (269ms)
			ResolveRequiredComponents (13ms)
	FinalizeReload (942ms)
		ReleaseScriptCaches (0ms)
		RebuildScriptCaches (0ms)
		SetupLoadedEditorAssemblies (762ms)
			LogAssemblyErrors (0ms)
			InitializePlatformSupportModulesInManaged (14ms)
			SetLoadedEditorAssemblies (7ms)
			BeforeProcessingInitializeOnLoad (193ms)
			ProcessInitializeOnLoadAttributes (459ms)
			ProcessInitializeOnLoadMethodAttributes (86ms)
			AfterProcessingInitializeOnLoad (3ms)
			EditorAssembliesLoaded (0ms)
		ExecutionOrderSort2 (0ms)
		AwakeInstancesAfterBackupRestoration (19ms)
Refreshing native plugins compatible for Editor in 1.65 ms, found 4 plugins.
Preloading 0 native plugins for Editor in 0.00 ms.
Unloading 31 Unused Serialized files (Serialized files now loaded: 0)
Unloading 6721 unused Assets / (8.1 MB). Loaded Objects now: 7730.
Memory consumption went from 173.3 MB to 165.2 MB.
Total: 13.242400 ms (FindLiveObjects: 0.932000 ms CreateObjectMapping: 0.938400 ms MarkObjects: 5.877000 ms  DeleteObjects: 5.492600 ms)

Prepare: number of updated asset objects reloaded= 0
========================================================================
Received Prepare
Refreshing native plugins compatible for Editor in 1.77 ms, found 4 plugins.
Preloading 0 native plugins for Editor in 0.00 ms.
Unloading 31 Unused Serialized files (Serialized files now loaded: 0)
Unloading 6710 unused Assets / (8.3 MB). Loaded Objects now: 7730.
Memory consumption went from 175.2 MB to 167.0 MB.
Total: 110.792400 ms (FindLiveObjects: 3.036300 ms CreateObjectMapping: 0.847600 ms MarkObjects: 99.240900 ms  DeleteObjects: 7.664500 ms)

Prepare: number of updated asset objects reloaded= 0
========================================================================
Received Prepare
Begin MonoManager ReloadAssembly
- Loaded All Assemblies, in  2.977 seconds
Refreshing native plugins compatible for Editor in 1.24 ms, found 4 plugins.
Native extension for iOS target not found
Native extension for Android target not found
Native extension for WindowsStandalone target not found
Native extension for WebGL target not found
Mono: successfully reloaded assembly
- Finished resetting the current domain, in  0.898 seconds
Domain Reload Profiling: 3878ms
	BeginReloadAssembly (867ms)
		ExecutionOrderSort (0ms)
		DisableScriptedObjects (120ms)
		BackupInstance (0ms)
		ReleaseScriptingObjects (2ms)
		CreateAndSetChildDomain (395ms)
	RebuildCommonClasses (57ms)
	RebuildNativeTypeToScriptingClass (12ms)
	initialDomainReloadingComplete (42ms)
	LoadAllAssembliesAndSetupDomain (2002ms)
		LoadAssemblies (1638ms)
		RebuildTransferFunctionScriptingTraits (0ms)
		AnalyzeDomain (573ms)
			TypeCache.Refresh (65ms)
				TypeCache.ScanAssembly (1ms)
			BuildScriptInfoCaches (474ms)
			ResolveRequiredComponents (15ms)
	FinalizeReload (898ms)
		ReleaseScriptCaches (0ms)
		RebuildScriptCaches (0ms)
		SetupLoadedEditorAssemblies (712ms)
			LogAssemblyErrors (0ms)
			InitializePlatformSupportModulesInManaged (14ms)
			SetLoadedEditorAssemblies (7ms)
			BeforeProcessingInitializeOnLoad (181ms)
			ProcessInitializeOnLoadAttributes (433ms)
			ProcessInitializeOnLoadMethodAttributes (74ms)
			AfterProcessingInitializeOnLoad (2ms)
			EditorAssembliesLoaded (1ms)
		ExecutionOrderSort2 (0ms)
		AwakeInstancesAfterBackupRestoration (21ms)
Refreshing native plugins compatible for Editor in 1.28 ms, found 4 plugins.
Preloading 0 native plugins for Editor in 0.00 ms.
Unloading 31 Unused Serialized files (Serialized files now loaded: 0)
Unloading 6721 unused Assets / (7.7 MB). Loaded Objects now: 7732.
Memory consumption went from 177.0 MB to 169.3 MB.
Total: 12.679600 ms (FindLiveObjects: 0.785100 ms CreateObjectMapping: 1.060900 ms MarkObjects: 5.729800 ms  DeleteObjects: 5.100900 ms)

Prepare: number of updated asset objects reloaded= 0
========================================================================
Received Prepare
Refreshing native plugins compatible for Editor in 1.62 ms, found 4 plugins.
Preloading 0 native plugins for Editor in 0.00 ms.
Unloading 31 Unused Serialized files (Serialized files now loaded: 0)
Unloading 6710 unused Assets / (9.6 MB). Loaded Objects now: 7732.
Memory consumption went from 178.9 MB to 169.4 MB.
Total: 32.505800 ms (FindLiveObjects: 1.303600 ms CreateObjectMapping: 1.034800 ms MarkObjects: 21.449300 ms  DeleteObjects: 8.715400 ms)

Prepare: number of updated asset objects reloaded= 0
========================================================================
Received Prepare
Begin MonoManager ReloadAssembly
- Loaded All Assemblies, in  2.056 seconds
Refreshing native plugins compatible for Editor in 1.24 ms, found 4 plugins.
Native extension for iOS target not found
Native extension for Android target not found
Native extension for WindowsStandalone target not found
Native extension for WebGL target not found
Mono: successfully reloaded assembly
- Finished resetting the current domain, in  0.948 seconds
Domain Reload Profiling: 3008ms
	BeginReloadAssembly (700ms)
		ExecutionOrderSort (0ms)
		DisableScriptedObjects (65ms)
		BackupInstance (0ms)
		ReleaseScriptingObjects (2ms)
		CreateAndSetChildDomain (149ms)
	RebuildCommonClasses (60ms)
	RebuildNativeTypeToScriptingClass (14ms)
	initialDomainReloadingComplete (49ms)
	LoadAllAssembliesAndSetupDomain (1236ms)
		LoadAssemblies (1329ms)
		RebuildTransferFunctionScriptingTraits (0ms)
		AnalyzeDomain (289ms)
			TypeCache.Refresh (38ms)
				TypeCache.ScanAssembly (1ms)
			BuildScriptInfoCaches (215ms)
			ResolveRequiredComponents (16ms)
	FinalizeReload (949ms)
		ReleaseScriptCaches (0ms)
		RebuildScriptCaches (0ms)
		SetupLoadedEditorAssemblies (753ms)
			LogAssemblyErrors (0ms)
			InitializePlatformSupportModulesInManaged (16ms)
			SetLoadedEditorAssemblies (7ms)
			BeforeProcessingInitializeOnLoad (179ms)
			ProcessInitializeOnLoadAttributes (462ms)
			ProcessInitializeOnLoadMethodAttributes (85ms)
			AfterProcessingInitializeOnLoad (2ms)
			EditorAssembliesLoaded (1ms)
		ExecutionOrderSort2 (0ms)
		AwakeInstancesAfterBackupRestoration (19ms)
Refreshing native plugins compatible for Editor in 1.59 ms, found 4 plugins.
Preloading 0 native plugins for Editor in 0.00 ms.
Unloading 31 Unused Serialized files (Serialized files now loaded: 0)
Unloading 6721 unused Assets / (8.7 MB). Loaded Objects now: 7734.
Memory consumption went from 180.6 MB to 171.9 MB.
Total: 14.087900 ms (FindLiveObjects: 0.997800 ms CreateObjectMapping: 0.956500 ms MarkObjects: 6.108500 ms  DeleteObjects: 6.022300 ms)

Prepare: number of updated asset objects reloaded= 0
========================================================================
Received Prepare
Refreshing native plugins compatible for Editor in 2.31 ms, found 4 plugins.
Preloading 0 native plugins for Editor in 0.00 ms.
Unloading 31 Unused Serialized files (Serialized files now loaded: 0)
Unloading 6710 unused Assets / (7.5 MB). Loaded Objects now: 7734.
Memory consumption went from 182.6 MB to 175.1 MB.
Total: 15.771600 ms (FindLiveObjects: 0.908300 ms CreateObjectMapping: 1.487600 ms MarkObjects: 6.689700 ms  DeleteObjects: 6.684100 ms)

Prepare: number of updated asset objects reloaded= 0
========================================================================
Received Prepare
Begin MonoManager ReloadAssembly
- Loaded All Assemblies, in  1.431 seconds
Refreshing native plugins compatible for Editor in 1.25 ms, found 4 plugins.
Native extension for iOS target not found
Native extension for Android target not found
Native extension for WindowsStandalone target not found
Native extension for WebGL target not found
Mono: successfully reloaded assembly
- Finished resetting the current domain, in  0.980 seconds
Domain Reload Profiling: 2416ms
	BeginReloadAssembly (282ms)
		ExecutionOrderSort (0ms)
		DisableScriptedObjects (17ms)
		BackupInstance (0ms)
		ReleaseScriptingObjects (0ms)
		CreateAndSetChildDomain (74ms)
	RebuildCommonClasses (47ms)
	RebuildNativeTypeToScriptingClass (13ms)
	initialDomainReloadingComplete (33ms)
	LoadAllAssembliesAndSetupDomain (1060ms)
		LoadAssemblies (741ms)
		RebuildTransferFunctionScriptingTraits (0ms)
		AnalyzeDomain (448ms)
			TypeCache.Refresh (23ms)
				TypeCache.ScanAssembly (1ms)
			BuildScriptInfoCaches (332ms)
			ResolveRequiredComponents (17ms)
	FinalizeReload (981ms)
		ReleaseScriptCaches (0ms)
		RebuildScriptCaches (0ms)
		SetupLoadedEditorAssemblies (799ms)
			LogAssemblyErrors (0ms)
			InitializePlatformSupportModulesInManaged (16ms)
			SetLoadedEditorAssemblies (8ms)
			BeforeProcessingInitializeOnLoad (228ms)
			ProcessInitializeOnLoadAttributes (474ms)
			ProcessInitializeOnLoadMethodAttributes (69ms)
			AfterProcessingInitializeOnLoad (3ms)
			EditorAssembliesLoaded (0ms)
		ExecutionOrderSort2 (0ms)
		AwakeInstancesAfterBackupRestoration (19ms)
Refreshing native plugins compatible for Editor in 1.38 ms, found 4 plugins.
Preloading 0 native plugins for Editor in 0.00 ms.
Unloading 31 Unused Serialized files (Serialized files now loaded: 0)
Unloading 6721 unused Assets / (8.6 MB). Loaded Objects now: 7736.
Memory consumption went from 184.3 MB to 175.7 MB.
Total: 14.392200 ms (FindLiveObjects: 0.951000 ms CreateObjectMapping: 1.132400 ms MarkObjects: 6.304100 ms  DeleteObjects: 6.002600 ms)

Prepare: number of updated asset objects reloaded= 0
========================================================================
Received Prepare
Begin MonoManager ReloadAssembly
- Loaded All Assemblies, in  0.951 seconds
Refreshing native plugins compatible for Editor in 1.41 ms, found 4 plugins.
Native extension for iOS target not found
Native extension for Android target not found
Native extension for WindowsStandalone target not found
Native extension for WebGL target not found
Mono: successfully reloaded assembly
- Finished resetting the current domain, in  1.093 seconds
Domain Reload Profiling: 2048ms
	BeginReloadAssembly (246ms)
		ExecutionOrderSort (0ms)
		DisableScriptedObjects (18ms)
		BackupInstance (0ms)
		ReleaseScriptingObjects (0ms)
		CreateAndSetChildDomain (64ms)
	RebuildCommonClasses (43ms)
	RebuildNativeTypeToScriptingClass (11ms)
	initialDomainReloadingComplete (30ms)
	LoadAllAssembliesAndSetupDomain (624ms)
		LoadAssemblies (480ms)
		RebuildTransferFunctionScriptingTraits (0ms)
		AnalyzeDomain (253ms)
			TypeCache.Refresh (9ms)
				TypeCache.ScanAssembly (0ms)
			BuildScriptInfoCaches (216ms)
			ResolveRequiredComponents (12ms)
	FinalizeReload (1093ms)
		ReleaseScriptCaches (0ms)
		RebuildScriptCaches (0ms)
		SetupLoadedEditorAssemblies (904ms)
			LogAssemblyErrors (0ms)
			InitializePlatformSupportModulesInManaged (15ms)
			SetLoadedEditorAssemblies (8ms)
			BeforeProcessingInitializeOnLoad (273ms)
			ProcessInitializeOnLoadAttributes (522ms)
			ProcessInitializeOnLoadMethodAttributes (83ms)
			AfterProcessingInitializeOnLoad (2ms)
			EditorAssembliesLoaded (1ms)
		ExecutionOrderSort2 (0ms)
		AwakeInstancesAfterBackupRestoration (19ms)
Refreshing native plugins compatible for Editor in 1.50 ms, found 4 plugins.
Preloading 0 native plugins for Editor in 0.00 ms.
Unloading 31 Unused Serialized files (Serialized files now loaded: 0)
Unloading 6721 unused Assets / (7.6 MB). Loaded Objects now: 7738.
Memory consumption went from 186.1 MB to 178.6 MB.
Total: 13.511000 ms (FindLiveObjects: 0.975100 ms CreateObjectMapping: 1.037500 ms MarkObjects: 6.387000 ms  DeleteObjects: 5.108400 ms)

Prepare: number of updated asset objects reloaded= 0
========================================================================
Received Prepare
Refreshing native plugins compatible for Editor in 2.45 ms, found 4 plugins.
Preloading 0 native plugins for Editor in 0.00 ms.
Unloading 31 Unused Serialized files (Serialized files now loaded: 0)
Unloading 6710 unused Assets / (9.1 MB). Loaded Objects now: 7738.
Memory consumption went from 188.1 MB to 179.0 MB.
Total: 197.475300 ms (FindLiveObjects: 6.259400 ms CreateObjectMapping: 0.930600 ms MarkObjects: 182.934300 ms  DeleteObjects: 7.347400 ms)

Prepare: number of updated asset objects reloaded= 0
========================================================================
Received Prepare
Begin MonoManager ReloadAssembly
- Loaded All Assemblies, in  3.666 seconds
Refreshing native plugins compatible for Editor in 2.65 ms, found 4 plugins.
Native extension for iOS target not found
Native extension for Android target not found
Native extension for WindowsStandalone target not found
Native extension for WebGL target not found
Mono: successfully reloaded assembly
- Finished resetting the current domain, in  0.994 seconds
Domain Reload Profiling: 4664ms
	BeginReloadAssembly (1357ms)
		ExecutionOrderSort (0ms)
		DisableScriptedObjects (194ms)
		BackupInstance (0ms)
		ReleaseScriptingObjects (3ms)
		CreateAndSetChildDomain (569ms)
	RebuildCommonClasses (63ms)
	RebuildNativeTypeToScriptingClass (14ms)
	initialDomainReloadingComplete (60ms)
	LoadAllAssembliesAndSetupDomain (2176ms)
		LoadAssemblies (2229ms)
		RebuildTransferFunctionScriptingTraits (0ms)
		AnalyzeDomain (301ms)
			TypeCache.Refresh (40ms)
				TypeCache.ScanAssembly (1ms)
			BuildScriptInfoCaches (224ms)
			ResolveRequiredComponents (15ms)
	FinalizeReload (994ms)
		ReleaseScriptCaches (0ms)
		RebuildScriptCaches (0ms)
		SetupLoadedEditorAssemblies (775ms)
			LogAssemblyErrors (0ms)
			InitializePlatformSupportModulesInManaged (19ms)
			SetLoadedEditorAssemblies (8ms)
			BeforeProcessingInitializeOnLoad (191ms)
			ProcessInitializeOnLoadAttributes (467ms)
			ProcessInitializeOnLoadMethodAttributes (87ms)
			AfterProcessingInitializeOnLoad (2ms)
			EditorAssembliesLoaded (1ms)
		ExecutionOrderSort2 (0ms)
		AwakeInstancesAfterBackupRestoration (20ms)
Refreshing native plugins compatible for Editor in 1.75 ms, found 4 plugins.
Preloading 0 native plugins for Editor in 0.00 ms.
Unloading 31 Unused Serialized files (Serialized files now loaded: 0)
Unloading 6721 unused Assets / (9.2 MB). Loaded Objects now: 7740.
Memory consumption went from 189.9 MB to 180.8 MB.
Total: 22.674200 ms (FindLiveObjects: 1.649600 ms CreateObjectMapping: 0.979000 ms MarkObjects: 10.022900 ms  DeleteObjects: 10.019300 ms)

Prepare: number of updated asset objects reloaded= 0
========================================================================
Received Prepare
Begin MonoManager ReloadAssembly
- Loaded All Assemblies, in  1.600 seconds
Refreshing native plugins compatible for Editor in 1.24 ms, found 4 plugins.
Native extension for iOS target not found
Native extension for Android target not found
Native extension for WindowsStandalone target not found
Native extension for WebGL target not found
Mono: successfully reloaded assembly
- Finished resetting the current domain, in  0.991 seconds
Domain Reload Profiling: 2606ms
	BeginReloadAssembly (341ms)
		ExecutionOrderSort (0ms)
		DisableScriptedObjects (24ms)
		BackupInstance (0ms)
		ReleaseScriptingObjects (1ms)
		CreateAndSetChildDomain (87ms)
	RebuildCommonClasses (40ms)
	RebuildNativeTypeToScriptingClass (11ms)
	initialDomainReloadingComplete (31ms)
	LoadAllAssembliesAndSetupDomain (1191ms)
		LoadAssemblies (785ms)
		RebuildTransferFunctionScriptingTraits (0ms)
		AnalyzeDomain (540ms)
			TypeCache.Refresh (33ms)
				TypeCache.ScanAssembly (0ms)
			BuildScriptInfoCaches (443ms)
			ResolveRequiredComponents (18ms)
	FinalizeReload (991ms)
		ReleaseScriptCaches (0ms)
		RebuildScriptCaches (0ms)
		SetupLoadedEditorAssemblies (805ms)
			LogAssemblyErrors (0ms)
			InitializePlatformSupportModulesInManaged (17ms)
			SetLoadedEditorAssemblies (9ms)
			BeforeProcessingInitializeOnLoad (240ms)
			ProcessInitializeOnLoadAttributes (457ms)
			ProcessInitializeOnLoadMethodAttributes (78ms)
			AfterProcessingInitializeOnLoad (2ms)
			EditorAssembliesLoaded (1ms)
		ExecutionOrderSort2 (0ms)
		AwakeInstancesAfterBackupRestoration (18ms)
Refreshing native plugins compatible for Editor in 1.39 ms, found 4 plugins.
Preloading 0 native plugins for Editor in 0.00 ms.
Unloading 31 Unused Serialized files (Serialized files now loaded: 0)
Unloading 6721 unused Assets / (8.9 MB). Loaded Objects now: 7742.
Memory consumption went from 191.8 MB to 182.9 MB.
Total: 19.374200 ms (FindLiveObjects: 0.961500 ms CreateObjectMapping: 1.256200 ms MarkObjects: 8.021700 ms  DeleteObjects: 9.131600 ms)

Prepare: number of updated asset objects reloaded= 0
========================================================================
Received Prepare
Begin MonoManager ReloadAssembly
- Loaded All Assemblies, in  1.751 seconds
Refreshing native plugins compatible for Editor in 1.26 ms, found 4 plugins.
Native extension for iOS target not found
Native extension for Android target not found
Native extension for WindowsStandalone target not found
Native extension for WebGL target not found
Mono: successfully reloaded assembly
- Finished resetting the current domain, in  0.976 seconds
Domain Reload Profiling: 2731ms
	BeginReloadAssembly (383ms)
		ExecutionOrderSort (0ms)
		DisableScriptedObjects (35ms)
		BackupInstance (0ms)
		ReleaseScriptingObjects (0ms)
		CreateAndSetChildDomain (126ms)
	RebuildCommonClasses (57ms)
	RebuildNativeTypeToScriptingClass (12ms)
	initialDomainReloadingComplete (37ms)
	LoadAllAssembliesAndSetupDomain (1265ms)
		LoadAssemblies (1028ms)
		RebuildTransferFunctionScriptingTraits (0ms)
		AnalyzeDomain (372ms)
			TypeCache.Refresh (16ms)
				TypeCache.ScanAssembly (0ms)
			BuildScriptInfoCaches (337ms)
			ResolveRequiredComponents (13ms)
	FinalizeReload (976ms)
		ReleaseScriptCaches (0ms)
		RebuildScriptCaches (0ms)
		SetupLoadedEditorAssemblies (785ms)
			LogAssemblyErrors (0ms)
			InitializePlatformSupportModulesInManaged (17ms)
			SetLoadedEditorAssemblies (11ms)
			BeforeProcessingInitializeOnLoad (229ms)
			ProcessInitializeOnLoadAttributes (440ms)
			ProcessInitializeOnLoadMethodAttributes (86ms)
			AfterProcessingInitializeOnLoad (3ms)
			EditorAssembliesLoaded (0ms)
		ExecutionOrderSort2 (0ms)
		AwakeInstancesAfterBackupRestoration (19ms)
Refreshing native plugins compatible for Editor in 1.46 ms, found 4 plugins.
Preloading 0 native plugins for Editor in 0.00 ms.
Unloading 31 Unused Serialized files (Serialized files now loaded: 0)
Unloading 6721 unused Assets / (7.5 MB). Loaded Objects now: 7744.
Memory consumption went from 193.7 MB to 186.2 MB.
Total: 15.641300 ms (FindLiveObjects: 1.253900 ms CreateObjectMapping: 1.111200 ms MarkObjects: 6.363300 ms  DeleteObjects: 6.910100 ms)

Prepare: number of updated asset objects reloaded= 0
========================================================================
Received Prepare
Begin MonoManager ReloadAssembly
- Loaded All Assemblies, in  1.898 seconds
Refreshing native plugins compatible for Editor in 1.33 ms, found 4 plugins.
Native extension for iOS target not found
Native extension for Android target not found
Native extension for WindowsStandalone target not found
Native extension for WebGL target not found
Mono: successfully reloaded assembly
- Finished resetting the current domain, in  1.137 seconds
Domain Reload Profiling: 3041ms
	BeginReloadAssembly (460ms)
		ExecutionOrderSort (0ms)
		DisableScriptedObjects (56ms)
		BackupInstance (0ms)
		ReleaseScriptingObjects (1ms)
		CreateAndSetChildDomain (168ms)
	RebuildCommonClasses (43ms)
	RebuildNativeTypeToScriptingClass (12ms)
	initialDomainReloadingComplete (40ms)
	LoadAllAssembliesAndSetupDomain (1348ms)
		LoadAssemblies (1133ms)
		RebuildTransferFunctionScriptingTraits (0ms)
		AnalyzeDomain (332ms)
			TypeCache.Refresh (56ms)
				TypeCache.ScanAssembly (0ms)
			BuildScriptInfoCaches (236ms)
			ResolveRequiredComponents (14ms)
	FinalizeReload (1138ms)
		ReleaseScriptCaches (0ms)
		RebuildScriptCaches (0ms)
		SetupLoadedEditorAssemblies (926ms)
			LogAssemblyErrors (0ms)
			InitializePlatformSupportModulesInManaged (17ms)
			SetLoadedEditorAssemblies (9ms)
			BeforeProcessingInitializeOnLoad (222ms)
			ProcessInitializeOnLoadAttributes (556ms)
			ProcessInitializeOnLoadMethodAttributes (118ms)
			AfterProcessingInitializeOnLoad (3ms)
			EditorAssembliesLoaded (1ms)
		ExecutionOrderSort2 (0ms)
		AwakeInstancesAfterBackupRestoration (28ms)
Refreshing native plugins compatible for Editor in 1.79 ms, found 4 plugins.
Preloading 0 native plugins for Editor in 0.00 ms.
Unloading 31 Unused Serialized files (Serialized files now loaded: 0)
Unloading 6721 unused Assets / (7.3 MB). Loaded Objects now: 7746.
Memory consumption went from 195.5 MB to 188.3 MB.
Total: 16.052700 ms (FindLiveObjects: 1.222800 ms CreateObjectMapping: 1.154100 ms MarkObjects: 6.759000 ms  DeleteObjects: 6.911900 ms)

Prepare: number of updated asset objects reloaded= 0
========================================================================
Received Prepare
Begin MonoManager ReloadAssembly
- Loaded All Assemblies, in  4.316 seconds
Refreshing native plugins compatible for Editor in 1.52 ms, found 4 plugins.
Native extension for iOS target not found
Native extension for Android target not found
Native extension for WindowsStandalone target not found
Native extension for WebGL target not found
Mono: successfully reloaded assembly
- Finished resetting the current domain, in  1.152 seconds
Domain Reload Profiling: 5473ms
	BeginReloadAssembly (2168ms)
		ExecutionOrderSort (1ms)
		DisableScriptedObjects (714ms)
		BackupInstance (0ms)
		ReleaseScriptingObjects (4ms)
		CreateAndSetChildDomain (690ms)
	RebuildCommonClasses (90ms)
	RebuildNativeTypeToScriptingClass (15ms)
	initialDomainReloadingComplete (119ms)
	LoadAllAssembliesAndSetupDomain (1929ms)
		LoadAssemblies (1976ms)
		RebuildTransferFunctionScriptingTraits (0ms)
		AnalyzeDomain (353ms)
			TypeCache.Refresh (30ms)
				TypeCache.ScanAssembly (0ms)
			BuildScriptInfoCaches (283ms)
			ResolveRequiredComponents (16ms)
	FinalizeReload (1152ms)
		ReleaseScriptCaches (0ms)
		RebuildScriptCaches (0ms)
		SetupLoadedEditorAssemblies (936ms)
			LogAssemblyErrors (0ms)
			InitializePlatformSupportModulesInManaged (21ms)
			SetLoadedEditorAssemblies (10ms)
			BeforeProcessingInitializeOnLoad (275ms)
			ProcessInitializeOnLoadAttributes (543ms)
			ProcessInitializeOnLoadMethodAttributes (83ms)
			AfterProcessingInitializeOnLoad (2ms)
			EditorAssembliesLoaded (1ms)
		ExecutionOrderSort2 (0ms)
		AwakeInstancesAfterBackupRestoration (21ms)
Refreshing native plugins compatible for Editor in 1.33 ms, found 4 plugins.
Preloading 0 native plugins for Editor in 0.00 ms.
Unloading 31 Unused Serialized files (Serialized files now loaded: 0)
Unloading 6721 unused Assets / (8.7 MB). Loaded Objects now: 7748.
Memory consumption went from 197.3 MB to 188.6 MB.
Total: 18.617800 ms (FindLiveObjects: 1.364800 ms CreateObjectMapping: 0.984800 ms MarkObjects: 9.316400 ms  DeleteObjects: 6.949700 ms)

Prepare: number of updated asset objects reloaded= 0
========================================================================
Received Prepare
Begin MonoManager ReloadAssembly
- Loaded All Assemblies, in  2.293 seconds
Refreshing native plugins compatible for Editor in 1.77 ms, found 4 plugins.
Native extension for iOS target not found
Native extension for Android target not found
Native extension for WindowsStandalone target not found
Native extension for WebGL target not found
Mono: successfully reloaded assembly
- Finished resetting the current domain, in  1.148 seconds
Domain Reload Profiling: 3445ms
	BeginReloadAssembly (960ms)
		ExecutionOrderSort (0ms)
		DisableScriptedObjects (117ms)
		BackupInstance (0ms)
		ReleaseScriptingObjects (3ms)
		CreateAndSetChildDomain (369ms)
	RebuildCommonClasses (53ms)
	RebuildNativeTypeToScriptingClass (14ms)
	initialDomainReloadingComplete (41ms)
	LoadAllAssembliesAndSetupDomain (1229ms)
		LoadAssemblies (1212ms)
		RebuildTransferFunctionScriptingTraits (0ms)
		AnalyzeDomain (295ms)
			TypeCache.Refresh (28ms)
				TypeCache.ScanAssembly (0ms)
			BuildScriptInfoCaches (226ms)
			ResolveRequiredComponents (13ms)
	FinalizeReload (1148ms)
		ReleaseScriptCaches (0ms)
		RebuildScriptCaches (0ms)
		SetupLoadedEditorAssemblies (948ms)
			LogAssemblyErrors (0ms)
			InitializePlatformSupportModulesInManaged (19ms)
			SetLoadedEditorAssemblies (7ms)
			BeforeProcessingInitializeOnLoad (240ms)
			ProcessInitializeOnLoadAttributes (564ms)
			ProcessInitializeOnLoadMethodAttributes (115ms)
			AfterProcessingInitializeOnLoad (2ms)
			EditorAssembliesLoaded (1ms)
		ExecutionOrderSort2 (0ms)
		AwakeInstancesAfterBackupRestoration (23ms)
Refreshing native plugins compatible for Editor in 2.21 ms, found 4 plugins.
Preloading 0 native plugins for Editor in 0.00 ms.
Unloading 31 Unused Serialized files (Serialized files now loaded: 0)
Unloading 6721 unused Assets / (8.3 MB). Loaded Objects now: 7750.
Memory consumption went from 199.3 MB to 191.0 MB.
Total: 15.823700 ms (FindLiveObjects: 0.998600 ms CreateObjectMapping: 0.923800 ms MarkObjects: 7.702600 ms  DeleteObjects: 6.196300 ms)

Prepare: number of updated asset objects reloaded= 0
========================================================================
Received Prepare
Begin MonoManager ReloadAssembly
- Loaded All Assemblies, in  2.070 seconds
Refreshing native plugins compatible for Editor in 1.25 ms, found 4 plugins.
Native extension for iOS target not found
Native extension for Android target not found
Native extension for WindowsStandalone target not found
Native extension for WebGL target not found
Mono: successfully reloaded assembly
- Finished resetting the current domain, in  1.042 seconds
Domain Reload Profiling: 3117ms
	BeginReloadAssembly (848ms)
		ExecutionOrderSort (0ms)
		DisableScriptedObjects (74ms)
		BackupInstance (0ms)
		ReleaseScriptingObjects (3ms)
		CreateAndSetChildDomain (190ms)
	RebuildCommonClasses (76ms)
	RebuildNativeTypeToScriptingClass (15ms)
	initialDomainReloadingComplete (73ms)
	LoadAllAssembliesAndSetupDomain (1062ms)
		LoadAssemblies (1219ms)
		RebuildTransferFunctionScriptingTraits (0ms)
		AnalyzeDomain (302ms)
			TypeCache.Refresh (27ms)
				TypeCache.ScanAssembly (0ms)
			BuildScriptInfoCaches (231ms)
			ResolveRequiredComponents (15ms)
	FinalizeReload (1042ms)
		ReleaseScriptCaches (0ms)
		RebuildScriptCaches (0ms)
		SetupLoadedEditorAssemblies (821ms)
			LogAssemblyErrors (0ms)
			InitializePlatformSupportModulesInManaged (24ms)
			SetLoadedEditorAssemblies (10ms)
			BeforeProcessingInitializeOnLoad (261ms)
			ProcessInitializeOnLoadAttributes (454ms)
			ProcessInitializeOnLoadMethodAttributes (69ms)
			AfterProcessingInitializeOnLoad (2ms)
			EditorAssembliesLoaded (1ms)
		ExecutionOrderSort2 (0ms)
		AwakeInstancesAfterBackupRestoration (18ms)
Refreshing native plugins compatible for Editor in 2.58 ms, found 4 plugins.
Preloading 0 native plugins for Editor in 0.00 ms.
Unloading 31 Unused Serialized files (Serialized files now loaded: 0)
Unloading 6721 unused Assets / (9.1 MB). Loaded Objects now: 7752.
Memory consumption went from 201.2 MB to 192.0 MB.
Total: 22.516800 ms (FindLiveObjects: 1.730700 ms CreateObjectMapping: 1.080900 ms MarkObjects: 9.345200 ms  DeleteObjects: 10.357200 ms)

Prepare: number of updated asset objects reloaded= 0
========================================================================
Received Prepare
Begin MonoManager ReloadAssembly
- Loaded All Assemblies, in  2.317 seconds
Refreshing native plugins compatible for Editor in 1.43 ms, found 4 plugins.
Native extension for iOS target not found
Native extension for Android target not found
Native extension for WindowsStandalone target not found
Native extension for WebGL target not found
Mono: successfully reloaded assembly
- Finished resetting the current domain, in  1.071 seconds
Domain Reload Profiling: 3393ms
	BeginReloadAssembly (555ms)
		ExecutionOrderSort (0ms)
		DisableScriptedObjects (79ms)
		BackupInstance (0ms)
		ReleaseScriptingObjects (3ms)
		CreateAndSetChildDomain (180ms)
	RebuildCommonClasses (46ms)
	RebuildNativeTypeToScriptingClass (13ms)
	initialDomainReloadingComplete (40ms)
	LoadAllAssembliesAndSetupDomain (1667ms)
		LoadAssemblies (1316ms)
		RebuildTransferFunctionScriptingTraits (0ms)
		AnalyzeDomain (527ms)
			TypeCache.Refresh (34ms)
				TypeCache.ScanAssembly (0ms)
			BuildScriptInfoCaches (461ms)
			ResolveRequiredComponents (13ms)
	FinalizeReload (1072ms)
		ReleaseScriptCaches (0ms)
		RebuildScriptCaches (0ms)
		SetupLoadedEditorAssemblies (894ms)
			LogAssemblyErrors (0ms)
			InitializePlatformSupportModulesInManaged (15ms)
			SetLoadedEditorAssemblies (8ms)
			BeforeProcessingInitializeOnLoad (189ms)
			ProcessInitializeOnLoadAttributes (606ms)
			ProcessInitializeOnLoadMethodAttributes (73ms)
			AfterProcessingInitializeOnLoad (2ms)
			EditorAssembliesLoaded (1ms)
		ExecutionOrderSort2 (0ms)
		AwakeInstancesAfterBackupRestoration (17ms)
Refreshing native plugins compatible for Editor in 1.29 ms, found 4 plugins.
Preloading 0 native plugins for Editor in 0.00 ms.
Unloading 31 Unused Serialized files (Serialized files now loaded: 0)
Unloading 6721 unused Assets / (7.1 MB). Loaded Objects now: 7754.
Memory consumption went from 203.0 MB to 195.9 MB.
Total: 11.510100 ms (FindLiveObjects: 1.007400 ms CreateObjectMapping: 1.029800 ms MarkObjects: 5.505300 ms  DeleteObjects: 3.965600 ms)

Prepare: number of updated asset objects reloaded= 0
========================================================================
Received Prepare
Refreshing native plugins compatible for Editor in 3.12 ms, found 4 plugins.
Preloading 0 native plugins for Editor in 0.00 ms.
Unloading 31 Unused Serialized files (Serialized files now loaded: 0)
Unloading 6711 unused Assets / (8.7 MB). Loaded Objects now: 7755.
Memory consumption went from 205.0 MB to 196.3 MB.
Total: 205.279700 ms (FindLiveObjects: 28.414400 ms CreateObjectMapping: 1.116100 ms MarkObjects: 167.731900 ms  DeleteObjects: 8.006900 ms)

Prepare: number of updated asset objects reloaded= 0
========================================================================
Received Prepare
Begin MonoManager ReloadAssembly
- Loaded All Assemblies, in  3.098 seconds
Refreshing native plugins compatible for Editor in 1.55 ms, found 4 plugins.
Native extension for iOS target not found
Native extension for Android target not found
Native extension for WindowsStandalone target not found
Native extension for WebGL target not found
Mono: successfully reloaded assembly
- Finished resetting the current domain, in  1.039 seconds
Domain Reload Profiling: 4142ms
	BeginReloadAssembly (1447ms)
		ExecutionOrderSort (1ms)
		DisableScriptedObjects (260ms)
		BackupInstance (0ms)
		ReleaseScriptingObjects (5ms)
		CreateAndSetChildDomain (610ms)
	RebuildCommonClasses (64ms)
	RebuildNativeTypeToScriptingClass (16ms)
	initialDomainReloadingComplete (58ms)
	LoadAllAssembliesAndSetupDomain (1518ms)
		LoadAssemblies (1185ms)
		RebuildTransferFunctionScriptingTraits (0ms)
		AnalyzeDomain (606ms)
			TypeCache.Refresh (74ms)
				TypeCache.ScanAssembly (1ms)
			BuildScriptInfoCaches (484ms)
			ResolveRequiredComponents (15ms)
	FinalizeReload (1040ms)
		ReleaseScriptCaches (0ms)
		RebuildScriptCaches (0ms)
		SetupLoadedEditorAssemblies (831ms)
			LogAssemblyErrors (0ms)
			InitializePlatformSupportModulesInManaged (18ms)
			SetLoadedEditorAssemblies (11ms)
			BeforeProcessingInitializeOnLoad (216ms)
			ProcessInitializeOnLoadAttributes (502ms)
			ProcessInitializeOnLoadMethodAttributes (81ms)
			AfterProcessingInitializeOnLoad (2ms)
			EditorAssembliesLoaded (1ms)
		ExecutionOrderSort2 (0ms)
		AwakeInstancesAfterBackupRestoration (21ms)
Refreshing native plugins compatible for Editor in 1.29 ms, found 4 plugins.
Preloading 0 native plugins for Editor in 0.00 ms.
Unloading 31 Unused Serialized files (Serialized files now loaded: 0)
Unloading 6722 unused Assets / (6.3 MB). Loaded Objects now: 7757.
Memory consumption went from 206.7 MB to 200.5 MB.
Total: 17.878300 ms (FindLiveObjects: 1.683500 ms CreateObjectMapping: 1.047900 ms MarkObjects: 7.638800 ms  DeleteObjects: 7.504400 ms)

Prepare: number of updated asset objects reloaded= 0
========================================================================
Received Prepare
Refreshing native plugins compatible for Editor in 1.66 ms, found 4 plugins.
Preloading 0 native plugins for Editor in 0.00 ms.
Unloading 31 Unused Serialized files (Serialized files now loaded: 0)
Unloading 6711 unused Assets / (7.3 MB). Loaded Objects now: 7757.
Memory consumption went from 208.7 MB to 201.4 MB.
Total: 256.783400 ms (FindLiveObjects: 6.580100 ms CreateObjectMapping: 0.795600 ms MarkObjects: 244.011600 ms  DeleteObjects: 5.393000 ms)

Prepare: number of updated asset objects reloaded= 0
========================================================================
Received Prepare
Begin MonoManager ReloadAssembly
- Loaded All Assemblies, in  4.704 seconds
Refreshing native plugins compatible for Editor in 1.32 ms, found 4 plugins.
Native extension for iOS target not found
Native extension for Android target not found
Native extension for WindowsStandalone target not found
Native extension for WebGL target not found
Mono: successfully reloaded assembly
- Finished resetting the current domain, in  1.067 seconds
Domain Reload Profiling: 5775ms
	BeginReloadAssembly (1407ms)
		ExecutionOrderSort (0ms)
		DisableScriptedObjects (254ms)
		BackupInstance (0ms)
		ReleaseScriptingObjects (3ms)
		CreateAndSetChildDomain (492ms)
	RebuildCommonClasses (53ms)
	RebuildNativeTypeToScriptingClass (12ms)
	initialDomainReloadingComplete (50ms)
	LoadAllAssembliesAndSetupDomain (3184ms)
		LoadAssemblies (3015ms)
		RebuildTransferFunctionScriptingTraits (0ms)
		AnalyzeDomain (575ms)
			TypeCache.Refresh (289ms)
				TypeCache.ScanAssembly (6ms)
			BuildScriptInfoCaches (246ms)
			ResolveRequiredComponents (14ms)
	FinalizeReload (1068ms)
		ReleaseScriptCaches (0ms)
		RebuildScriptCaches (0ms)
		SetupLoadedEditorAssemblies (861ms)
			LogAssemblyErrors (0ms)
			InitializePlatformSupportModulesInManaged (16ms)
			SetLoadedEditorAssemblies (11ms)
			BeforeProcessingInitializeOnLoad (201ms)
			ProcessInitializeOnLoadAttributes (514ms)
			ProcessInitializeOnLoadMethodAttributes (118ms)
			AfterProcessingInitializeOnLoad (2ms)
			EditorAssembliesLoaded (1ms)
		ExecutionOrderSort2 (0ms)
		AwakeInstancesAfterBackupRestoration (22ms)
Refreshing native plugins compatible for Editor in 1.45 ms, found 4 plugins.
Preloading 0 native plugins for Editor in 0.00 ms.
Unloading 31 Unused Serialized files (Serialized files now loaded: 0)
Unloading 6722 unused Assets / (8.5 MB). Loaded Objects now: 7759.
Memory consumption went from 210.4 MB to 201.9 MB.
Total: 15.346500 ms (FindLiveObjects: 1.145800 ms CreateObjectMapping: 0.898800 ms MarkObjects: 6.536400 ms  DeleteObjects: 6.762500 ms)

Prepare: number of updated asset objects reloaded= 0
========================================================================
Received Prepare
Refreshing native plugins compatible for Editor in 1.75 ms, found 4 plugins.
Preloading 0 native plugins for Editor in 0.00 ms.
Unloading 31 Unused Serialized files (Serialized files now loaded: 0)
Unloading 6711 unused Assets / (7.4 MB). Loaded Objects now: 7759.
Memory consumption went from 212.4 MB to 205.0 MB.
Total: 133.258600 ms (FindLiveObjects: 4.042500 ms CreateObjectMapping: 0.876800 ms MarkObjects: 121.794900 ms  DeleteObjects: 6.540600 ms)

Prepare: number of updated asset objects reloaded= 0
========================================================================
Received Prepare
Begin MonoManager ReloadAssembly
- Loaded All Assemblies, in  3.882 seconds
Refreshing native plugins compatible for Editor in 2.06 ms, found 4 plugins.
Native extension for iOS target not found
Native extension for Android target not found
Native extension for WindowsStandalone target not found
Native extension for WebGL target not found
Mono: successfully reloaded assembly
- Finished resetting the current domain, in  1.865 seconds
Domain Reload Profiling: 5753ms
	BeginReloadAssembly (1584ms)
		ExecutionOrderSort (1ms)
		DisableScriptedObjects (182ms)
		BackupInstance (0ms)
		ReleaseScriptingObjects (9ms)
		CreateAndSetChildDomain (889ms)
	RebuildCommonClasses (48ms)
	RebuildNativeTypeToScriptingClass (12ms)
	initialDomainReloadingComplete (41ms)
	LoadAllAssembliesAndSetupDomain (2202ms)
		LoadAssemblies (1739ms)
		RebuildTransferFunctionScriptingTraits (0ms)
		AnalyzeDomain (739ms)
			TypeCache.Refresh (103ms)
				TypeCache.ScanAssembly (1ms)
			BuildScriptInfoCaches (549ms)
			ResolveRequiredComponents (20ms)
	FinalizeReload (1866ms)
		ReleaseScriptCaches (0ms)
		RebuildScriptCaches (0ms)
		SetupLoadedEditorAssemblies (1211ms)
			LogAssemblyErrors (0ms)
			InitializePlatformSupportModulesInManaged (51ms)
			SetLoadedEditorAssemblies (24ms)
			BeforeProcessingInitializeOnLoad (372ms)
			ProcessInitializeOnLoadAttributes (653ms)
			ProcessInitializeOnLoadMethodAttributes (107ms)
			AfterProcessingInitializeOnLoad (3ms)
			EditorAssembliesLoaded (1ms)
		ExecutionOrderSort2 (0ms)
		AwakeInstancesAfterBackupRestoration (20ms)
Refreshing native plugins compatible for Editor in 1.39 ms, found 4 plugins.
Preloading 0 native plugins for Editor in 0.00 ms.
Unloading 31 Unused Serialized files (Serialized files now loaded: 0)
Unloading 6722 unused Assets / (8.0 MB). Loaded Objects now: 7761.
Memory consumption went from 214.2 MB to 206.2 MB.
Total: 16.424600 ms (FindLiveObjects: 1.581000 ms CreateObjectMapping: 1.359300 ms MarkObjects: 7.255100 ms  DeleteObjects: 6.226300 ms)

Prepare: number of updated asset objects reloaded= 0
========================================================================
Received Prepare
Begin MonoManager ReloadAssembly
- Loaded All Assemblies, in  1.740 seconds
Refreshing native plugins compatible for Editor in 2.02 ms, found 4 plugins.
Native extension for iOS target not found
Native extension for Android target not found
Native extension for WindowsStandalone target not found
Native extension for WebGL target not found
Mono: successfully reloaded assembly
- Finished resetting the current domain, in  0.983 seconds
Domain Reload Profiling: 2729ms
	BeginReloadAssembly (698ms)
		ExecutionOrderSort (0ms)
		DisableScriptedObjects (34ms)
		BackupInstance (0ms)
		ReleaseScriptingObjects (1ms)
		CreateAndSetChildDomain (129ms)
	RebuildCommonClasses (54ms)
	RebuildNativeTypeToScriptingClass (12ms)
	initialDomainReloadingComplete (36ms)
	LoadAllAssembliesAndSetupDomain (945ms)
		LoadAssemblies (1042ms)
		RebuildTransferFunctionScriptingTraits (0ms)
		AnalyzeDomain (344ms)
			TypeCache.Refresh (29ms)
				TypeCache.ScanAssembly (0ms)
			BuildScriptInfoCaches (264ms)
			ResolveRequiredComponents (16ms)
	FinalizeReload (984ms)
		ReleaseScriptCaches (0ms)
		RebuildScriptCaches (0ms)
		SetupLoadedEditorAssemblies (748ms)
			LogAssemblyErrors (0ms)
			InitializePlatformSupportModulesInManaged (18ms)
			SetLoadedEditorAssemblies (7ms)
			BeforeProcessingInitializeOnLoad (215ms)
			ProcessInitializeOnLoadAttributes (432ms)
			ProcessInitializeOnLoadMethodAttributes (73ms)
			AfterProcessingInitializeOnLoad (2ms)
			EditorAssembliesLoaded (1ms)
		ExecutionOrderSort2 (0ms)
		AwakeInstancesAfterBackupRestoration (18ms)
Refreshing native plugins compatible for Editor in 1.33 ms, found 4 plugins.
Preloading 0 native plugins for Editor in 0.00 ms.
Unloading 31 Unused Serialized files (Serialized files now loaded: 0)
Unloading 6722 unused Assets / (7.2 MB). Loaded Objects now: 7763.
Memory consumption went from 216.1 MB to 208.8 MB.
Total: 13.574200 ms (FindLiveObjects: 1.179700 ms CreateObjectMapping: 1.109200 ms MarkObjects: 6.132800 ms  DeleteObjects: 5.150400 ms)

Prepare: number of updated asset objects reloaded= 0
========================================================================
Received Prepare
Begin MonoManager ReloadAssembly
- Loaded All Assemblies, in  2.649 seconds
Refreshing native plugins compatible for Editor in 1.31 ms, found 4 plugins.
Native extension for iOS target not found
Native extension for Android target not found
Native extension for WindowsStandalone target not found
Native extension for WebGL target not found
Mono: successfully reloaded assembly
- Finished resetting the current domain, in  1.110 seconds
Domain Reload Profiling: 3763ms
	BeginReloadAssembly (996ms)
		ExecutionOrderSort (0ms)
		DisableScriptedObjects (240ms)
		BackupInstance (0ms)
		ReleaseScriptingObjects (3ms)
		CreateAndSetChildDomain (220ms)
	RebuildCommonClasses (41ms)
	RebuildNativeTypeToScriptingClass (12ms)
	initialDomainReloadingComplete (37ms)
	LoadAllAssembliesAndSetupDomain (1567ms)
		LoadAssemblies (1367ms)
		RebuildTransferFunctionScriptingTraits (0ms)
		AnalyzeDomain (382ms)
			TypeCache.Refresh (41ms)
				TypeCache.ScanAssembly (0ms)
			BuildScriptInfoCaches (298ms)
			ResolveRequiredComponents (15ms)
	FinalizeReload (1110ms)
		ReleaseScriptCaches (0ms)
		RebuildScriptCaches (0ms)
		SetupLoadedEditorAssemblies (903ms)
			LogAssemblyErrors (0ms)
			InitializePlatformSupportModulesInManaged (17ms)
			SetLoadedEditorAssemblies (7ms)
			BeforeProcessingInitializeOnLoad (255ms)
			ProcessInitializeOnLoadAttributes (526ms)
			ProcessInitializeOnLoadMethodAttributes (94ms)
			AfterProcessingInitializeOnLoad (3ms)
			EditorAssembliesLoaded (1ms)
		ExecutionOrderSort2 (0ms)
		AwakeInstancesAfterBackupRestoration (21ms)
Refreshing native plugins compatible for Editor in 1.53 ms, found 4 plugins.
Preloading 0 native plugins for Editor in 0.00 ms.
Unloading 31 Unused Serialized files (Serialized files now loaded: 0)
Unloading 6722 unused Assets / (7.5 MB). Loaded Objects now: 7765.
Memory consumption went from 218.0 MB to 210.5 MB.
Total: 17.062700 ms (FindLiveObjects: 2.570700 ms CreateObjectMapping: 1.888800 ms MarkObjects: 6.945500 ms  DeleteObjects: 5.655100 ms)

Prepare: number of updated asset objects reloaded= 0
========================================================================
Received Prepare
Begin MonoManager ReloadAssembly
- Loaded All Assemblies, in  4.836 seconds
Refreshing native plugins compatible for Editor in 1.59 ms, found 4 plugins.
Native extension for iOS target not found
Native extension for Android target not found
Native extension for WindowsStandalone target not found
Native extension for WebGL target not found
Mono: successfully reloaded assembly
- Finished resetting the current domain, in  1.238 seconds
Domain Reload Profiling: 6083ms
	BeginReloadAssembly (2083ms)
		ExecutionOrderSort (2ms)
		DisableScriptedObjects (324ms)
		BackupInstance (0ms)
		ReleaseScriptingObjects (9ms)
		CreateAndSetChildDomain (786ms)
	RebuildCommonClasses (53ms)
	RebuildNativeTypeToScriptingClass (12ms)
	initialDomainReloadingComplete (46ms)
	LoadAllAssembliesAndSetupDomain (2650ms)
		LoadAssemblies (2645ms)
		RebuildTransferFunctionScriptingTraits (0ms)
		AnalyzeDomain (454ms)
			TypeCache.Refresh (35ms)
				TypeCache.ScanAssembly (0ms)
			BuildScriptInfoCaches (378ms)
			ResolveRequiredComponents (15ms)
	FinalizeReload (1239ms)
		ReleaseScriptCaches (0ms)
		RebuildScriptCaches (0ms)
		SetupLoadedEditorAssemblies (954ms)
			LogAssemblyErrors (0ms)
			InitializePlatformSupportModulesInManaged (19ms)
			SetLoadedEditorAssemblies (10ms)
			BeforeProcessingInitializeOnLoad (244ms)
			ProcessInitializeOnLoadAttributes (575ms)
			ProcessInitializeOnLoadMethodAttributes (101ms)
			AfterProcessingInitializeOnLoad (3ms)
			EditorAssembliesLoaded (1ms)
		ExecutionOrderSort2 (0ms)
		AwakeInstancesAfterBackupRestoration (25ms)
Refreshing native plugins compatible for Editor in 1.99 ms, found 4 plugins.
Preloading 0 native plugins for Editor in 0.00 ms.
Unloading 31 Unused Serialized files (Serialized files now loaded: 0)
Unloading 6722 unused Assets / (7.4 MB). Loaded Objects now: 7767.
Memory consumption went from 219.9 MB to 212.5 MB.
Total: 19.213400 ms (FindLiveObjects: 1.459300 ms CreateObjectMapping: 1.829000 ms MarkObjects: 9.579800 ms  DeleteObjects: 6.342300 ms)

Prepare: number of updated asset objects reloaded= 0
========================================================================
Received Prepare
Begin MonoManager ReloadAssembly
- Loaded All Assemblies, in  2.981 seconds
Refreshing native plugins compatible for Editor in 1.38 ms, found 4 plugins.
Native extension for iOS target not found
Native extension for Android target not found
Native extension for WindowsStandalone target not found
Native extension for WebGL target not found
Mono: successfully reloaded assembly
- Finished resetting the current domain, in  0.954 seconds
Domain Reload Profiling: 3947ms
	BeginReloadAssembly (1194ms)
		ExecutionOrderSort (0ms)
		DisableScriptedObjects (290ms)
		BackupInstance (0ms)
		ReleaseScriptingObjects (3ms)
		CreateAndSetChildDomain (198ms)
	RebuildCommonClasses (42ms)
	RebuildNativeTypeToScriptingClass (12ms)
	initialDomainReloadingComplete (36ms)
	LoadAllAssembliesAndSetupDomain (1708ms)
		LoadAssemblies (1169ms)
		RebuildTransferFunctionScriptingTraits (0ms)
		AnalyzeDomain (682ms)
			TypeCache.Refresh (62ms)
				TypeCache.ScanAssembly (0ms)
			BuildScriptInfoCaches (554ms)
			ResolveRequiredComponents (23ms)
	FinalizeReload (955ms)
		ReleaseScriptCaches (0ms)
		RebuildScriptCaches (0ms)
		SetupLoadedEditorAssemblies (768ms)
			LogAssemblyErrors (0ms)
			InitializePlatformSupportModulesInManaged (17ms)
			SetLoadedEditorAssemblies (7ms)
			BeforeProcessingInitializeOnLoad (230ms)
			ProcessInitializeOnLoadAttributes (428ms)
			ProcessInitializeOnLoadMethodAttributes (83ms)
			AfterProcessingInitializeOnLoad (2ms)
			EditorAssembliesLoaded (1ms)
		ExecutionOrderSort2 (0ms)
		AwakeInstancesAfterBackupRestoration (20ms)
Refreshing native plugins compatible for Editor in 1.70 ms, found 4 plugins.
Preloading 0 native plugins for Editor in 0.00 ms.
Unloading 31 Unused Serialized files (Serialized files now loaded: 0)
Unloading 6722 unused Assets / (7.6 MB). Loaded Objects now: 7769.
Memory consumption went from 221.7 MB to 214.1 MB.
Total: 16.467200 ms (FindLiveObjects: 1.400200 ms CreateObjectMapping: 1.283700 ms MarkObjects: 6.794300 ms  DeleteObjects: 6.985700 ms)

Prepare: number of updated asset objects reloaded= 0
========================================================================
Received Prepare
Refreshing native plugins compatible for Editor in 2.08 ms, found 4 plugins.
Preloading 0 native plugins for Editor in 0.00 ms.
Unloading 31 Unused Serialized files (Serialized files now loaded: 0)
Unloading 6711 unused Assets / (7.4 MB). Loaded Objects now: 7769.
Memory consumption went from 223.7 MB to 216.3 MB.
Total: 346.172100 ms (FindLiveObjects: 9.830500 ms CreateObjectMapping: 1.460400 ms MarkObjects: 328.221000 ms  DeleteObjects: 6.656100 ms)

Prepare: number of updated asset objects reloaded= 0
========================================================================
Received Prepare
Begin MonoManager ReloadAssembly
- Loaded All Assemblies, in  3.007 seconds
Refreshing native plugins compatible for Editor in 1.23 ms, found 4 plugins.
Native extension for iOS target not found
Native extension for Android target not found
Native extension for WindowsStandalone target not found
Native extension for WebGL target not found
Mono: successfully reloaded assembly
- Finished resetting the current domain, in  1.290 seconds
Domain Reload Profiling: 4306ms
	BeginReloadAssembly (1474ms)
		ExecutionOrderSort (0ms)
		DisableScriptedObjects (126ms)
		BackupInstance (0ms)
		ReleaseScriptingObjects (3ms)
		CreateAndSetChildDomain (836ms)
	RebuildCommonClasses (43ms)
	RebuildNativeTypeToScriptingClass (13ms)
	initialDomainReloadingComplete (41ms)
	LoadAllAssembliesAndSetupDomain (1445ms)
		LoadAssemblies (1114ms)
		RebuildTransferFunctionScriptingTraits (0ms)
		AnalyzeDomain (664ms)
			TypeCache.Refresh (64ms)
				TypeCache.ScanAssembly (1ms)
			BuildScriptInfoCaches (525ms)
			ResolveRequiredComponents (22ms)
	FinalizeReload (1290ms)
		ReleaseScriptCaches (0ms)
		RebuildScriptCaches (0ms)
		SetupLoadedEditorAssemblies (1075ms)
			LogAssemblyErrors (0ms)
			InitializePlatformSupportModulesInManaged (23ms)
			SetLoadedEditorAssemblies (10ms)
			BeforeProcessingInitializeOnLoad (250ms)
			ProcessInitializeOnLoadAttributes (661ms)
			ProcessInitializeOnLoadMethodAttributes (123ms)
			AfterProcessingInitializeOnLoad (2ms)
			EditorAssembliesLoaded (5ms)
		ExecutionOrderSort2 (0ms)
		AwakeInstancesAfterBackupRestoration (25ms)
Refreshing native plugins compatible for Editor in 1.68 ms, found 4 plugins.
Preloading 0 native plugins for Editor in 0.00 ms.
Unloading 31 Unused Serialized files (Serialized files now loaded: 0)
Unloading 6722 unused Assets / (7.7 MB). Loaded Objects now: 7771.
Memory consumption went from 225.5 MB to 217.8 MB.
Total: 18.126400 ms (FindLiveObjects: 1.959400 ms CreateObjectMapping: 1.433600 ms MarkObjects: 7.634900 ms  DeleteObjects: 7.095500 ms)

Prepare: number of updated asset objects reloaded= 0
========================================================================
Received Prepare
Begin MonoManager ReloadAssembly
- Loaded All Assemblies, in  1.139 seconds
Refreshing native plugins compatible for Editor in 1.73 ms, found 4 plugins.
Native extension for iOS target not found
Native extension for Android target not found
Native extension for WindowsStandalone target not found
Native extension for WebGL target not found
Mono: successfully reloaded assembly
- Finished resetting the current domain, in  0.920 seconds
Domain Reload Profiling: 2067ms
	BeginReloadAssembly (259ms)
		ExecutionOrderSort (0ms)
		DisableScriptedObjects (22ms)
		BackupInstance (0ms)
		ReleaseScriptingObjects (1ms)
		CreateAndSetChildDomain (67ms)
	RebuildCommonClasses (37ms)
	RebuildNativeTypeToScriptingClass (12ms)
	initialDomainReloadingComplete (31ms)
	LoadAllAssembliesAndSetupDomain (808ms)
		LoadAssemblies (616ms)
		RebuildTransferFunctionScriptingTraits (0ms)
		AnalyzeDomain (297ms)
			TypeCache.Refresh (29ms)
				TypeCache.ScanAssembly (0ms)
			BuildScriptInfoCaches (230ms)
			ResolveRequiredComponents (16ms)
	FinalizeReload (920ms)
		ReleaseScriptCaches (0ms)
		RebuildScriptCaches (0ms)
		SetupLoadedEditorAssemblies (735ms)
			LogAssemblyErrors (0ms)
			InitializePlatformSupportModulesInManaged (16ms)
			SetLoadedEditorAssemblies (7ms)
			BeforeProcessingInitializeOnLoad (190ms)
			ProcessInitializeOnLoadAttributes (442ms)
			ProcessInitializeOnLoadMethodAttributes (77ms)
			AfterProcessingInitializeOnLoad (2ms)
			EditorAssembliesLoaded (1ms)
		ExecutionOrderSort2 (0ms)
		AwakeInstancesAfterBackupRestoration (18ms)
Refreshing native plugins compatible for Editor in 1.44 ms, found 4 plugins.
Preloading 0 native plugins for Editor in 0.00 ms.
Unloading 31 Unused Serialized files (Serialized files now loaded: 0)
Unloading 6722 unused Assets / (7.1 MB). Loaded Objects now: 7773.
Memory consumption went from 227.4 MB to 220.3 MB.
Total: 16.187300 ms (FindLiveObjects: 0.973900 ms CreateObjectMapping: 1.324100 ms MarkObjects: 7.112000 ms  DeleteObjects: 6.774800 ms)

Prepare: number of updated asset objects reloaded= 0
========================================================================
Received Prepare
Begin MonoManager ReloadAssembly
- Loaded All Assemblies, in  2.996 seconds
Refreshing native plugins compatible for Editor in 1.29 ms, found 4 plugins.
Native extension for iOS target not found
Native extension for Android target not found
Native extension for WindowsStandalone target not found
Native extension for WebGL target not found
Mono: successfully reloaded assembly
- Finished resetting the current domain, in  0.931 seconds
Domain Reload Profiling: 3948ms
	BeginReloadAssembly (1268ms)
		ExecutionOrderSort (2ms)
		DisableScriptedObjects (309ms)
		BackupInstance (0ms)
		ReleaseScriptingObjects (15ms)
		CreateAndSetChildDomain (339ms)
	RebuildCommonClasses (47ms)
	RebuildNativeTypeToScriptingClass (12ms)
	initialDomainReloadingComplete (40ms)
	LoadAllAssembliesAndSetupDomain (1649ms)
		LoadAssemblies (1262ms)
		RebuildTransferFunctionScriptingTraits (0ms)
		AnalyzeDomain (568ms)
			TypeCache.Refresh (42ms)
				TypeCache.ScanAssembly (0ms)
			BuildScriptInfoCaches (462ms)
			ResolveRequiredComponents (21ms)
	FinalizeReload (932ms)
		ReleaseScriptCaches (0ms)
		RebuildScriptCaches (0ms)
		SetupLoadedEditorAssemblies (758ms)
			LogAssemblyErrors (0ms)
			InitializePlatformSupportModulesInManaged (15ms)
			SetLoadedEditorAssemblies (7ms)
			BeforeProcessingInitializeOnLoad (225ms)
			ProcessInitializeOnLoadAttributes (437ms)
			ProcessInitializeOnLoadMethodAttributes (71ms)
			AfterProcessingInitializeOnLoad (2ms)
			EditorAssembliesLoaded (1ms)
		ExecutionOrderSort2 (0ms)
		AwakeInstancesAfterBackupRestoration (18ms)
Refreshing native plugins compatible for Editor in 3.11 ms, found 4 plugins.
Preloading 0 native plugins for Editor in 0.00 ms.
Unloading 31 Unused Serialized files (Serialized files now loaded: 0)
Unloading 6722 unused Assets / (7.2 MB). Loaded Objects now: 7775.
Memory consumption went from 229.3 MB to 222.1 MB.
Total: 25.898700 ms (FindLiveObjects: 2.489800 ms CreateObjectMapping: 1.519100 ms MarkObjects: 14.542700 ms  DeleteObjects: 7.343200 ms)

Prepare: number of updated asset objects reloaded= 0
========================================================================
Received Prepare
Refreshing native plugins compatible for Editor in 1.92 ms, found 4 plugins.
Preloading 0 native plugins for Editor in 0.00 ms.
Unloading 31 Unused Serialized files (Serialized files now loaded: 0)
Unloading 6711 unused Assets / (7.1 MB). Loaded Objects now: 7775.
Memory consumption went from 231.3 MB to 224.2 MB.
Total: 194.270700 ms (FindLiveObjects: 4.565000 ms CreateObjectMapping: 1.269800 ms MarkObjects: 181.129800 ms  DeleteObjects: 7.302500 ms)

Prepare: number of updated asset objects reloaded= 0
========================================================================
Received Prepare
Begin MonoManager ReloadAssembly
- Loaded All Assemblies, in  4.926 seconds
Refreshing native plugins compatible for Editor in 1.41 ms, found 4 plugins.
Native extension for iOS target not found
Native extension for Android target not found
Native extension for WindowsStandalone target not found
Native extension for WebGL target not found
Mono: successfully reloaded assembly
- Finished resetting the current domain, in  1.497 seconds
Domain Reload Profiling: 6441ms
	BeginReloadAssembly (3204ms)
		ExecutionOrderSort (1ms)
		DisableScriptedObjects (185ms)
		BackupInstance (0ms)
		ReleaseScriptingObjects (5ms)
		CreateAndSetChildDomain (1268ms)
	RebuildCommonClasses (80ms)
	RebuildNativeTypeToScriptingClass (14ms)
	initialDomainReloadingComplete (74ms)
	LoadAllAssembliesAndSetupDomain (1572ms)
		LoadAssemblies (2505ms)
		RebuildTransferFunctionScriptingTraits (0ms)
		AnalyzeDomain (505ms)
			TypeCache.Refresh (60ms)
				TypeCache.ScanAssembly (1ms)
			BuildScriptInfoCaches (373ms)
			ResolveRequiredComponents (25ms)
	FinalizeReload (1497ms)
		ReleaseScriptCaches (0ms)
		RebuildScriptCaches (0ms)
		SetupLoadedEditorAssemblies (1270ms)
			LogAssemblyErrors (0ms)
			InitializePlatformSupportModulesInManaged (23ms)
			SetLoadedEditorAssemblies (8ms)
			BeforeProcessingInitializeOnLoad (297ms)
			ProcessInitializeOnLoadAttributes (853ms)
			ProcessInitializeOnLoadMethodAttributes (85ms)
			AfterProcessingInitializeOnLoad (2ms)
			EditorAssembliesLoaded (1ms)
		ExecutionOrderSort2 (0ms)
		AwakeInstancesAfterBackupRestoration (24ms)
Refreshing native plugins compatible for Editor in 1.73 ms, found 4 plugins.
Preloading 0 native plugins for Editor in 0.00 ms.
Unloading 31 Unused Serialized files (Serialized files now loaded: 0)
Unloading 6722 unused Assets / (7.5 MB). Loaded Objects now: 7777.
Memory consumption went from 233.0 MB to 225.5 MB.
Total: 15.258600 ms (FindLiveObjects: 1.144700 ms CreateObjectMapping: 1.001700 ms MarkObjects: 7.310600 ms  DeleteObjects: 5.798500 ms)

Prepare: number of updated asset objects reloaded= 0
========================================================================
Received Prepare
Begin MonoManager ReloadAssembly
- Loaded All Assemblies, in  4.077 seconds
Refreshing native plugins compatible for Editor in 3.45 ms, found 4 plugins.
Native extension for iOS target not found
Native extension for Android target not found
Native extension for WindowsStandalone target not found
Native extension for WebGL target not found
Mono: successfully reloaded assembly
- Finished resetting the current domain, in  1.204 seconds
Domain Reload Profiling: 5307ms
	BeginReloadAssembly (2076ms)
		ExecutionOrderSort (2ms)
		DisableScriptedObjects (227ms)
		BackupInstance (0ms)
		ReleaseScriptingObjects (4ms)
		CreateAndSetChildDomain (1008ms)
	RebuildCommonClasses (55ms)
	RebuildNativeTypeToScriptingClass (12ms)
	initialDomainReloadingComplete (45ms)
	LoadAllAssembliesAndSetupDomain (1915ms)
		LoadAssemblies (1696ms)
		RebuildTransferFunctionScriptingTraits (0ms)
		AnalyzeDomain (729ms)
			TypeCache.Refresh (38ms)
				TypeCache.ScanAssembly (0ms)
			BuildScriptInfoCaches (605ms)
			ResolveRequiredComponents (31ms)
	FinalizeReload (1204ms)
		ReleaseScriptCaches (0ms)
		RebuildScriptCaches (0ms)
		SetupLoadedEditorAssemblies (924ms)
			LogAssemblyErrors (0ms)
			InitializePlatformSupportModulesInManaged (23ms)
			SetLoadedEditorAssemblies (11ms)
			BeforeProcessingInitializeOnLoad (277ms)
			ProcessInitializeOnLoadAttributes (534ms)
			ProcessInitializeOnLoadMethodAttributes (75ms)
			AfterProcessingInitializeOnLoad (2ms)
			EditorAssembliesLoaded (1ms)
		ExecutionOrderSort2 (0ms)
		AwakeInstancesAfterBackupRestoration (18ms)
Refreshing native plugins compatible for Editor in 1.22 ms, found 4 plugins.
Preloading 0 native plugins for Editor in 0.00 ms.
Unloading 31 Unused Serialized files (Serialized files now loaded: 0)
Unloading 6722 unused Assets / (7.2 MB). Loaded Objects now: 7779.
Memory consumption went from 234.8 MB to 227.6 MB.
Total: 13.049900 ms (FindLiveObjects: 0.874800 ms CreateObjectMapping: 0.681200 ms MarkObjects: 6.414100 ms  DeleteObjects: 5.076600 ms)

Prepare: number of updated asset objects reloaded= 0
========================================================================
Received Prepare
Begin MonoManager ReloadAssembly
- Loaded All Assemblies, in  5.185 seconds
Refreshing native plugins compatible for Editor in 2.80 ms, found 4 plugins.
Native extension for iOS target not found
Native extension for Android target not found
Native extension for WindowsStandalone target not found
Native extension for WebGL target not found
Mono: successfully reloaded assembly
- Finished resetting the current domain, in  1.202 seconds
Domain Reload Profiling: 6411ms
	BeginReloadAssembly (2896ms)
		ExecutionOrderSort (1ms)
		DisableScriptedObjects (399ms)
		BackupInstance (0ms)
		ReleaseScriptingObjects (5ms)
		CreateAndSetChildDomain (1245ms)
	RebuildCommonClasses (81ms)
	RebuildNativeTypeToScriptingClass (15ms)
	initialDomainReloadingComplete (56ms)
	LoadAllAssembliesAndSetupDomain (2159ms)
		LoadAssemblies (1730ms)
		RebuildTransferFunctionScriptingTraits (0ms)
		AnalyzeDomain (1103ms)
			TypeCache.Refresh (39ms)
				TypeCache.ScanAssembly (0ms)
			BuildScriptInfoCaches (990ms)
			ResolveRequiredComponents (21ms)
	FinalizeReload (1203ms)
		ReleaseScriptCaches (0ms)
		RebuildScriptCaches (0ms)
		SetupLoadedEditorAssemblies (996ms)
			LogAssemblyErrors (0ms)
			InitializePlatformSupportModulesInManaged (19ms)
			SetLoadedEditorAssemblies (7ms)
			BeforeProcessingInitializeOnLoad (251ms)
			ProcessInitializeOnLoadAttributes (622ms)
			ProcessInitializeOnLoadMethodAttributes (93ms)
			AfterProcessingInitializeOnLoad (2ms)
			EditorAssembliesLoaded (1ms)
		ExecutionOrderSort2 (0ms)
		AwakeInstancesAfterBackupRestoration (22ms)
Refreshing native plugins compatible for Editor in 2.52 ms, found 4 plugins.
Preloading 0 native plugins for Editor in 0.00 ms.
Unloading 31 Unused Serialized files (Serialized files now loaded: 0)
Unloading 6722 unused Assets / (7.9 MB). Loaded Objects now: 7781.
Memory consumption went from 236.8 MB to 228.9 MB.
Total: 22.855400 ms (FindLiveObjects: 2.949200 ms CreateObjectMapping: 1.963600 ms MarkObjects: 11.221500 ms  DeleteObjects: 6.716000 ms)

Prepare: number of updated asset objects reloaded= 0
========================================================================
Received Prepare
Refreshing native plugins compatible for Editor in 2.06 ms, found 4 plugins.
Preloading 0 native plugins for Editor in 0.00 ms.
Unloading 31 Unused Serialized files (Serialized files now loaded: 0)
Unloading 6711 unused Assets / (7.5 MB). Loaded Objects now: 7781.
Memory consumption went from 238.8 MB to 231.3 MB.
Total: 266.014500 ms (FindLiveObjects: 5.451500 ms CreateObjectMapping: 1.589000 ms MarkObjects: 253.653800 ms  DeleteObjects: 5.316700 ms)

Prepare: number of updated asset objects reloaded= 0
========================================================================
Received Prepare
Begin MonoManager ReloadAssembly
- Loaded All Assemblies, in  5.649 seconds
Refreshing native plugins compatible for Editor in 1.25 ms, found 4 plugins.
Native extension for iOS target not found
Native extension for Android target not found
Native extension for WindowsStandalone target not found
Native extension for WebGL target not found
Mono: successfully reloaded assembly
- Finished resetting the current domain, in  1.022 seconds
Domain Reload Profiling: 6676ms
	BeginReloadAssembly (2011ms)
		ExecutionOrderSort (0ms)
		DisableScriptedObjects (221ms)
		BackupInstance (0ms)
		ReleaseScriptingObjects (3ms)
		CreateAndSetChildDomain (678ms)
	RebuildCommonClasses (59ms)
	RebuildNativeTypeToScriptingClass (15ms)
	initialDomainReloadingComplete (48ms)
	LoadAllAssembliesAndSetupDomain (3520ms)
		LoadAssemblies (3967ms)
		RebuildTransferFunctionScriptingTraits (0ms)
		AnalyzeDomain (421ms)
			TypeCache.Refresh (52ms)
				TypeCache.ScanAssembly (1ms)
			BuildScriptInfoCaches (312ms)
			ResolveRequiredComponents (16ms)
	FinalizeReload (1023ms)
		ReleaseScriptCaches (0ms)
		RebuildScriptCaches (0ms)
		SetupLoadedEditorAssemblies (821ms)
			LogAssemblyErrors (0ms)
			InitializePlatformSupportModulesInManaged (18ms)
			SetLoadedEditorAssemblies (7ms)
			BeforeProcessingInitializeOnLoad (211ms)
			ProcessInitializeOnLoadAttributes (501ms)
			ProcessInitializeOnLoadMethodAttributes (80ms)
			AfterProcessingInitializeOnLoad (2ms)
			EditorAssembliesLoaded (1ms)
		ExecutionOrderSort2 (0ms)
		AwakeInstancesAfterBackupRestoration (20ms)
Refreshing native plugins compatible for Editor in 1.45 ms, found 4 plugins.
Preloading 0 native plugins for Editor in 0.00 ms.
Unloading 31 Unused Serialized files (Serialized files now loaded: 0)
Unloading 6722 unused Assets / (7.2 MB). Loaded Objects now: 7783.
Memory consumption went from 240.5 MB to 233.3 MB.
Total: 15.022400 ms (FindLiveObjects: 1.894700 ms CreateObjectMapping: 1.137700 ms MarkObjects: 6.609400 ms  DeleteObjects: 5.377800 ms)

Prepare: number of updated asset objects reloaded= 0
========================================================================
Received Prepare
Refreshing native plugins compatible for Editor in 1.64 ms, found 4 plugins.
Preloading 0 native plugins for Editor in 0.00 ms.
Unloading 31 Unused Serialized files (Serialized files now loaded: 0)
Unloading 6711 unused Assets / (7.4 MB). Loaded Objects now: 7783.
Memory consumption went from 242.6 MB to 235.2 MB.
Total: 211.450900 ms (FindLiveObjects: 5.183100 ms CreateObjectMapping: 0.818400 ms MarkObjects: 199.926800 ms  DeleteObjects: 5.520000 ms)

Prepare: number of updated asset objects reloaded= 0
========================================================================
Received Prepare
Begin MonoManager ReloadAssembly
- Loaded All Assemblies, in  5.495 seconds
Refreshing native plugins compatible for Editor in 1.25 ms, found 4 plugins.
Native extension for iOS target not found
Native extension for Android target not found
Native extension for WindowsStandalone target not found
Native extension for WebGL target not found
Mono: successfully reloaded assembly
- Finished resetting the current domain, in  1.003 seconds
Domain Reload Profiling: 6504ms
	BeginReloadAssembly (2132ms)
		ExecutionOrderSort (0ms)
		DisableScriptedObjects (315ms)
		BackupInstance (0ms)
		ReleaseScriptingObjects (5ms)
		CreateAndSetChildDomain (1227ms)
	RebuildCommonClasses (54ms)
	RebuildNativeTypeToScriptingClass (13ms)
	initialDomainReloadingComplete (45ms)
	LoadAllAssembliesAndSetupDomain (3256ms)
		LoadAssemblies (2675ms)
		RebuildTransferFunctionScriptingTraits (0ms)
		AnalyzeDomain (885ms)
			TypeCache.Refresh (130ms)
				TypeCache.ScanAssembly (2ms)
			BuildScriptInfoCaches (700ms)
			ResolveRequiredComponents (16ms)
	FinalizeReload (1004ms)
		ReleaseScriptCaches (0ms)
		RebuildScriptCaches (0ms)
		SetupLoadedEditorAssemblies (803ms)
			LogAssemblyErrors (0ms)
			InitializePlatformSupportModulesInManaged (17ms)
			SetLoadedEditorAssemblies (7ms)
			BeforeProcessingInitializeOnLoad (204ms)
			ProcessInitializeOnLoadAttributes (496ms)
			ProcessInitializeOnLoadMethodAttributes (75ms)
			AfterProcessingInitializeOnLoad (2ms)
			EditorAssembliesLoaded (1ms)
		ExecutionOrderSort2 (0ms)
		AwakeInstancesAfterBackupRestoration (20ms)
Refreshing native plugins compatible for Editor in 1.21 ms, found 4 plugins.
Preloading 0 native plugins for Editor in 0.00 ms.
Unloading 31 Unused Serialized files (Serialized files now loaded: 0)
Unloading 6722 unused Assets / (7.2 MB). Loaded Objects now: 7785.
Memory consumption went from 244.3 MB to 237.1 MB.
Total: 13.043600 ms (FindLiveObjects: 1.041800 ms CreateObjectMapping: 0.988000 ms MarkObjects: 6.258900 ms  DeleteObjects: 4.752500 ms)

Prepare: number of updated asset objects reloaded= 0
========================================================================
Received Prepare
Refreshing native plugins compatible for Editor in 1.93 ms, found 4 plugins.
Preloading 0 native plugins for Editor in 0.00 ms.
Unloading 31 Unused Serialized files (Serialized files now loaded: 0)
Unloading 6711 unused Assets / (7.1 MB). Loaded Objects now: 7785.
Memory consumption went from 246.3 MB to 239.2 MB.
Total: 21.479200 ms (FindLiveObjects: 2.036800 ms CreateObjectMapping: 1.142400 ms MarkObjects: 13.559400 ms  DeleteObjects: 4.738200 ms)

Prepare: number of updated asset objects reloaded= 0
========================================================================
Received Prepare
Begin MonoManager ReloadAssembly
- Loaded All Assemblies, in  4.021 seconds
Refreshing native plugins compatible for Editor in 1.42 ms, found 4 plugins.
Native extension for iOS target not found
Native extension for Android target not found
Native extension for WindowsStandalone target not found
Native extension for WebGL target not found
Mono: successfully reloaded assembly
- Finished resetting the current domain, in  1.322 seconds
Domain Reload Profiling: 5353ms
	BeginReloadAssembly (1846ms)
		ExecutionOrderSort (1ms)
		DisableScriptedObjects (285ms)
		BackupInstance (0ms)
		ReleaseScriptingObjects (7ms)
		CreateAndSetChildDomain (688ms)
	RebuildCommonClasses (77ms)
	RebuildNativeTypeToScriptingClass (14ms)
	initialDomainReloadingComplete (181ms)
	LoadAllAssembliesAndSetupDomain (1913ms)
		LoadAssemblies (1994ms)
		RebuildTransferFunctionScriptingTraits (0ms)
		AnalyzeDomain (361ms)
			TypeCache.Refresh (48ms)
				TypeCache.ScanAssembly (1ms)
			BuildScriptInfoCaches (245ms)
			ResolveRequiredComponents (18ms)
	FinalizeReload (1323ms)
		ReleaseScriptCaches (0ms)
		RebuildScriptCaches (0ms)
		SetupLoadedEditorAssemblies (1031ms)
			LogAssemblyErrors (0ms)
			InitializePlatformSupportModulesInManaged (39ms)
			SetLoadedEditorAssemblies (12ms)
			BeforeProcessingInitializeOnLoad (292ms)
			ProcessInitializeOnLoadAttributes (601ms)
			ProcessInitializeOnLoadMethodAttributes (83ms)
			AfterProcessingInitializeOnLoad (3ms)
			EditorAssembliesLoaded (1ms)
		ExecutionOrderSort2 (0ms)
		AwakeInstancesAfterBackupRestoration (21ms)
Refreshing native plugins compatible for Editor in 1.68 ms, found 4 plugins.
Preloading 0 native plugins for Editor in 0.00 ms.
Unloading 31 Unused Serialized files (Serialized files now loaded: 0)
Unloading 6722 unused Assets / (7.6 MB). Loaded Objects now: 7787.
Memory consumption went from 248.1 MB to 240.5 MB.
Total: 16.243700 ms (FindLiveObjects: 0.884800 ms CreateObjectMapping: 1.290100 ms MarkObjects: 7.748100 ms  DeleteObjects: 6.317900 ms)

Prepare: number of updated asset objects reloaded= 0
========================================================================
Received Prepare
Refreshing native plugins compatible for Editor in 1.84 ms, found 4 plugins.
Preloading 0 native plugins for Editor in 0.00 ms.
Unloading 31 Unused Serialized files (Serialized files now loaded: 0)
Unloading 6711 unused Assets / (7.6 MB). Loaded Objects now: 7787.
Memory consumption went from 250.0 MB to 242.4 MB.
Total: 304.118800 ms (FindLiveObjects: 4.680600 ms CreateObjectMapping: 1.000500 ms MarkObjects: 292.327600 ms  DeleteObjects: 6.107000 ms)

Prepare: number of updated asset objects reloaded= 0
========================================================================
Received Prepare
Begin MonoManager ReloadAssembly
- Loaded All Assemblies, in  5.204 seconds
Refreshing native plugins compatible for Editor in 1.76 ms, found 4 plugins.
Native extension for iOS target not found
Native extension for Android target not found
Native extension for WindowsStandalone target not found
Native extension for WebGL target not found
Mono: successfully reloaded assembly
- Finished resetting the current domain, in  1.039 seconds
Domain Reload Profiling: 6251ms
	BeginReloadAssembly (1725ms)
		ExecutionOrderSort (2ms)
		DisableScriptedObjects (485ms)
		BackupInstance (0ms)
		ReleaseScriptingObjects (4ms)
		CreateAndSetChildDomain (630ms)
	RebuildCommonClasses (52ms)
	RebuildNativeTypeToScriptingClass (12ms)
	initialDomainReloadingComplete (50ms)
	LoadAllAssembliesAndSetupDomain (3372ms)
		LoadAssemblies (3260ms)
		RebuildTransferFunctionScriptingTraits (0ms)
		AnalyzeDomain (412ms)
			TypeCache.Refresh (75ms)
				TypeCache.ScanAssembly (1ms)
			BuildScriptInfoCaches (279ms)
			ResolveRequiredComponents (18ms)
	FinalizeReload (1040ms)
		ReleaseScriptCaches (0ms)
		RebuildScriptCaches (0ms)
		SetupLoadedEditorAssemblies (820ms)
			LogAssemblyErrors (0ms)
			InitializePlatformSupportModulesInManaged (21ms)
			SetLoadedEditorAssemblies (7ms)
			BeforeProcessingInitializeOnLoad (200ms)
			ProcessInitializeOnLoadAttributes (504ms)
			ProcessInitializeOnLoadMethodAttributes (84ms)
			AfterProcessingInitializeOnLoad (2ms)
			EditorAssembliesLoaded (1ms)
		ExecutionOrderSort2 (0ms)
		AwakeInstancesAfterBackupRestoration (24ms)
Refreshing native plugins compatible for Editor in 1.42 ms, found 4 plugins.
Preloading 0 native plugins for Editor in 0.00 ms.
Unloading 31 Unused Serialized files (Serialized files now loaded: 0)
Unloading 6722 unused Assets / (7.2 MB). Loaded Objects now: 7789.
Memory consumption went from 251.7 MB to 244.4 MB.
Total: 12.476600 ms (FindLiveObjects: 1.011700 ms CreateObjectMapping: 0.881600 ms MarkObjects: 6.109600 ms  DeleteObjects: 4.471700 ms)

Prepare: number of updated asset objects reloaded= 0
========================================================================
Received Import Request.
  Time since last request: 11856.392419 seconds.
  path: Assets/Prefabs/Player.prefab
  artifactKey: Guid(af412cc9c65c2564ba4ded3ef5b03e74) Importer(815301076,1909f56bfc062723c751e8b465ee728b)
Start importing Assets/Prefabs/Player.prefab using Guid(af412cc9c65c2564ba4ded3ef5b03e74) Importer(815301076,1909f56bfc062723c751e8b465ee728b) (PreviewImporter) -> (artifact id: 'ddd72290dd93ed3bc27e913d1a750d7a') in 1.5502235 seconds
Number of updated asset objects reloaded before import = 0Number of asset objects unloaded after import = 30

========================================================================
Received Prepare
Begin MonoManager ReloadAssembly
- Loaded All Assemblies, in  4.818 seconds
Refreshing native plugins compatible for Editor in 1.65 ms, found 4 plugins.
Native extension for iOS target not found
Native extension for Android target not found
Native extension for WindowsStandalone target not found
Native extension for WebGL target not found
Mono: successfully reloaded assembly
- Finished resetting the current domain, in  0.975 seconds
Domain Reload Profiling: 5832ms
	BeginReloadAssembly (1808ms)
		ExecutionOrderSort (1ms)
		DisableScriptedObjects (385ms)
		BackupInstance (0ms)
		ReleaseScriptingObjects (4ms)
		CreateAndSetChildDomain (518ms)
	RebuildCommonClasses (55ms)
	RebuildNativeTypeToScriptingClass (13ms)
	initialDomainReloadingComplete (47ms)
	LoadAllAssembliesAndSetupDomain (2935ms)
		LoadAssemblies (1801ms)
		RebuildTransferFunctionScriptingTraits (0ms)
		AnalyzeDomain (1302ms)
			TypeCache.Refresh (92ms)
				TypeCache.ScanAssembly (0ms)
			BuildScriptInfoCaches (1102ms)
			ResolveRequiredComponents (27ms)
	FinalizeReload (975ms)
		ReleaseScriptCaches (0ms)
		RebuildScriptCaches (0ms)
		SetupLoadedEditorAssemblies (772ms)
			LogAssemblyErrors (0ms)
			InitializePlatformSupportModulesInManaged (17ms)
			SetLoadedEditorAssemblies (7ms)
			BeforeProcessingInitializeOnLoad (195ms)
			ProcessInitializeOnLoadAttributes (473ms)
			ProcessInitializeOnLoadMethodAttributes (78ms)
			AfterProcessingInitializeOnLoad (2ms)
			EditorAssembliesLoaded (1ms)
		ExecutionOrderSort2 (0ms)
		AwakeInstancesAfterBackupRestoration (19ms)
Refreshing native plugins compatible for Editor in 1.29 ms, found 4 plugins.
Preloading 0 native plugins for Editor in 0.00 ms.
Unloading 31 Unused Serialized files (Serialized files now loaded: 0)
Unloading 6722 unused Assets / (8.2 MB). Loaded Objects now: 7814.
Memory consumption went from 167.4 MB to 159.3 MB.
Total: 13.564800 ms (FindLiveObjects: 0.719800 ms CreateObjectMapping: 0.894100 ms MarkObjects: 6.639500 ms  DeleteObjects: 5.308500 ms)

Prepare: number of updated asset objects reloaded= 0
========================================================================
Received Prepare
Begin MonoManager ReloadAssembly
- Loaded All Assemblies, in  3.792 seconds
Refreshing native plugins compatible for Editor in 1.62 ms, found 4 plugins.
Native extension for iOS target not found
Native extension for Android target not found
Native extension for WindowsStandalone target not found
Native extension for WebGL target not found
Mono: successfully reloaded assembly
- Finished resetting the current domain, in  1.299 seconds
Domain Reload Profiling: 5107ms
	BeginReloadAssembly (1933ms)
		ExecutionOrderSort (0ms)
		DisableScriptedObjects (168ms)
		BackupInstance (0ms)
		ReleaseScriptingObjects (6ms)
		CreateAndSetChildDomain (779ms)
	RebuildCommonClasses (64ms)
	RebuildNativeTypeToScriptingClass (13ms)
	initialDomainReloadingComplete (52ms)
	LoadAllAssembliesAndSetupDomain (1746ms)
		LoadAssemblies (1501ms)
		RebuildTransferFunctionScriptingTraits (0ms)
		AnalyzeDomain (626ms)
			TypeCache.Refresh (39ms)
				TypeCache.ScanAssembly (0ms)
			BuildScriptInfoCaches (505ms)
			ResolveRequiredComponents (16ms)
	FinalizeReload (1299ms)
		ReleaseScriptCaches (0ms)
		RebuildScriptCaches (0ms)
		SetupLoadedEditorAssemblies (968ms)
			LogAssemblyErrors (0ms)
			InitializePlatformSupportModulesInManaged (28ms)
			SetLoadedEditorAssemblies (8ms)
			BeforeProcessingInitializeOnLoad (298ms)
			ProcessInitializeOnLoadAttributes (551ms)
			ProcessInitializeOnLoadMethodAttributes (80ms)
			AfterProcessingInitializeOnLoad (2ms)
			EditorAssembliesLoaded (1ms)
		ExecutionOrderSort2 (0ms)
		AwakeInstancesAfterBackupRestoration (28ms)
Refreshing native plugins compatible for Editor in 1.40 ms, found 4 plugins.
Preloading 0 native plugins for Editor in 0.00 ms.
Unloading 31 Unused Serialized files (Serialized files now loaded: 0)
Unloading 6722 unused Assets / (9.3 MB). Loaded Objects now: 7816.
Memory consumption went from 169.2 MB to 159.8 MB.
Total: 12.667200 ms (FindLiveObjects: 0.736300 ms CreateObjectMapping: 0.443600 ms MarkObjects: 5.529900 ms  DeleteObjects: 5.954500 ms)

Prepare: number of updated asset objects reloaded= 0
========================================================================
Received Prepare
Refreshing native plugins compatible for Editor in 29.16 ms, found 4 plugins.
Preloading 0 native plugins for Editor in 0.00 ms.
Unloading 31 Unused Serialized files (Serialized files now loaded: 0)
Unloading 6711 unused Assets / (8.3 MB). Loaded Objects now: 7816.
Memory consumption went from 171.1 MB to 162.8 MB.
Total: 217.168700 ms (FindLiveObjects: 7.569300 ms CreateObjectMapping: 0.812000 ms MarkObjects: 201.023600 ms  DeleteObjects: 7.760100 ms)

Prepare: number of updated asset objects reloaded= 0
========================================================================
Received Prepare
Begin MonoManager ReloadAssembly
- Loaded All Assemblies, in  4.368 seconds
Refreshing native plugins compatible for Editor in 2.39 ms, found 4 plugins.
Native extension for iOS target not found
Native extension for Android target not found
Native extension for WindowsStandalone target not found
Native extension for WebGL target not found
Mono: successfully reloaded assembly
- Finished resetting the current domain, in  1.066 seconds
Domain Reload Profiling: 5439ms
	BeginReloadAssembly (1516ms)
		ExecutionOrderSort (0ms)
		DisableScriptedObjects (223ms)
		BackupInstance (0ms)
		ReleaseScriptingObjects (3ms)
		CreateAndSetChildDomain (545ms)
	RebuildCommonClasses (97ms)
	RebuildNativeTypeToScriptingClass (11ms)
	initialDomainReloadingComplete (60ms)
	LoadAllAssembliesAndSetupDomain (2688ms)
		LoadAssemblies (2699ms)
		RebuildTransferFunctionScriptingTraits (0ms)
		AnalyzeDomain (495ms)
			TypeCache.Refresh (65ms)
				TypeCache.ScanAssembly (1ms)
			BuildScriptInfoCaches (356ms)
			ResolveRequiredComponents (16ms)
	FinalizeReload (1066ms)
		ReleaseScriptCaches (0ms)
		RebuildScriptCaches (0ms)
		SetupLoadedEditorAssemblies (851ms)
			LogAssemblyErrors (0ms)
			InitializePlatformSupportModulesInManaged (21ms)
			SetLoadedEditorAssemblies (8ms)
			BeforeProcessingInitializeOnLoad (207ms)
			ProcessInitializeOnLoadAttributes (530ms)
			ProcessInitializeOnLoadMethodAttributes (82ms)
			AfterProcessingInitializeOnLoad (3ms)
			EditorAssembliesLoaded (1ms)
		ExecutionOrderSort2 (0ms)
		AwakeInstancesAfterBackupRestoration (21ms)
Refreshing native plugins compatible for Editor in 1.61 ms, found 4 plugins.
Preloading 0 native plugins for Editor in 0.00 ms.
Unloading 31 Unused Serialized files (Serialized files now loaded: 0)
Unloading 6722 unused Assets / (9.0 MB). Loaded Objects now: 7818.
Memory consumption went from 172.8 MB to 163.8 MB.
Total: 17.387200 ms (FindLiveObjects: 0.886800 ms CreateObjectMapping: 0.939600 ms MarkObjects: 7.542900 ms  DeleteObjects: 8.015300 ms)

Prepare: number of updated asset objects reloaded= 0
========================================================================
Received Prepare
Begin MonoManager ReloadAssembly
- Loaded All Assemblies, in  1.540 seconds
Refreshing native plugins compatible for Editor in 1.48 ms, found 4 plugins.
Native extension for iOS target not found
Native extension for Android target not found
Native extension for WindowsStandalone target not found
Native extension for WebGL target not found
Mono: successfully reloaded assembly
- Finished resetting the current domain, in  0.945 seconds
Domain Reload Profiling: 2507ms
	BeginReloadAssembly (270ms)
		ExecutionOrderSort (0ms)
		DisableScriptedObjects (22ms)
		BackupInstance (0ms)
		ReleaseScriptingObjects (1ms)
		CreateAndSetChildDomain (78ms)
	RebuildCommonClasses (38ms)
	RebuildNativeTypeToScriptingClass (12ms)
	initialDomainReloadingComplete (35ms)
	LoadAllAssembliesAndSetupDomain (1207ms)
		LoadAssemblies (784ms)
		RebuildTransferFunctionScriptingTraits (0ms)
		AnalyzeDomain (513ms)
			TypeCache.Refresh (18ms)
				TypeCache.ScanAssembly (0ms)
			BuildScriptInfoCaches (412ms)
			ResolveRequiredComponents (26ms)
	FinalizeReload (946ms)
		ReleaseScriptCaches (0ms)
		RebuildScriptCaches (0ms)
		SetupLoadedEditorAssemblies (766ms)
			LogAssemblyErrors (0ms)
			InitializePlatformSupportModulesInManaged (17ms)
			SetLoadedEditorAssemblies (7ms)
			BeforeProcessingInitializeOnLoad (208ms)
			ProcessInitializeOnLoadAttributes (457ms)
			ProcessInitializeOnLoadMethodAttributes (74ms)
			AfterProcessingInitializeOnLoad (2ms)
			EditorAssembliesLoaded (0ms)
		ExecutionOrderSort2 (0ms)
		AwakeInstancesAfterBackupRestoration (17ms)
Refreshing native plugins compatible for Editor in 1.43 ms, found 4 plugins.
Preloading 0 native plugins for Editor in 0.00 ms.
Unloading 31 Unused Serialized files (Serialized files now loaded: 0)
Unloading 6722 unused Assets / (9.4 MB). Loaded Objects now: 7820.
Memory consumption went from 174.7 MB to 165.3 MB.
Total: 19.195100 ms (FindLiveObjects: 1.089900 ms CreateObjectMapping: 1.004500 ms MarkObjects: 7.313300 ms  DeleteObjects: 9.784700 ms)

Prepare: number of updated asset objects reloaded= 0
========================================================================
Received Prepare
Refreshing native plugins compatible for Editor in 2.72 ms, found 4 plugins.
Preloading 0 native plugins for Editor in 0.00 ms.
Unloading 31 Unused Serialized files (Serialized files now loaded: 0)
Unloading 6711 unused Assets / (9.4 MB). Loaded Objects now: 7820.
Memory consumption went from 176.7 MB to 167.3 MB.
Total: 379.012900 ms (FindLiveObjects: 10.589400 ms CreateObjectMapping: 1.243300 ms MarkObjects: 357.054100 ms  DeleteObjects: 10.121600 ms)

Prepare: number of updated asset objects reloaded= 0
========================================================================
Received Prepare
Begin MonoManager ReloadAssembly
- Loaded All Assemblies, in  4.556 seconds
Refreshing native plugins compatible for Editor in 2.23 ms, found 4 plugins.
Native extension for iOS target not found
Native extension for Android target not found
Native extension for WindowsStandalone target not found
Native extension for WebGL target not found
Mono: successfully reloaded assembly
- Finished resetting the current domain, in  1.155 seconds
Domain Reload Profiling: 5715ms
	BeginReloadAssembly (2267ms)
		ExecutionOrderSort (0ms)
		DisableScriptedObjects (193ms)
		BackupInstance (0ms)
		ReleaseScriptingObjects (22ms)
		CreateAndSetChildDomain (636ms)
	RebuildCommonClasses (60ms)
	RebuildNativeTypeToScriptingClass (12ms)
	initialDomainReloadingComplete (50ms)
	LoadAllAssembliesAndSetupDomain (2171ms)
		LoadAssemblies (2335ms)
		RebuildTransferFunctionScriptingTraits (0ms)
		AnalyzeDomain (372ms)
			TypeCache.Refresh (47ms)
				TypeCache.ScanAssembly (1ms)
			BuildScriptInfoCaches (271ms)
			ResolveRequiredComponents (15ms)
	FinalizeReload (1156ms)
		ReleaseScriptCaches (0ms)
		RebuildScriptCaches (0ms)
		SetupLoadedEditorAssemblies (950ms)
			LogAssemblyErrors (0ms)
			InitializePlatformSupportModulesInManaged (17ms)
			SetLoadedEditorAssemblies (7ms)
			BeforeProcessingInitializeOnLoad (207ms)
			ProcessInitializeOnLoadAttributes (642ms)
			ProcessInitializeOnLoadMethodAttributes (73ms)
			AfterProcessingInitializeOnLoad (2ms)
			EditorAssembliesLoaded (1ms)
		ExecutionOrderSort2 (0ms)
		AwakeInstancesAfterBackupRestoration (18ms)
Refreshing native plugins compatible for Editor in 1.66 ms, found 4 plugins.
Preloading 0 native plugins for Editor in 0.00 ms.
Unloading 31 Unused Serialized files (Serialized files now loaded: 0)
Unloading 6722 unused Assets / (7.7 MB). Loaded Objects now: 7822.
Memory consumption went from 178.4 MB to 170.7 MB.
Total: 14.733800 ms (FindLiveObjects: 0.993500 ms CreateObjectMapping: 0.972800 ms MarkObjects: 6.982900 ms  DeleteObjects: 5.782100 ms)

Prepare: number of updated asset objects reloaded= 0
========================================================================
Received Prepare
Begin MonoManager ReloadAssembly
- Loaded All Assemblies, in  2.355 seconds
Refreshing native plugins compatible for Editor in 1.25 ms, found 4 plugins.
Native extension for iOS target not found
Native extension for Android target not found
Native extension for WindowsStandalone target not found
Native extension for WebGL target not found
Mono: successfully reloaded assembly
- Finished resetting the current domain, in  1.090 seconds
Domain Reload Profiling: 3453ms
	BeginReloadAssembly (801ms)
		ExecutionOrderSort (0ms)
		DisableScriptedObjects (82ms)
		BackupInstance (0ms)
		ReleaseScriptingObjects (3ms)
		CreateAndSetChildDomain (202ms)
	RebuildCommonClasses (79ms)
	RebuildNativeTypeToScriptingClass (14ms)
	initialDomainReloadingComplete (62ms)
	LoadAllAssembliesAndSetupDomain (1405ms)
		LoadAssemblies (1239ms)
		RebuildTransferFunctionScriptingTraits (0ms)
		AnalyzeDomain (544ms)
			TypeCache.Refresh (29ms)
				TypeCache.ScanAssembly (0ms)
			BuildScriptInfoCaches (388ms)
			ResolveRequiredComponents (21ms)
	FinalizeReload (1091ms)
		ReleaseScriptCaches (0ms)
		RebuildScriptCaches (0ms)
		SetupLoadedEditorAssemblies (898ms)
			LogAssemblyErrors (0ms)
			InitializePlatformSupportModulesInManaged (17ms)
			SetLoadedEditorAssemblies (7ms)
			BeforeProcessingInitializeOnLoad (230ms)
			ProcessInitializeOnLoadAttributes (522ms)
			ProcessInitializeOnLoadMethodAttributes (118ms)
			AfterProcessingInitializeOnLoad (3ms)
			EditorAssembliesLoaded (1ms)
		ExecutionOrderSort2 (0ms)
		AwakeInstancesAfterBackupRestoration (22ms)
Refreshing native plugins compatible for Editor in 1.51 ms, found 4 plugins.
Preloading 0 native plugins for Editor in 0.00 ms.
Unloading 31 Unused Serialized files (Serialized files now loaded: 0)
Unloading 6722 unused Assets / (8.2 MB). Loaded Objects now: 7824.
Memory consumption went from 180.3 MB to 172.1 MB.
Total: 16.383200 ms (FindLiveObjects: 1.284500 ms CreateObjectMapping: 1.138000 ms MarkObjects: 8.380600 ms  DeleteObjects: 5.577400 ms)

Prepare: number of updated asset objects reloaded= 0
========================================================================
Received Prepare
Refreshing native plugins compatible for Editor in 3.24 ms, found 4 plugins.
Preloading 0 native plugins for Editor in 0.00 ms.
Unloading 31 Unused Serialized files (Serialized files now loaded: 0)
Unloading 6711 unused Assets / (9.7 MB). Loaded Objects now: 7824.
Memory consumption went from 182.3 MB to 172.5 MB.
Total: 276.648300 ms (FindLiveObjects: 6.451700 ms CreateObjectMapping: 1.330000 ms MarkObjects: 259.286600 ms  DeleteObjects: 9.576000 ms)

Prepare: number of updated asset objects reloaded= 0
========================================================================
Received Prepare
Begin MonoManager ReloadAssembly
- Loaded All Assemblies, in  4.420 seconds
Refreshing native plugins compatible for Editor in 1.29 ms, found 4 plugins.
Native extension for iOS target not found
Native extension for Android target not found
Native extension for WindowsStandalone target not found
Native extension for WebGL target not found
Mono: successfully reloaded assembly
- Finished resetting the current domain, in  1.793 seconds
Domain Reload Profiling: 6219ms
	BeginReloadAssembly (2183ms)
		ExecutionOrderSort (0ms)
		DisableScriptedObjects (201ms)
		BackupInstance (0ms)
		ReleaseScriptingObjects (10ms)
		CreateAndSetChildDomain (1444ms)
	RebuildCommonClasses (57ms)
	RebuildNativeTypeToScriptingClass (13ms)
	initialDomainReloadingComplete (53ms)
	LoadAllAssembliesAndSetupDomain (2120ms)
		LoadAssemblies (1987ms)
		RebuildTransferFunctionScriptingTraits (0ms)
		AnalyzeDomain (424ms)
			TypeCache.Refresh (50ms)
				TypeCache.ScanAssembly (1ms)
			BuildScriptInfoCaches (308ms)
			ResolveRequiredComponents (18ms)
	FinalizeReload (1793ms)
		ReleaseScriptCaches (0ms)
		RebuildScriptCaches (0ms)
		SetupLoadedEditorAssemblies (1475ms)
			LogAssemblyErrors (0ms)
			InitializePlatformSupportModulesInManaged (64ms)
			SetLoadedEditorAssemblies (22ms)
			BeforeProcessingInitializeOnLoad (517ms)
			ProcessInitializeOnLoadAttributes (788ms)
			ProcessInitializeOnLoadMethodAttributes (81ms)
			AfterProcessingInitializeOnLoad (2ms)
			EditorAssembliesLoaded (1ms)
		ExecutionOrderSort2 (0ms)
		AwakeInstancesAfterBackupRestoration (20ms)
Refreshing native plugins compatible for Editor in 1.56 ms, found 4 plugins.
Preloading 0 native plugins for Editor in 0.00 ms.
Unloading 31 Unused Serialized files (Serialized files now loaded: 0)
Unloading 6722 unused Assets / (9.1 MB). Loaded Objects now: 7826.
Memory consumption went from 184.0 MB to 174.9 MB.
Total: 16.939100 ms (FindLiveObjects: 0.956700 ms CreateObjectMapping: 0.963100 ms MarkObjects: 7.513200 ms  DeleteObjects: 7.503100 ms)

Prepare: number of updated asset objects reloaded= 0
========================================================================
Received Prepare
Begin MonoManager ReloadAssembly
- Loaded All Assemblies, in  1.278 seconds
Refreshing native plugins compatible for Editor in 1.68 ms, found 4 plugins.
Native extension for iOS target not found
Native extension for Android target not found
Native extension for WindowsStandalone target not found
Native extension for WebGL target not found
Mono: successfully reloaded assembly
- Finished resetting the current domain, in  0.996 seconds
Domain Reload Profiling: 2281ms
	BeginReloadAssembly (389ms)
		ExecutionOrderSort (0ms)
		DisableScriptedObjects (34ms)
		BackupInstance (0ms)
		ReleaseScriptingObjects (1ms)
		CreateAndSetChildDomain (109ms)
	RebuildCommonClasses (43ms)
	RebuildNativeTypeToScriptingClass (12ms)
	initialDomainReloadingComplete (39ms)
	LoadAllAssembliesAndSetupDomain (801ms)
		LoadAssemblies (659ms)
		RebuildTransferFunctionScriptingTraits (0ms)
		AnalyzeDomain (313ms)
			TypeCache.Refresh (33ms)
				TypeCache.ScanAssembly (0ms)
			BuildScriptInfoCaches (214ms)
			ResolveRequiredComponents (15ms)
	FinalizeReload (996ms)
		ReleaseScriptCaches (0ms)
		RebuildScriptCaches (0ms)
		SetupLoadedEditorAssemblies (780ms)
			LogAssemblyErrors (0ms)
			InitializePlatformSupportModulesInManaged (17ms)
			SetLoadedEditorAssemblies (7ms)
			BeforeProcessingInitializeOnLoad (226ms)
			ProcessInitializeOnLoadAttributes (457ms)
			ProcessInitializeOnLoadMethodAttributes (70ms)
			AfterProcessingInitializeOnLoad (2ms)
			EditorAssembliesLoaded (1ms)
		ExecutionOrderSort2 (0ms)
		AwakeInstancesAfterBackupRestoration (17ms)
Refreshing native plugins compatible for Editor in 1.96 ms, found 4 plugins.
Preloading 0 native plugins for Editor in 0.00 ms.
Unloading 31 Unused Serialized files (Serialized files now loaded: 0)
Unloading 6722 unused Assets / (8.1 MB). Loaded Objects now: 7828.
Memory consumption went from 185.8 MB to 177.7 MB.
Total: 22.191900 ms (FindLiveObjects: 1.214100 ms CreateObjectMapping: 1.262200 ms MarkObjects: 10.487500 ms  DeleteObjects: 9.224900 ms)

Prepare: number of updated asset objects reloaded= 0
========================================================================
Received Prepare
Begin MonoManager ReloadAssembly
- Loaded All Assemblies, in  6.671 seconds
Refreshing native plugins compatible for Editor in 1.84 ms, found 4 plugins.
Native extension for iOS target not found
Native extension for Android target not found
Native extension for WindowsStandalone target not found
Native extension for WebGL target not found
Mono: successfully reloaded assembly
- Finished resetting the current domain, in  1.223 seconds
Domain Reload Profiling: 7903ms
	BeginReloadAssembly (2972ms)
		ExecutionOrderSort (0ms)
		DisableScriptedObjects (641ms)
		BackupInstance (0ms)
		ReleaseScriptingObjects (4ms)
		CreateAndSetChildDomain (1313ms)
	RebuildCommonClasses (84ms)
	RebuildNativeTypeToScriptingClass (14ms)
	initialDomainReloadingComplete (72ms)
	LoadAllAssembliesAndSetupDomain (3537ms)
		LoadAssemblies (3536ms)
		RebuildTransferFunctionScriptingTraits (0ms)
		AnalyzeDomain (551ms)
			TypeCache.Refresh (39ms)
				TypeCache.ScanAssembly (0ms)
			BuildScriptInfoCaches (441ms)
			ResolveRequiredComponents (22ms)
	FinalizeReload (1224ms)
		ReleaseScriptCaches (0ms)
		RebuildScriptCaches (0ms)
		SetupLoadedEditorAssemblies (944ms)
			LogAssemblyErrors (0ms)
			InitializePlatformSupportModulesInManaged (24ms)
			SetLoadedEditorAssemblies (10ms)
			BeforeProcessingInitializeOnLoad (233ms)
			ProcessInitializeOnLoadAttributes (569ms)
			ProcessInitializeOnLoadMethodAttributes (104ms)
			AfterProcessingInitializeOnLoad (4ms)
			EditorAssembliesLoaded (1ms)
		ExecutionOrderSort2 (0ms)
		AwakeInstancesAfterBackupRestoration (31ms)
Refreshing native plugins compatible for Editor in 2.16 ms, found 4 plugins.
Preloading 0 native plugins for Editor in 0.00 ms.
Unloading 31 Unused Serialized files (Serialized files now loaded: 0)
Unloading 6722 unused Assets / (9.2 MB). Loaded Objects now: 7830.
Memory consumption went from 187.8 MB to 178.6 MB.
Total: 20.975100 ms (FindLiveObjects: 1.147200 ms CreateObjectMapping: 1.627500 ms MarkObjects: 8.285700 ms  DeleteObjects: 9.911000 ms)

Prepare: number of updated asset objects reloaded= 0
========================================================================
Received Prepare
Begin MonoManager ReloadAssembly
- Loaded All Assemblies, in  7.062 seconds
Refreshing native plugins compatible for Editor in 1.84 ms, found 4 plugins.
Native extension for iOS target not found
Native extension for Android target not found
Native extension for WindowsStandalone target not found
Native extension for WebGL target not found
Mono: successfully reloaded assembly
- Finished resetting the current domain, in  1.242 seconds
Domain Reload Profiling: 8311ms
	BeginReloadAssembly (3401ms)
		ExecutionOrderSort (3ms)
		DisableScriptedObjects (938ms)
		BackupInstance (0ms)
		ReleaseScriptingObjects (7ms)
		CreateAndSetChildDomain (1393ms)
	RebuildCommonClasses (76ms)
	RebuildNativeTypeToScriptingClass (13ms)
	initialDomainReloadingComplete (80ms)
	LoadAllAssembliesAndSetupDomain (3498ms)
		LoadAssemblies (3438ms)
		RebuildTransferFunctionScriptingTraits (0ms)
		AnalyzeDomain (437ms)
			TypeCache.Refresh (31ms)
				TypeCache.ScanAssembly (0ms)
			BuildScriptInfoCaches (350ms)
			ResolveRequiredComponents (16ms)
	FinalizeReload (1242ms)
		ReleaseScriptCaches (0ms)
		RebuildScriptCaches (0ms)
		SetupLoadedEditorAssemblies (997ms)
			LogAssemblyErrors (0ms)
			InitializePlatformSupportModulesInManaged (26ms)
			SetLoadedEditorAssemblies (9ms)
			BeforeProcessingInitializeOnLoad (258ms)
			ProcessInitializeOnLoadAttributes (571ms)
			ProcessInitializeOnLoadMethodAttributes (129ms)
			AfterProcessingInitializeOnLoad (3ms)
			EditorAssembliesLoaded (1ms)
		ExecutionOrderSort2 (0ms)
		AwakeInstancesAfterBackupRestoration (28ms)
Refreshing native plugins compatible for Editor in 1.61 ms, found 4 plugins.
Preloading 0 native plugins for Editor in 0.00 ms.
Unloading 31 Unused Serialized files (Serialized files now loaded: 0)
Unloading 6722 unused Assets / (9.0 MB). Loaded Objects now: 7832.
Memory consumption went from 189.6 MB to 180.5 MB.
Total: 20.322000 ms (FindLiveObjects: 1.169000 ms CreateObjectMapping: 1.227800 ms MarkObjects: 8.500400 ms  DeleteObjects: 9.421700 ms)

Prepare: number of updated asset objects reloaded= 0
========================================================================
Received Prepare
Refreshing native plugins compatible for Editor in 1.93 ms, found 4 plugins.
Preloading 0 native plugins for Editor in 0.00 ms.
Unloading 31 Unused Serialized files (Serialized files now loaded: 0)
Unloading 6711 unused Assets / (9.0 MB). Loaded Objects now: 7832.
Memory consumption went from 191.6 MB to 182.6 MB.
Total: 397.721100 ms (FindLiveObjects: 12.945000 ms CreateObjectMapping: 1.251700 ms MarkObjects: 368.574500 ms  DeleteObjects: 14.945900 ms)

Prepare: number of updated asset objects reloaded= 0
========================================================================
Received Prepare
Begin MonoManager ReloadAssembly
- Loaded All Assemblies, in  3.788 seconds
Refreshing native plugins compatible for Editor in 1.55 ms, found 4 plugins.
Native extension for iOS target not found
Native extension for Android target not found
Native extension for WindowsStandalone target not found
Native extension for WebGL target not found
Mono: successfully reloaded assembly
- Finished resetting the current domain, in  1.087 seconds
Domain Reload Profiling: 4882ms
	BeginReloadAssembly (1990ms)
		ExecutionOrderSort (0ms)
		DisableScriptedObjects (393ms)
		BackupInstance (0ms)
		ReleaseScriptingObjects (4ms)
		CreateAndSetChildDomain (671ms)
	RebuildCommonClasses (58ms)
	RebuildNativeTypeToScriptingClass (13ms)
	initialDomainReloadingComplete (49ms)
	LoadAllAssembliesAndSetupDomain (1685ms)
		LoadAssemblies (1739ms)
		RebuildTransferFunctionScriptingTraits (0ms)
		AnalyzeDomain (534ms)
			TypeCache.Refresh (47ms)
				TypeCache.ScanAssembly (1ms)
			BuildScriptInfoCaches (420ms)
			ResolveRequiredComponents (22ms)
	FinalizeReload (1088ms)
		ReleaseScriptCaches (0ms)
		RebuildScriptCaches (0ms)
		SetupLoadedEditorAssemblies (877ms)
			LogAssemblyErrors (0ms)
			InitializePlatformSupportModulesInManaged (18ms)
			SetLoadedEditorAssemblies (7ms)
			BeforeProcessingInitializeOnLoad (240ms)
			ProcessInitializeOnLoadAttributes (516ms)
			ProcessInitializeOnLoadMethodAttributes (92ms)
			AfterProcessingInitializeOnLoad (2ms)
			EditorAssembliesLoaded (1ms)
		ExecutionOrderSort2 (0ms)
		AwakeInstancesAfterBackupRestoration (23ms)
Refreshing native plugins compatible for Editor in 1.49 ms, found 4 plugins.
Preloading 0 native plugins for Editor in 0.00 ms.
Unloading 31 Unused Serialized files (Serialized files now loaded: 0)
Unloading 6722 unused Assets / (9.1 MB). Loaded Objects now: 7834.
Memory consumption went from 193.3 MB to 184.2 MB.
Total: 20.828900 ms (FindLiveObjects: 0.973900 ms CreateObjectMapping: 0.990000 ms MarkObjects: 8.405100 ms  DeleteObjects: 10.457800 ms)

Prepare: number of updated asset objects reloaded= 0
========================================================================
Received Prepare
Begin MonoManager ReloadAssembly
- Loaded All Assemblies, in  1.242 seconds
Refreshing native plugins compatible for Editor in 1.22 ms, found 4 plugins.
Native extension for iOS target not found
Native extension for Android target not found
Native extension for WindowsStandalone target not found
Native extension for WebGL target not found
Mono: successfully reloaded assembly
- Finished resetting the current domain, in  1.170 seconds
Domain Reload Profiling: 2416ms
	BeginReloadAssembly (381ms)
		ExecutionOrderSort (0ms)
		DisableScriptedObjects (37ms)
		BackupInstance (0ms)
		ReleaseScriptingObjects (1ms)
		CreateAndSetChildDomain (117ms)
	RebuildCommonClasses (41ms)
	RebuildNativeTypeToScriptingClass (13ms)
	initialDomainReloadingComplete (34ms)
	LoadAllAssembliesAndSetupDomain (776ms)
		LoadAssemblies (608ms)
		RebuildTransferFunctionScriptingTraits (0ms)
		AnalyzeDomain (299ms)
			TypeCache.Refresh (26ms)
				TypeCache.ScanAssembly (0ms)
			BuildScriptInfoCaches (213ms)
			ResolveRequiredComponents (13ms)
	FinalizeReload (1170ms)
		ReleaseScriptCaches (0ms)
		RebuildScriptCaches (0ms)
		SetupLoadedEditorAssemblies (948ms)
			LogAssemblyErrors (0ms)
			InitializePlatformSupportModulesInManaged (22ms)
			SetLoadedEditorAssemblies (7ms)
			BeforeProcessingInitializeOnLoad (306ms)
			ProcessInitializeOnLoadAttributes (534ms)
			ProcessInitializeOnLoadMethodAttributes (76ms)
			AfterProcessingInitializeOnLoad (2ms)
			EditorAssembliesLoaded (1ms)
		ExecutionOrderSort2 (0ms)
		AwakeInstancesAfterBackupRestoration (18ms)
Refreshing native plugins compatible for Editor in 1.31 ms, found 4 plugins.
Preloading 0 native plugins for Editor in 0.00 ms.
Unloading 31 Unused Serialized files (Serialized files now loaded: 0)
Unloading 6722 unused Assets / (8.2 MB). Loaded Objects now: 7836.
Memory consumption went from 195.2 MB to 187.0 MB.
Total: 14.077000 ms (FindLiveObjects: 0.943400 ms CreateObjectMapping: 0.600800 ms MarkObjects: 5.827000 ms  DeleteObjects: 6.703600 ms)

Prepare: number of updated asset objects reloaded= 0
========================================================================
Received Prepare
Refreshing native plugins compatible for Editor in 7.73 ms, found 4 plugins.
Preloading 0 native plugins for Editor in 0.00 ms.
Unloading 31 Unused Serialized files (Serialized files now loaded: 0)
Unloading 6711 unused Assets / (9.0 MB). Loaded Objects now: 7836.
Memory consumption went from 197.2 MB to 188.2 MB.
Total: 842.119100 ms (FindLiveObjects: 26.933900 ms CreateObjectMapping: 1.112500 ms MarkObjects: 802.502400 ms  DeleteObjects: 11.567000 ms)

Prepare: number of updated asset objects reloaded= 0
========================================================================
Received Prepare
Begin MonoManager ReloadAssembly
- Loaded All Assemblies, in  5.725 seconds
Refreshing native plugins compatible for Editor in 1.37 ms, found 4 plugins.
Native extension for iOS target not found
Native extension for Android target not found
Native extension for WindowsStandalone target not found
Native extension for WebGL target not found
Mono: successfully reloaded assembly
- Finished resetting the current domain, in  1.975 seconds
Domain Reload Profiling: 7705ms
	BeginReloadAssembly (2312ms)
		ExecutionOrderSort (1ms)
		DisableScriptedObjects (235ms)
		BackupInstance (0ms)
		ReleaseScriptingObjects (6ms)
		CreateAndSetChildDomain (1272ms)
	RebuildCommonClasses (80ms)
	RebuildNativeTypeToScriptingClass (16ms)
	initialDomainReloadingComplete (73ms)
	LoadAllAssembliesAndSetupDomain (3248ms)
		LoadAssemblies (3283ms)
		RebuildTransferFunctionScriptingTraits (0ms)
		AnalyzeDomain (449ms)
			TypeCache.Refresh (54ms)
				TypeCache.ScanAssembly (1ms)
			BuildScriptInfoCaches (337ms)
			ResolveRequiredComponents (15ms)
	FinalizeReload (1976ms)
		ReleaseScriptCaches (0ms)
		RebuildScriptCaches (0ms)
		SetupLoadedEditorAssemblies (1724ms)
			LogAssemblyErrors (0ms)
			InitializePlatformSupportModulesInManaged (24ms)
			SetLoadedEditorAssemblies (8ms)
			BeforeProcessingInitializeOnLoad (226ms)
			ProcessInitializeOnLoadAttributes (1165ms)
			ProcessInitializeOnLoadMethodAttributes (296ms)
			AfterProcessingInitializeOnLoad (4ms)
			EditorAssembliesLoaded (2ms)
		ExecutionOrderSort2 (0ms)
		AwakeInstancesAfterBackupRestoration (26ms)
Refreshing native plugins compatible for Editor in 2.89 ms, found 4 plugins.
Preloading 0 native plugins for Editor in 0.00 ms.
Unloading 31 Unused Serialized files (Serialized files now loaded: 0)
Unloading 6722 unused Assets / (8.1 MB). Loaded Objects now: 7838.
Memory consumption went from 193.4 MB to 185.3 MB.
Total: 14.910900 ms (FindLiveObjects: 1.443200 ms CreateObjectMapping: 0.923000 ms MarkObjects: 6.407700 ms  DeleteObjects: 6.134900 ms)

Prepare: number of updated asset objects reloaded= 0
========================================================================
Received Prepare
Refreshing native plugins compatible for Editor in 1.80 ms, found 4 plugins.
Preloading 0 native plugins for Editor in 0.00 ms.
Unloading 31 Unused Serialized files (Serialized files now loaded: 0)
Unloading 6711 unused Assets / (8.0 MB). Loaded Objects now: 7838.
Memory consumption went from 195.4 MB to 187.4 MB.
Total: 166.773700 ms (FindLiveObjects: 3.487200 ms CreateObjectMapping: 1.055900 ms MarkObjects: 154.884500 ms  DeleteObjects: 7.343300 ms)

Prepare: number of updated asset objects reloaded= 0
========================================================================
Received Import Request.
  Time since last request: 2337.712058 seconds.
  path: Assets/Prefabs/MiniBoss.prefab
  artifactKey: Guid(1e1412dfb7aa15044a1f108a0b2667a8) Importer(815301076,1909f56bfc062723c751e8b465ee728b)
Start importing Assets/Prefabs/MiniBoss.prefab using Guid(1e1412dfb7aa15044a1f108a0b2667a8) Importer(815301076,1909f56bfc062723c751e8b465ee728b) (PreviewImporter) -> (artifact id: '77402e4af0eccd5e8ebd81eb0b29f374') in 2.9449051 seconds
Number of updated asset objects reloaded before import = 0Number of asset objects unloaded after import = 112

========================================================================
Received Prepare
Begin MonoManager ReloadAssembly
- Loaded All Assemblies, in  2.944 seconds
Refreshing native plugins compatible for Editor in 1.30 ms, found 4 plugins.
Native extension for iOS target not found
Native extension for Android target not found
Native extension for WindowsStandalone target not found
Native extension for WebGL target not found
Mono: successfully reloaded assembly
- Finished resetting the current domain, in  1.308 seconds
Domain Reload Profiling: 4261ms
	BeginReloadAssembly (824ms)
		ExecutionOrderSort (0ms)
		DisableScriptedObjects (64ms)
		BackupInstance (0ms)
		ReleaseScriptingObjects (2ms)
		CreateAndSetChildDomain (323ms)
	RebuildCommonClasses (80ms)
	RebuildNativeTypeToScriptingClass (12ms)
	initialDomainReloadingComplete (44ms)
	LoadAllAssembliesAndSetupDomain (1991ms)
		LoadAssemblies (1841ms)
		RebuildTransferFunctionScriptingTraits (0ms)
		AnalyzeDomain (492ms)
			TypeCache.Refresh (64ms)
				TypeCache.ScanAssembly (1ms)
			BuildScriptInfoCaches (363ms)
			ResolveRequiredComponents (19ms)
	FinalizeReload (1310ms)
		ReleaseScriptCaches (0ms)
		RebuildScriptCaches (0ms)
		SetupLoadedEditorAssemblies (965ms)
			LogAssemblyErrors (0ms)
			InitializePlatformSupportModulesInManaged (20ms)
			SetLoadedEditorAssemblies (9ms)
			BeforeProcessingInitializeOnLoad (221ms)
			ProcessInitializeOnLoadAttributes (564ms)
			ProcessInitializeOnLoadMethodAttributes (131ms)
			AfterProcessingInitializeOnLoad (10ms)
			EditorAssembliesLoaded (10ms)
		ExecutionOrderSort2 (0ms)
		AwakeInstancesAfterBackupRestoration (72ms)
Refreshing native plugins compatible for Editor in 1.28 ms, found 4 plugins.
Preloading 0 native plugins for Editor in 0.00 ms.
Unloading 31 Unused Serialized files (Serialized files now loaded: 0)
Unloading 6728 unused Assets / (8.9 MB). Loaded Objects now: 7862.
Memory consumption went from 169.6 MB to 160.7 MB.
Total: 14.323900 ms (FindLiveObjects: 0.855600 ms CreateObjectMapping: 0.936000 ms MarkObjects: 6.423500 ms  DeleteObjects: 6.106400 ms)

Prepare: number of updated asset objects reloaded= 0
========================================================================
Received Prepare
Begin MonoManager ReloadAssembly
- Loaded All Assemblies, in  1.067 seconds
Refreshing native plugins compatible for Editor in 1.49 ms, found 4 plugins.
Native extension for iOS target not found
Native extension for Android target not found
Native extension for WindowsStandalone target not found
Native extension for WebGL target not found
Mono: successfully reloaded assembly
- Finished resetting the current domain, in  1.029 seconds
Domain Reload Profiling: 2101ms
	BeginReloadAssembly (263ms)
		ExecutionOrderSort (0ms)
		DisableScriptedObjects (20ms)
		BackupInstance (0ms)
		ReleaseScriptingObjects (0ms)
		CreateAndSetChildDomain (73ms)
	RebuildCommonClasses (39ms)
	RebuildNativeTypeToScriptingClass (17ms)
	initialDomainReloadingComplete (33ms)
	LoadAllAssembliesAndSetupDomain (720ms)
		LoadAssemblies (477ms)
		RebuildTransferFunctionScriptingTraits (0ms)
		AnalyzeDomain (348ms)
			TypeCache.Refresh (15ms)
				TypeCache.ScanAssembly (0ms)
			BuildScriptInfoCaches (304ms)
			ResolveRequiredComponents (14ms)
	FinalizeReload (1029ms)
		ReleaseScriptCaches (0ms)
		RebuildScriptCaches (0ms)
		SetupLoadedEditorAssemblies (835ms)
			LogAssemblyErrors (0ms)
			InitializePlatformSupportModulesInManaged (20ms)
			SetLoadedEditorAssemblies (8ms)
			BeforeProcessingInitializeOnLoad (232ms)
			ProcessInitializeOnLoadAttributes (498ms)
			ProcessInitializeOnLoadMethodAttributes (75ms)
			AfterProcessingInitializeOnLoad (2ms)
			EditorAssembliesLoaded (1ms)
		ExecutionOrderSort2 (0ms)
		AwakeInstancesAfterBackupRestoration (20ms)
Refreshing native plugins compatible for Editor in 1.52 ms, found 4 plugins.
Preloading 0 native plugins for Editor in 0.00 ms.
Unloading 31 Unused Serialized files (Serialized files now loaded: 0)
Unloading 6722 unused Assets / (8.3 MB). Loaded Objects now: 7864.
Memory consumption went from 171.1 MB to 162.9 MB.
Total: 14.294300 ms (FindLiveObjects: 0.979900 ms CreateObjectMapping: 0.863200 ms MarkObjects: 6.950600 ms  DeleteObjects: 5.498100 ms)

Prepare: number of updated asset objects reloaded= 0
========================================================================
Received Prepare
Begin MonoManager ReloadAssembly
- Loaded All Assemblies, in  0.854 seconds
Refreshing native plugins compatible for Editor in 1.38 ms, found 4 plugins.
Native extension for iOS target not found
Native extension for Android target not found
Native extension for WindowsStandalone target not found
Native extension for WebGL target not found
Mono: successfully reloaded assembly
- Finished resetting the current domain, in  1.006 seconds
Domain Reload Profiling: 1863ms
	BeginReloadAssembly (231ms)
		ExecutionOrderSort (0ms)
		DisableScriptedObjects (20ms)
		BackupInstance (0ms)
		ReleaseScriptingObjects (1ms)
		CreateAndSetChildDomain (58ms)
	RebuildCommonClasses (36ms)
	RebuildNativeTypeToScriptingClass (12ms)
	initialDomainReloadingComplete (26ms)
	LoadAllAssembliesAndSetupDomain (552ms)
		LoadAssemblies (398ms)
		RebuildTransferFunctionScriptingTraits (0ms)
		AnalyzeDomain (248ms)
			TypeCache.Refresh (11ms)
				TypeCache.ScanAssembly (0ms)
			BuildScriptInfoCaches (205ms)
			ResolveRequiredComponents (15ms)
	FinalizeReload (1007ms)
		ReleaseScriptCaches (0ms)
		RebuildScriptCaches (0ms)
		SetupLoadedEditorAssemblies (815ms)
			LogAssemblyErrors (0ms)
			InitializePlatformSupportModulesInManaged (20ms)
			SetLoadedEditorAssemblies (8ms)
			BeforeProcessingInitializeOnLoad (229ms)
			ProcessInitializeOnLoadAttributes (477ms)
			ProcessInitializeOnLoadMethodAttributes (79ms)
			AfterProcessingInitializeOnLoad (2ms)
			EditorAssembliesLoaded (0ms)
		ExecutionOrderSort2 (0ms)
		AwakeInstancesAfterBackupRestoration (20ms)
Refreshing native plugins compatible for Editor in 1.68 ms, found 4 plugins.
Preloading 0 native plugins for Editor in 0.00 ms.
Unloading 31 Unused Serialized files (Serialized files now loaded: 0)
Unloading 6722 unused Assets / (9.4 MB). Loaded Objects now: 7866.
Memory consumption went from 173.1 MB to 163.7 MB.
Total: 21.198600 ms (FindLiveObjects: 1.245000 ms CreateObjectMapping: 1.604000 ms MarkObjects: 8.826800 ms  DeleteObjects: 9.519400 ms)

Prepare: number of updated asset objects reloaded= 0
========================================================================
Received Prepare
Begin MonoManager ReloadAssembly
- Loaded All Assemblies, in  2.991 seconds
Refreshing native plugins compatible for Editor in 1.33 ms, found 4 plugins.
Native extension for iOS target not found
Native extension for Android target not found
Native extension for WindowsStandalone target not found
Native extension for WebGL target not found
Mono: successfully reloaded assembly
- Finished resetting the current domain, in  1.004 seconds
Domain Reload Profiling: 4013ms
	BeginReloadAssembly (801ms)
		ExecutionOrderSort (0ms)
		DisableScriptedObjects (104ms)
		BackupInstance (0ms)
		ReleaseScriptingObjects (3ms)
		CreateAndSetChildDomain (289ms)
	RebuildCommonClasses (51ms)
	RebuildNativeTypeToScriptingClass (15ms)
	initialDomainReloadingComplete (49ms)
	LoadAllAssembliesAndSetupDomain (2091ms)
		LoadAssemblies (1574ms)
		RebuildTransferFunctionScriptingTraits (0ms)
		AnalyzeDomain (739ms)
			TypeCache.Refresh (142ms)
				TypeCache.ScanAssembly (0ms)
			BuildScriptInfoCaches (532ms)
			ResolveRequiredComponents (17ms)
	FinalizeReload (1005ms)
		ReleaseScriptCaches (0ms)
		RebuildScriptCaches (0ms)
		SetupLoadedEditorAssemblies (804ms)
			LogAssemblyErrors (0ms)
			InitializePlatformSupportModulesInManaged (18ms)
			SetLoadedEditorAssemblies (8ms)
			BeforeProcessingInitializeOnLoad (218ms)
			ProcessInitializeOnLoadAttributes (467ms)
			ProcessInitializeOnLoadMethodAttributes (89ms)
			AfterProcessingInitializeOnLoad (3ms)
			EditorAssembliesLoaded (1ms)
		ExecutionOrderSort2 (0ms)
		AwakeInstancesAfterBackupRestoration (22ms)
Refreshing native plugins compatible for Editor in 2.54 ms, found 4 plugins.
Preloading 0 native plugins for Editor in 0.00 ms.
Unloading 31 Unused Serialized files (Serialized files now loaded: 0)
Unloading 6722 unused Assets / (8.7 MB). Loaded Objects now: 7868.
Memory consumption went from 175.0 MB to 166.3 MB.
Total: 22.685600 ms (FindLiveObjects: 1.786200 ms CreateObjectMapping: 0.533100 ms MarkObjects: 10.956300 ms  DeleteObjects: 9.406700 ms)

Prepare: number of updated asset objects reloaded= 0
========================================================================
Received Prepare
Begin MonoManager ReloadAssembly
- Loaded All Assemblies, in  4.704 seconds
Refreshing native plugins compatible for Editor in 1.86 ms, found 4 plugins.
Native extension for iOS target not found
Native extension for Android target not found
Native extension for WindowsStandalone target not found
Native extension for WebGL target not found
Mono: successfully reloaded assembly
- Finished resetting the current domain, in  1.314 seconds
Domain Reload Profiling: 6031ms
	BeginReloadAssembly (2461ms)
		ExecutionOrderSort (1ms)
		DisableScriptedObjects (390ms)
		BackupInstance (0ms)
		ReleaseScriptingObjects (12ms)
		CreateAndSetChildDomain (1073ms)
	RebuildCommonClasses (87ms)
	RebuildNativeTypeToScriptingClass (13ms)
	initialDomainReloadingComplete (75ms)
	LoadAllAssembliesAndSetupDomain (2080ms)
		LoadAssemblies (1887ms)
		RebuildTransferFunctionScriptingTraits (0ms)
		AnalyzeDomain (469ms)
			TypeCache.Refresh (37ms)
				TypeCache.ScanAssembly (0ms)
			BuildScriptInfoCaches (373ms)
			ResolveRequiredComponents (17ms)
	FinalizeReload (1315ms)
		ReleaseScriptCaches (0ms)
		RebuildScriptCaches (0ms)
		SetupLoadedEditorAssemblies (996ms)
			LogAssemblyErrors (0ms)
			InitializePlatformSupportModulesInManaged (26ms)
			SetLoadedEditorAssemblies (12ms)
			BeforeProcessingInitializeOnLoad (257ms)
			ProcessInitializeOnLoadAttributes (615ms)
			ProcessInitializeOnLoadMethodAttributes (82ms)
			AfterProcessingInitializeOnLoad (3ms)
			EditorAssembliesLoaded (1ms)
		ExecutionOrderSort2 (0ms)
		AwakeInstancesAfterBackupRestoration (19ms)
Refreshing native plugins compatible for Editor in 1.66 ms, found 4 plugins.
Preloading 0 native plugins for Editor in 0.00 ms.
Unloading 31 Unused Serialized files (Serialized files now loaded: 0)
Unloading 6722 unused Assets / (9.0 MB). Loaded Objects now: 7870.
Memory consumption went from 176.8 MB to 167.8 MB.
Total: 24.560500 ms (FindLiveObjects: 1.573900 ms CreateObjectMapping: 1.996600 ms MarkObjects: 11.075000 ms  DeleteObjects: 9.911300 ms)

Prepare: number of updated asset objects reloaded= 0
========================================================================
Received Prepare
Refreshing native plugins compatible for Editor in 2.95 ms, found 4 plugins.
Preloading 0 native plugins for Editor in 0.00 ms.
Unloading 31 Unused Serialized files (Serialized files now loaded: 0)
Unloading 6711 unused Assets / (9.0 MB). Loaded Objects now: 7870.
Memory consumption went from 178.8 MB to 169.8 MB.
Total: 352.148300 ms (FindLiveObjects: 8.425200 ms CreateObjectMapping: 1.715400 ms MarkObjects: 327.737200 ms  DeleteObjects: 14.266700 ms)

Prepare: number of updated asset objects reloaded= 0
========================================================================
Received Prepare
Begin MonoManager ReloadAssembly
- Loaded All Assemblies, in  3.456 seconds
Refreshing native plugins compatible for Editor in 1.35 ms, found 4 plugins.
Native extension for iOS target not found
Native extension for Android target not found
Native extension for WindowsStandalone target not found
Native extension for WebGL target not found
Mono: successfully reloaded assembly
- Finished resetting the current domain, in  1.779 seconds
Domain Reload Profiling: 5239ms
	BeginReloadAssembly (1384ms)
		ExecutionOrderSort (0ms)
		DisableScriptedObjects (164ms)
		BackupInstance (0ms)
		ReleaseScriptingObjects (3ms)
		CreateAndSetChildDomain (538ms)
	RebuildCommonClasses (73ms)
	RebuildNativeTypeToScriptingClass (16ms)
	initialDomainReloadingComplete (96ms)
	LoadAllAssembliesAndSetupDomain (1890ms)
		LoadAssemblies (2003ms)
		RebuildTransferFunctionScriptingTraits (0ms)
		AnalyzeDomain (370ms)
			TypeCache.Refresh (56ms)
				TypeCache.ScanAssembly (1ms)
			BuildScriptInfoCaches (255ms)
			ResolveRequiredComponents (17ms)
	FinalizeReload (1780ms)
		ReleaseScriptCaches (0ms)
		RebuildScriptCaches (0ms)
		SetupLoadedEditorAssemblies (1501ms)
			LogAssemblyErrors (0ms)
			InitializePlatformSupportModulesInManaged (29ms)
			SetLoadedEditorAssemblies (8ms)
			BeforeProcessingInitializeOnLoad (662ms)
			ProcessInitializeOnLoadAttributes (722ms)
			ProcessInitializeOnLoadMethodAttributes (76ms)
			AfterProcessingInitializeOnLoad (2ms)
			EditorAssembliesLoaded (1ms)
		ExecutionOrderSort2 (0ms)
		AwakeInstancesAfterBackupRestoration (19ms)
Refreshing native plugins compatible for Editor in 1.28 ms, found 4 plugins.
Preloading 0 native plugins for Editor in 0.00 ms.
Unloading 31 Unused Serialized files (Serialized files now loaded: 0)
Unloading 6722 unused Assets / (7.5 MB). Loaded Objects now: 7872.
Memory consumption went from 180.6 MB to 173.1 MB.
Total: 13.263000 ms (FindLiveObjects: 0.870200 ms CreateObjectMapping: 0.886900 ms MarkObjects: 6.046700 ms  DeleteObjects: 5.456800 ms)

Prepare: number of updated asset objects reloaded= 0
========================================================================
Received Prepare
Begin MonoManager ReloadAssembly
- Loaded All Assemblies, in  5.542 seconds
Refreshing native plugins compatible for Editor in 1.67 ms, found 4 plugins.
Native extension for iOS target not found
Native extension for Android target not found
Native extension for WindowsStandalone target not found
Native extension for WebGL target not found
Mono: successfully reloaded assembly
- Finished resetting the current domain, in  1.043 seconds
Domain Reload Profiling: 6598ms
	BeginReloadAssembly (1902ms)
		ExecutionOrderSort (1ms)
		DisableScriptedObjects (236ms)
		BackupInstance (0ms)
		ReleaseScriptingObjects (3ms)
		CreateAndSetChildDomain (597ms)
	RebuildCommonClasses (204ms)
	RebuildNativeTypeToScriptingClass (15ms)
	initialDomainReloadingComplete (46ms)
	LoadAllAssembliesAndSetupDomain (3386ms)
		LoadAssemblies (3510ms)
		RebuildTransferFunctionScriptingTraits (0ms)
		AnalyzeDomain (549ms)
			TypeCache.Refresh (39ms)
				TypeCache.ScanAssembly (0ms)
			BuildScriptInfoCaches (434ms)
			ResolveRequiredComponents (22ms)
	FinalizeReload (1044ms)
		ReleaseScriptCaches (0ms)
		RebuildScriptCaches (0ms)
		SetupLoadedEditorAssemblies (837ms)
			LogAssemblyErrors (0ms)
			InitializePlatformSupportModulesInManaged (19ms)
			SetLoadedEditorAssemblies (8ms)
			BeforeProcessingInitializeOnLoad (238ms)
			ProcessInitializeOnLoadAttributes (492ms)
			ProcessInitializeOnLoadMethodAttributes (77ms)
			AfterProcessingInitializeOnLoad (2ms)
			EditorAssembliesLoaded (1ms)
		ExecutionOrderSort2 (0ms)
		AwakeInstancesAfterBackupRestoration (19ms)
Refreshing native plugins compatible for Editor in 2.35 ms, found 4 plugins.
Preloading 0 native plugins for Editor in 0.00 ms.
Unloading 31 Unused Serialized files (Serialized files now loaded: 0)
Unloading 6722 unused Assets / (7.4 MB). Loaded Objects now: 7874.
Memory consumption went from 182.3 MB to 175.0 MB.
Total: 21.223500 ms (FindLiveObjects: 2.196300 ms CreateObjectMapping: 1.294900 ms MarkObjects: 9.623600 ms  DeleteObjects: 8.106000 ms)

Prepare: number of updated asset objects reloaded= 0
========================================================================
Received Prepare
Begin MonoManager ReloadAssembly
- Loaded All Assemblies, in  2.905 seconds
Refreshing native plugins compatible for Editor in 3.84 ms, found 4 plugins.
Native extension for iOS target not found
Native extension for Android target not found
Native extension for WindowsStandalone target not found
Native extension for WebGL target not found
Mono: successfully reloaded assembly
- Finished resetting the current domain, in  1.333 seconds
Domain Reload Profiling: 4245ms
	BeginReloadAssembly (1230ms)
		ExecutionOrderSort (1ms)
		DisableScriptedObjects (213ms)
		BackupInstance (0ms)
		ReleaseScriptingObjects (3ms)
		CreateAndSetChildDomain (431ms)
	RebuildCommonClasses (90ms)
	RebuildNativeTypeToScriptingClass (15ms)
	initialDomainReloadingComplete (63ms)
	LoadAllAssembliesAndSetupDomain (1512ms)
		LoadAssemblies (1422ms)
		RebuildTransferFunctionScriptingTraits (0ms)
		AnalyzeDomain (348ms)
			TypeCache.Refresh (29ms)
				TypeCache.ScanAssembly (0ms)
			BuildScriptInfoCaches (256ms)
			ResolveRequiredComponents (15ms)
	FinalizeReload (1334ms)
		ReleaseScriptCaches (0ms)
		RebuildScriptCaches (0ms)
		SetupLoadedEditorAssemblies (1081ms)
			LogAssemblyErrors (0ms)
			InitializePlatformSupportModulesInManaged (21ms)
			SetLoadedEditorAssemblies (8ms)
			BeforeProcessingInitializeOnLoad (281ms)
			ProcessInitializeOnLoadAttributes (674ms)
			ProcessInitializeOnLoadMethodAttributes (95ms)
			AfterProcessingInitializeOnLoad (2ms)
			EditorAssembliesLoaded (1ms)
		ExecutionOrderSort2 (0ms)
		AwakeInstancesAfterBackupRestoration (19ms)
Refreshing native plugins compatible for Editor in 1.55 ms, found 4 plugins.
Preloading 0 native plugins for Editor in 0.00 ms.
Unloading 31 Unused Serialized files (Serialized files now loaded: 0)
Unloading 6722 unused Assets / (7.6 MB). Loaded Objects now: 7876.
Memory consumption went from 184.3 MB to 176.6 MB.
Total: 18.719300 ms (FindLiveObjects: 1.116700 ms CreateObjectMapping: 1.225100 ms MarkObjects: 8.892700 ms  DeleteObjects: 7.482300 ms)

Prepare: number of updated asset objects reloaded= 0
========================================================================
Received Prepare
Begin MonoManager ReloadAssembly
- Loaded All Assemblies, in  4.470 seconds
Refreshing native plugins compatible for Editor in 1.51 ms, found 4 plugins.
Native extension for iOS target not found
Native extension for Android target not found
Native extension for WindowsStandalone target not found
Native extension for WebGL target not found
Mono: successfully reloaded assembly
- Finished resetting the current domain, in  1.187 seconds
Domain Reload Profiling: 5662ms
	BeginReloadAssembly (1875ms)
		ExecutionOrderSort (0ms)
		DisableScriptedObjects (237ms)
		BackupInstance (0ms)
		ReleaseScriptingObjects (7ms)
		CreateAndSetChildDomain (927ms)
	RebuildCommonClasses (59ms)
	RebuildNativeTypeToScriptingClass (12ms)
	initialDomainReloadingComplete (51ms)
	LoadAllAssembliesAndSetupDomain (2478ms)
		LoadAssemblies (2386ms)
		RebuildTransferFunctionScriptingTraits (0ms)
		AnalyzeDomain (362ms)
			TypeCache.Refresh (33ms)
				TypeCache.ScanAssembly (0ms)
			BuildScriptInfoCaches (273ms)
			ResolveRequiredComponents (15ms)
	FinalizeReload (1187ms)
		ReleaseScriptCaches (0ms)
		RebuildScriptCaches (0ms)
		SetupLoadedEditorAssemblies (986ms)
			LogAssemblyErrors (0ms)
			InitializePlatformSupportModulesInManaged (20ms)
			SetLoadedEditorAssemblies (9ms)
			BeforeProcessingInitializeOnLoad (217ms)
			ProcessInitializeOnLoadAttributes (620ms)
			ProcessInitializeOnLoadMethodAttributes (111ms)
			AfterProcessingInitializeOnLoad (8ms)
			EditorAssembliesLoaded (1ms)
		ExecutionOrderSort2 (0ms)
		AwakeInstancesAfterBackupRestoration (19ms)
Refreshing native plugins compatible for Editor in 1.31 ms, found 4 plugins.
Preloading 0 native plugins for Editor in 0.00 ms.
Unloading 31 Unused Serialized files (Serialized files now loaded: 0)
Unloading 6722 unused Assets / (7.3 MB). Loaded Objects now: 7878.
Memory consumption went from 186.1 MB to 178.8 MB.
Total: 12.289300 ms (FindLiveObjects: 0.962900 ms CreateObjectMapping: 1.050700 ms MarkObjects: 6.007900 ms  DeleteObjects: 4.265200 ms)

Prepare: number of updated asset objects reloaded= 0
========================================================================
Received Prepare
Begin MonoManager ReloadAssembly
- Loaded All Assemblies, in  2.092 seconds
Refreshing native plugins compatible for Editor in 1.61 ms, found 4 plugins.
Native extension for iOS target not found
Native extension for Android target not found
Native extension for WindowsStandalone target not found
Native extension for WebGL target not found
Mono: successfully reloaded assembly
- Finished resetting the current domain, in  1.009 seconds
Domain Reload Profiling: 3116ms
	BeginReloadAssembly (464ms)
		ExecutionOrderSort (0ms)
		DisableScriptedObjects (47ms)
		BackupInstance (0ms)
		ReleaseScriptingObjects (1ms)
		CreateAndSetChildDomain (168ms)
	RebuildCommonClasses (49ms)
	RebuildNativeTypeToScriptingClass (13ms)
	initialDomainReloadingComplete (40ms)
	LoadAllAssembliesAndSetupDomain (1540ms)
		LoadAssemblies (1338ms)
		RebuildTransferFunctionScriptingTraits (0ms)
		AnalyzeDomain (340ms)
			TypeCache.Refresh (29ms)
				TypeCache.ScanAssembly (0ms)
			BuildScriptInfoCaches (237ms)
			ResolveRequiredComponents (24ms)
	FinalizeReload (1010ms)
		ReleaseScriptCaches (0ms)
		RebuildScriptCaches (0ms)
		SetupLoadedEditorAssemblies (822ms)
			LogAssemblyErrors (0ms)
			InitializePlatformSupportModulesInManaged (20ms)
			SetLoadedEditorAssemblies (8ms)
			BeforeProcessingInitializeOnLoad (234ms)
			ProcessInitializeOnLoadAttributes (481ms)
			ProcessInitializeOnLoadMethodAttributes (76ms)
			AfterProcessingInitializeOnLoad (2ms)
			EditorAssembliesLoaded (1ms)
		ExecutionOrderSort2 (0ms)
		AwakeInstancesAfterBackupRestoration (20ms)
Refreshing native plugins compatible for Editor in 1.44 ms, found 4 plugins.
Preloading 0 native plugins for Editor in 0.00 ms.
Unloading 31 Unused Serialized files (Serialized files now loaded: 0)
Unloading 6722 unused Assets / (8.7 MB). Loaded Objects now: 7880.
Memory consumption went from 188.0 MB to 179.3 MB.
Total: 16.010500 ms (FindLiveObjects: 1.013900 ms CreateObjectMapping: 0.998300 ms MarkObjects: 6.773900 ms  DeleteObjects: 7.222200 ms)

Prepare: number of updated asset objects reloaded= 0
========================================================================
Received Prepare
Refreshing native plugins compatible for Editor in 1.88 ms, found 4 plugins.
Preloading 0 native plugins for Editor in 0.00 ms.
Unloading 31 Unused Serialized files (Serialized files now loaded: 0)
Unloading 6711 unused Assets / (8.7 MB). Loaded Objects now: 7880.
Memory consumption went from 190.0 MB to 181.3 MB.
Total: 221.148600 ms (FindLiveObjects: 6.253000 ms CreateObjectMapping: 0.916200 ms MarkObjects: 206.165100 ms  DeleteObjects: 7.811200 ms)

Prepare: number of updated asset objects reloaded= 0
========================================================================
Received Prepare
Begin MonoManager ReloadAssembly
- Loaded All Assemblies, in  5.813 seconds
Refreshing native plugins compatible for Editor in 12.11 ms, found 4 plugins.
Native extension for iOS target not found
Native extension for Android target not found
Native extension for WindowsStandalone target not found
Native extension for WebGL target not found
Mono: successfully reloaded assembly
- Finished resetting the current domain, in  1.057 seconds
Domain Reload Profiling: 6878ms
	BeginReloadAssembly (2176ms)
		ExecutionOrderSort (1ms)
		DisableScriptedObjects (252ms)
		BackupInstance (0ms)
		ReleaseScriptingObjects (6ms)
		CreateAndSetChildDomain (930ms)
	RebuildCommonClasses (54ms)
	RebuildNativeTypeToScriptingClass (12ms)
	initialDomainReloadingComplete (60ms)
	LoadAllAssembliesAndSetupDomain (3518ms)
		LoadAssemblies (3637ms)
		RebuildTransferFunctionScriptingTraits (0ms)
		AnalyzeDomain (541ms)
			TypeCache.Refresh (74ms)
				TypeCache.ScanAssembly (2ms)
			BuildScriptInfoCaches (404ms)
			ResolveRequiredComponents (19ms)
	FinalizeReload (1058ms)
		ReleaseScriptCaches (0ms)
		RebuildScriptCaches (0ms)
		SetupLoadedEditorAssemblies (827ms)
			LogAssemblyErrors (0ms)
			InitializePlatformSupportModulesInManaged (23ms)
			SetLoadedEditorAssemblies (8ms)
			BeforeProcessingInitializeOnLoad (214ms)
			ProcessInitializeOnLoadAttributes (495ms)
			ProcessInitializeOnLoadMethodAttributes (85ms)
			AfterProcessingInitializeOnLoad (2ms)
			EditorAssembliesLoaded (1ms)
		ExecutionOrderSort2 (0ms)
		AwakeInstancesAfterBackupRestoration (22ms)
Refreshing native plugins compatible for Editor in 2.42 ms, found 4 plugins.
Preloading 0 native plugins for Editor in 0.00 ms.
Unloading 31 Unused Serialized files (Serialized files now loaded: 0)
Unloading 6722 unused Assets / (8.7 MB). Loaded Objects now: 7882.
Memory consumption went from 191.7 MB to 183.0 MB.
Total: 20.240200 ms (FindLiveObjects: 1.396500 ms CreateObjectMapping: 1.683100 ms MarkObjects: 7.901000 ms  DeleteObjects: 9.256500 ms)

Prepare: number of updated asset objects reloaded= 0
========================================================================
Received Prepare
Begin MonoManager ReloadAssembly
- Loaded All Assemblies, in  2.222 seconds
Refreshing native plugins compatible for Editor in 1.37 ms, found 4 plugins.
Native extension for iOS target not found
Native extension for Android target not found
Native extension for WindowsStandalone target not found
Native extension for WebGL target not found
Mono: successfully reloaded assembly
- Finished resetting the current domain, in  0.969 seconds
Domain Reload Profiling: 3208ms
	BeginReloadAssembly (1156ms)
		ExecutionOrderSort (0ms)
		DisableScriptedObjects (98ms)
		BackupInstance (0ms)
		ReleaseScriptingObjects (4ms)
		CreateAndSetChildDomain (603ms)
	RebuildCommonClasses (45ms)
	RebuildNativeTypeToScriptingClass (12ms)
	initialDomainReloadingComplete (39ms)
	LoadAllAssembliesAndSetupDomain (988ms)
		LoadAssemblies (718ms)
		RebuildTransferFunctionScriptingTraits (0ms)
		AnalyzeDomain (414ms)
			TypeCache.Refresh (31ms)
				TypeCache.ScanAssembly (0ms)
			BuildScriptInfoCaches (318ms)
			ResolveRequiredComponents (17ms)
	FinalizeReload (969ms)
		ReleaseScriptCaches (0ms)
		RebuildScriptCaches (0ms)
		SetupLoadedEditorAssemblies (773ms)
			LogAssemblyErrors (0ms)
			InitializePlatformSupportModulesInManaged (17ms)
			SetLoadedEditorAssemblies (7ms)
			BeforeProcessingInitializeOnLoad (211ms)
			ProcessInitializeOnLoadAttributes (460ms)
			ProcessInitializeOnLoadMethodAttributes (76ms)
			AfterProcessingInitializeOnLoad (2ms)
			EditorAssembliesLoaded (1ms)
		ExecutionOrderSort2 (0ms)
		AwakeInstancesAfterBackupRestoration (19ms)
Refreshing native plugins compatible for Editor in 1.81 ms, found 4 plugins.
Preloading 0 native plugins for Editor in 0.00 ms.
Unloading 31 Unused Serialized files (Serialized files now loaded: 0)
Unloading 6722 unused Assets / (8.4 MB). Loaded Objects now: 7884.
Memory consumption went from 178.9 MB to 170.4 MB.
Total: 13.808000 ms (FindLiveObjects: 1.033600 ms CreateObjectMapping: 0.470300 ms MarkObjects: 6.300100 ms  DeleteObjects: 6.001800 ms)

Prepare: number of updated asset objects reloaded= 0
========================================================================
Received Prepare
Begin MonoManager ReloadAssembly
- Loaded All Assemblies, in  2.221 seconds
Refreshing native plugins compatible for Editor in 1.37 ms, found 4 plugins.
Native extension for iOS target not found
Native extension for Android target not found
Native extension for WindowsStandalone target not found
Native extension for WebGL target not found
Mono: successfully reloaded assembly
- Finished resetting the current domain, in  1.282 seconds
Domain Reload Profiling: 3507ms
	BeginReloadAssembly (668ms)
		ExecutionOrderSort (0ms)
		DisableScriptedObjects (60ms)
		BackupInstance (0ms)
		ReleaseScriptingObjects (2ms)
		CreateAndSetChildDomain (242ms)
	RebuildCommonClasses (69ms)
	RebuildNativeTypeToScriptingClass (12ms)
	initialDomainReloadingComplete (56ms)
	LoadAllAssembliesAndSetupDomain (1419ms)
		LoadAssemblies (1350ms)
		RebuildTransferFunctionScriptingTraits (0ms)
		AnalyzeDomain (306ms)
			TypeCache.Refresh (28ms)
				TypeCache.ScanAssembly (0ms)
			BuildScriptInfoCaches (221ms)
			ResolveRequiredComponents (14ms)
	FinalizeReload (1283ms)
		ReleaseScriptCaches (0ms)
		RebuildScriptCaches (0ms)
		SetupLoadedEditorAssemblies (959ms)
			LogAssemblyErrors (0ms)
			InitializePlatformSupportModulesInManaged (23ms)
			SetLoadedEditorAssemblies (8ms)
			BeforeProcessingInitializeOnLoad (296ms)
			ProcessInitializeOnLoadAttributes (553ms)
			ProcessInitializeOnLoadMethodAttributes (76ms)
			AfterProcessingInitializeOnLoad (2ms)
			EditorAssembliesLoaded (1ms)
		ExecutionOrderSort2 (0ms)
		AwakeInstancesAfterBackupRestoration (20ms)
Refreshing native plugins compatible for Editor in 1.83 ms, found 4 plugins.
Preloading 0 native plugins for Editor in 0.00 ms.
Unloading 31 Unused Serialized files (Serialized files now loaded: 0)
Unloading 6722 unused Assets / (7.3 MB). Loaded Objects now: 7886.
Memory consumption went from 180.8 MB to 173.5 MB.
Total: 15.025100 ms (FindLiveObjects: 1.082700 ms CreateObjectMapping: 1.213500 ms MarkObjects: 7.452900 ms  DeleteObjects: 5.273800 ms)

Prepare: number of updated asset objects reloaded= 0
========================================================================
Received Prepare
Refreshing native plugins compatible for Editor in 1.98 ms, found 4 plugins.
Preloading 0 native plugins for Editor in 0.00 ms.
Unloading 31 Unused Serialized files (Serialized files now loaded: 0)
Unloading 6712 unused Assets / (8.0 MB). Loaded Objects now: 7887.
Memory consumption went from 182.8 MB to 174.8 MB.
Total: 228.336400 ms (FindLiveObjects: 6.149700 ms CreateObjectMapping: 0.926200 ms MarkObjects: 214.927000 ms  DeleteObjects: 6.331000 ms)

Prepare: number of updated asset objects reloaded= 0
========================================================================
Received Prepare
Begin MonoManager ReloadAssembly
- Loaded All Assemblies, in  3.808 seconds
Refreshing native plugins compatible for Editor in 2.78 ms, found 4 plugins.
Native extension for iOS target not found
Native extension for Android target not found
Native extension for WindowsStandalone target not found
Native extension for WebGL target not found
Mono: successfully reloaded assembly
- Finished resetting the current domain, in  1.150 seconds
Domain Reload Profiling: 4963ms
	BeginReloadAssembly (1656ms)
		ExecutionOrderSort (1ms)
		DisableScriptedObjects (384ms)
		BackupInstance (0ms)
		ReleaseScriptingObjects (4ms)
		CreateAndSetChildDomain (519ms)
	RebuildCommonClasses (47ms)
	RebuildNativeTypeToScriptingClass (12ms)
	initialDomainReloadingComplete (49ms)
	LoadAllAssembliesAndSetupDomain (2048ms)
		LoadAssemblies (1618ms)
		RebuildTransferFunctionScriptingTraits (0ms)
		AnalyzeDomain (677ms)
			TypeCache.Refresh (76ms)
				TypeCache.ScanAssembly (2ms)
			BuildScriptInfoCaches (548ms)
			ResolveRequiredComponents (14ms)
	FinalizeReload (1151ms)
		ReleaseScriptCaches (0ms)
		RebuildScriptCaches (0ms)
		SetupLoadedEditorAssemblies (928ms)
			LogAssemblyErrors (0ms)
			InitializePlatformSupportModulesInManaged (22ms)
			SetLoadedEditorAssemblies (8ms)
			BeforeProcessingInitializeOnLoad (241ms)
			ProcessInitializeOnLoadAttributes (547ms)
			ProcessInitializeOnLoadMethodAttributes (107ms)
			AfterProcessingInitializeOnLoad (3ms)
			EditorAssembliesLoaded (1ms)
		ExecutionOrderSort2 (0ms)
		AwakeInstancesAfterBackupRestoration (27ms)
Refreshing native plugins compatible for Editor in 2.24 ms, found 4 plugins.
Preloading 0 native plugins for Editor in 0.00 ms.
Unloading 31 Unused Serialized files (Serialized files now loaded: 0)
Unloading 6723 unused Assets / (7.6 MB). Loaded Objects now: 7889.
Memory consumption went from 184.5 MB to 176.9 MB.
Total: 24.970000 ms (FindLiveObjects: 2.138300 ms CreateObjectMapping: 2.205700 ms MarkObjects: 12.541700 ms  DeleteObjects: 8.079700 ms)

Prepare: number of updated asset objects reloaded= 0
========================================================================
Received Import Request.
  Time since last request: 2433.317732 seconds.
  path: Assets/Scrips/AudioSetting.cs
  artifactKey: Guid(9a57ee885b9e1d148a9c5fbab6b4bba2) Importer(815301076,1909f56bfc062723c751e8b465ee728b)
Start importing Assets/Scrips/AudioSetting.cs using Guid(9a57ee885b9e1d148a9c5fbab6b4bba2) Importer(815301076,1909f56bfc062723c751e8b465ee728b) (PreviewImporter) -> (artifact id: '5659d337b7b2fd85671fd1bb78006841') in 0.0948689 seconds
Number of updated asset objects reloaded before import = 0Number of asset objects unloaded after import = 0

========================================================================
Received Prepare
Refreshing native plugins compatible for Editor in 2.28 ms, found 4 plugins.
Preloading 0 native plugins for Editor in 0.00 ms.
Unloading 31 Unused Serialized files (Serialized files now loaded: 0)
Unloading 6713 unused Assets / (6.6 MB). Loaded Objects now: 7890.
Memory consumption went from 170.0 MB to 163.4 MB.
Total: 211.400300 ms (FindLiveObjects: 6.438200 ms CreateObjectMapping: 0.944200 ms MarkObjects: 187.789400 ms  DeleteObjects: 16.225500 ms)

Prepare: number of updated asset objects reloaded= 0
========================================================================
Received Prepare
Begin MonoManager ReloadAssembly
- Loaded All Assemblies, in  4.226 seconds
Refreshing native plugins compatible for Editor in 1.37 ms, found 4 plugins.
Native extension for iOS target not found
Native extension for Android target not found
Native extension for WindowsStandalone target not found
Native extension for WebGL target not found
Mono: successfully reloaded assembly
- Finished resetting the current domain, in  1.389 seconds
Domain Reload Profiling: 5623ms
	BeginReloadAssembly (2186ms)
		ExecutionOrderSort (2ms)
		DisableScriptedObjects (438ms)
		BackupInstance (0ms)
		ReleaseScriptingObjects (7ms)
		CreateAndSetChildDomain (873ms)
	RebuildCommonClasses (80ms)
	RebuildNativeTypeToScriptingClass (13ms)
	initialDomainReloadingComplete (99ms)
	LoadAllAssembliesAndSetupDomain (1855ms)
		LoadAssemblies (1573ms)
		RebuildTransferFunctionScriptingTraits (0ms)
		AnalyzeDomain (627ms)
			TypeCache.Refresh (58ms)
				TypeCache.ScanAssembly (1ms)
			BuildScriptInfoCaches (484ms)
			ResolveRequiredComponents (25ms)
	FinalizeReload (1390ms)
		ReleaseScriptCaches (0ms)
		RebuildScriptCaches (0ms)
		SetupLoadedEditorAssemblies (1096ms)
			LogAssemblyErrors (0ms)
			InitializePlatformSupportModulesInManaged (29ms)
			SetLoadedEditorAssemblies (13ms)
			BeforeProcessingInitializeOnLoad (272ms)
			ProcessInitializeOnLoadAttributes (667ms)
			ProcessInitializeOnLoadMethodAttributes (112ms)
			AfterProcessingInitializeOnLoad (2ms)
			EditorAssembliesLoaded (1ms)
		ExecutionOrderSort2 (0ms)
		AwakeInstancesAfterBackupRestoration (30ms)
Refreshing native plugins compatible for Editor in 1.37 ms, found 4 plugins.
Preloading 0 native plugins for Editor in 0.00 ms.
Unloading 31 Unused Serialized files (Serialized files now loaded: 0)
Unloading 6724 unused Assets / (9.4 MB). Loaded Objects now: 7892.
Memory consumption went from 171.7 MB to 162.2 MB.
Total: 21.179900 ms (FindLiveObjects: 1.658600 ms CreateObjectMapping: 1.910500 ms MarkObjects: 8.048000 ms  DeleteObjects: 9.559600 ms)

Prepare: number of updated asset objects reloaded= 0
========================================================================
Received Prepare
Refreshing native plugins compatible for Editor in 1.85 ms, found 4 plugins.
Preloading 0 native plugins for Editor in 0.00 ms.
Unloading 31 Unused Serialized files (Serialized files now loaded: 0)
Unloading 6713 unused Assets / (9.2 MB). Loaded Objects now: 7892.
Memory consumption went from 173.7 MB to 164.4 MB.
Total: 211.260000 ms (FindLiveObjects: 5.983600 ms CreateObjectMapping: 0.995100 ms MarkObjects: 195.647900 ms  DeleteObjects: 8.630200 ms)

Prepare: number of updated asset objects reloaded= 0
========================================================================
Received Prepare
Begin MonoManager ReloadAssembly
- Loaded All Assemblies, in  4.860 seconds
Refreshing native plugins compatible for Editor in 81.75 ms, found 4 plugins.
Native extension for iOS target not found
Native extension for Android target not found
Native extension for WindowsStandalone target not found
Native extension for WebGL target not found
Mono: successfully reloaded assembly
- Finished resetting the current domain, in  1.793 seconds
Domain Reload Profiling: 6668ms
	BeginReloadAssembly (1659ms)
		ExecutionOrderSort (2ms)
		DisableScriptedObjects (451ms)
		BackupInstance (0ms)
		ReleaseScriptingObjects (3ms)
		CreateAndSetChildDomain (591ms)
	RebuildCommonClasses (53ms)
	RebuildNativeTypeToScriptingClass (13ms)
	initialDomainReloadingComplete (55ms)
	LoadAllAssembliesAndSetupDomain (3093ms)
		LoadAssemblies (2120ms)
		RebuildTransferFunctionScriptingTraits (0ms)
		AnalyzeDomain (1251ms)
			TypeCache.Refresh (90ms)
				TypeCache.ScanAssembly (2ms)
			BuildScriptInfoCaches (1057ms)
			ResolveRequiredComponents (32ms)
	FinalizeReload (1795ms)
		ReleaseScriptCaches (0ms)
		RebuildScriptCaches (0ms)
		SetupLoadedEditorAssemblies (1232ms)
			LogAssemblyErrors (0ms)
			InitializePlatformSupportModulesInManaged (34ms)
			SetLoadedEditorAssemblies (12ms)
			BeforeProcessingInitializeOnLoad (297ms)
			ProcessInitializeOnLoadAttributes (762ms)
			ProcessInitializeOnLoadMethodAttributes (118ms)
			AfterProcessingInitializeOnLoad (6ms)
			EditorAssembliesLoaded (2ms)
		ExecutionOrderSort2 (0ms)
		AwakeInstancesAfterBackupRestoration (39ms)
Refreshing native plugins compatible for Editor in 4.48 ms, found 4 plugins.
Preloading 0 native plugins for Editor in 0.00 ms.
Unloading 31 Unused Serialized files (Serialized files now loaded: 0)
Unloading 6724 unused Assets / (9.6 MB). Loaded Objects now: 7894.
Memory consumption went from 168.1 MB to 158.5 MB.
Total: 41.747700 ms (FindLiveObjects: 2.945300 ms CreateObjectMapping: 0.951600 ms MarkObjects: 13.660900 ms  DeleteObjects: 24.186700 ms)

Prepare: number of updated asset objects reloaded= 0
========================================================================
Received Prepare
Refreshing native plugins compatible for Editor in 1.81 ms, found 4 plugins.
Preloading 0 native plugins for Editor in 0.00 ms.
Unloading 31 Unused Serialized files (Serialized files now loaded: 0)
Unloading 6713 unused Assets / (7.8 MB). Loaded Objects now: 7894.
Memory consumption went from 170.1 MB to 162.3 MB.
Total: 18.513900 ms (FindLiveObjects: 0.913700 ms CreateObjectMapping: 1.633600 ms MarkObjects: 8.974400 ms  DeleteObjects: 6.990900 ms)

Prepare: number of updated asset objects reloaded= 0
========================================================================
Received Prepare
Begin MonoManager ReloadAssembly
- Loaded All Assemblies, in  4.975 seconds
Refreshing native plugins compatible for Editor in 1.27 ms, found 4 plugins.
Native extension for iOS target not found
Native extension for Android target not found
Native extension for WindowsStandalone target not found
Native extension for WebGL target not found
Mono: successfully reloaded assembly
- Finished resetting the current domain, in  0.986 seconds
Domain Reload Profiling: 5967ms
	BeginReloadAssembly (1186ms)
		ExecutionOrderSort (0ms)
		DisableScriptedObjects (130ms)
		BackupInstance (0ms)
		ReleaseScriptingObjects (2ms)
		CreateAndSetChildDomain (373ms)
	RebuildCommonClasses (61ms)
	RebuildNativeTypeToScriptingClass (13ms)
	initialDomainReloadingComplete (60ms)
	LoadAllAssembliesAndSetupDomain (3660ms)
		LoadAssemblies (3105ms)
		RebuildTransferFunctionScriptingTraits (0ms)
		AnalyzeDomain (1070ms)
			TypeCache.Refresh (79ms)
				TypeCache.ScanAssembly (3ms)
			BuildScriptInfoCaches (893ms)
			ResolveRequiredComponents (16ms)
	FinalizeReload (986ms)
		ReleaseScriptCaches (0ms)
		RebuildScriptCaches (0ms)
		SetupLoadedEditorAssemblies (800ms)
			LogAssemblyErrors (0ms)
			InitializePlatformSupportModulesInManaged (18ms)
			SetLoadedEditorAssemblies (7ms)
			BeforeProcessingInitializeOnLoad (199ms)
			ProcessInitializeOnLoadAttributes (496ms)
			ProcessInitializeOnLoadMethodAttributes (78ms)
			AfterProcessingInitializeOnLoad (2ms)
			EditorAssembliesLoaded (1ms)
		ExecutionOrderSort2 (0ms)
		AwakeInstancesAfterBackupRestoration (20ms)
Refreshing native plugins compatible for Editor in 1.70 ms, found 4 plugins.
Preloading 0 native plugins for Editor in 0.00 ms.
Unloading 31 Unused Serialized files (Serialized files now loaded: 0)
Unloading 6724 unused Assets / (8.5 MB). Loaded Objects now: 7896.
Memory consumption went from 171.7 MB to 163.2 MB.
Total: 15.713400 ms (FindLiveObjects: 0.894400 ms CreateObjectMapping: 1.399600 ms MarkObjects: 7.166200 ms  DeleteObjects: 6.250600 ms)

Prepare: number of updated asset objects reloaded= 0
========================================================================
Received Prepare
Refreshing native plugins compatible for Editor in 2.40 ms, found 4 plugins.
Preloading 0 native plugins for Editor in 0.00 ms.
Unloading 31 Unused Serialized files (Serialized files now loaded: 0)
Unloading 6713 unused Assets / (9.0 MB). Loaded Objects now: 7896.
Memory consumption went from 173.7 MB to 164.7 MB.
Total: 571.138900 ms (FindLiveObjects: 9.944400 ms CreateObjectMapping: 1.019600 ms MarkObjects: 550.685700 ms  DeleteObjects: 9.485200 ms)

Prepare: number of updated asset objects reloaded= 0
========================================================================
Received Prepare
Begin MonoManager ReloadAssembly
- Loaded All Assemblies, in  4.358 seconds
Refreshing native plugins compatible for Editor in 1.24 ms, found 4 plugins.
Native extension for iOS target not found
Native extension for Android target not found
Native extension for WindowsStandalone target not found
Native extension for WebGL target not found
Mono: successfully reloaded assembly
- Finished resetting the current domain, in  1.250 seconds
Domain Reload Profiling: 5613ms
	BeginReloadAssembly (2155ms)
		ExecutionOrderSort (0ms)
		DisableScriptedObjects (313ms)
		BackupInstance (0ms)
		ReleaseScriptingObjects (3ms)
		CreateAndSetChildDomain (1049ms)
	RebuildCommonClasses (67ms)
	RebuildNativeTypeToScriptingClass (14ms)
	initialDomainReloadingComplete (66ms)
	LoadAllAssembliesAndSetupDomain (2060ms)
		LoadAssemblies (2144ms)
		RebuildTransferFunctionScriptingTraits (0ms)
		AnalyzeDomain (405ms)
			TypeCache.Refresh (51ms)
				TypeCache.ScanAssembly (1ms)
			BuildScriptInfoCaches (292ms)
			ResolveRequiredComponents (17ms)
	FinalizeReload (1251ms)
		ReleaseScriptCaches (0ms)
		RebuildScriptCaches (0ms)
		SetupLoadedEditorAssemblies (998ms)
			LogAssemblyErrors (0ms)
			InitializePlatformSupportModulesInManaged (30ms)
			SetLoadedEditorAssemblies (9ms)
			BeforeProcessingInitializeOnLoad (309ms)
			ProcessInitializeOnLoadAttributes (531ms)
			ProcessInitializeOnLoadMethodAttributes (113ms)
			AfterProcessingInitializeOnLoad (5ms)
			EditorAssembliesLoaded (1ms)
		ExecutionOrderSort2 (0ms)
		AwakeInstancesAfterBackupRestoration (33ms)
Refreshing native plugins compatible for Editor in 1.38 ms, found 4 plugins.
Preloading 0 native plugins for Editor in 0.00 ms.
Unloading 31 Unused Serialized files (Serialized files now loaded: 0)
Unloading 6724 unused Assets / (8.2 MB). Loaded Objects now: 7898.
Memory consumption went from 175.5 MB to 167.3 MB.
Total: 15.243400 ms (FindLiveObjects: 0.969500 ms CreateObjectMapping: 1.070900 ms MarkObjects: 7.342700 ms  DeleteObjects: 5.858200 ms)

Prepare: number of updated asset objects reloaded= 0
========================================================================
Received Prepare
Begin MonoManager ReloadAssembly
- Loaded All Assemblies, in  4.652 seconds
Refreshing native plugins compatible for Editor in 1.62 ms, found 4 plugins.
Native extension for iOS target not found
Native extension for Android target not found
Native extension for WindowsStandalone target not found
Native extension for WebGL target not found
Mono: successfully reloaded assembly
- Finished resetting the current domain, in  1.158 seconds
Domain Reload Profiling: 5816ms
	BeginReloadAssembly (2008ms)
		ExecutionOrderSort (3ms)
		DisableScriptedObjects (531ms)
		BackupInstance (0ms)
		ReleaseScriptingObjects (6ms)
		CreateAndSetChildDomain (695ms)
	RebuildCommonClasses (97ms)
	RebuildNativeTypeToScriptingClass (12ms)
	initialDomainReloadingComplete (113ms)
	LoadAllAssembliesAndSetupDomain (2428ms)
		LoadAssemblies (2095ms)
		RebuildTransferFunctionScriptingTraits (0ms)
		AnalyzeDomain (643ms)
			TypeCache.Refresh (46ms)
				TypeCache.ScanAssembly (0ms)
			BuildScriptInfoCaches (537ms)
			ResolveRequiredComponents (15ms)
	FinalizeReload (1158ms)
		ReleaseScriptCaches (0ms)
		RebuildScriptCaches (0ms)
		SetupLoadedEditorAssemblies (942ms)
			LogAssemblyErrors (0ms)
			InitializePlatformSupportModulesInManaged (22ms)
			SetLoadedEditorAssemblies (7ms)
			BeforeProcessingInitializeOnLoad (214ms)
			ProcessInitializeOnLoadAttributes (607ms)
			ProcessInitializeOnLoadMethodAttributes (89ms)
			AfterProcessingInitializeOnLoad (2ms)
			EditorAssembliesLoaded (1ms)
		ExecutionOrderSort2 (0ms)
		AwakeInstancesAfterBackupRestoration (22ms)
Refreshing native plugins compatible for Editor in 1.34 ms, found 4 plugins.
Preloading 0 native plugins for Editor in 0.00 ms.
Unloading 31 Unused Serialized files (Serialized files now loaded: 0)
Unloading 6724 unused Assets / (8.8 MB). Loaded Objects now: 7900.
Memory consumption went from 177.3 MB to 168.5 MB.
Total: 13.726900 ms (FindLiveObjects: 0.842100 ms CreateObjectMapping: 0.866800 ms MarkObjects: 5.987100 ms  DeleteObjects: 6.028800 ms)

Prepare: number of updated asset objects reloaded= 0
========================================================================
Received Prepare
Begin MonoManager ReloadAssembly
- Loaded All Assemblies, in  3.702 seconds
Refreshing native plugins compatible for Editor in 1.37 ms, found 4 plugins.
Native extension for iOS target not found
Native extension for Android target not found
Native extension for WindowsStandalone target not found
Native extension for WebGL target not found
Mono: successfully reloaded assembly
- Finished resetting the current domain, in  1.137 seconds
Domain Reload Profiling: 4856ms
	BeginReloadAssembly (2290ms)
		ExecutionOrderSort (1ms)
		DisableScriptedObjects (188ms)
		BackupInstance (0ms)
		ReleaseScriptingObjects (4ms)
		CreateAndSetChildDomain (1584ms)
	RebuildCommonClasses (48ms)
	RebuildNativeTypeToScriptingClass (12ms)
	initialDomainReloadingComplete (49ms)
	LoadAllAssembliesAndSetupDomain (1320ms)
		LoadAssemblies (1056ms)
		RebuildTransferFunctionScriptingTraits (0ms)
		AnalyzeDomain (486ms)
			TypeCache.Refresh (37ms)
				TypeCache.ScanAssembly (0ms)
			BuildScriptInfoCaches (370ms)
			ResolveRequiredComponents (22ms)
	FinalizeReload (1138ms)
		ReleaseScriptCaches (0ms)
		RebuildScriptCaches (0ms)
		SetupLoadedEditorAssemblies (866ms)
			LogAssemblyErrors (0ms)
			InitializePlatformSupportModulesInManaged (26ms)
			SetLoadedEditorAssemblies (8ms)
			BeforeProcessingInitializeOnLoad (268ms)
			ProcessInitializeOnLoadAttributes (479ms)
			ProcessInitializeOnLoadMethodAttributes (81ms)
			AfterProcessingInitializeOnLoad (2ms)
			EditorAssembliesLoaded (1ms)
		ExecutionOrderSort2 (0ms)
		AwakeInstancesAfterBackupRestoration (21ms)
Refreshing native plugins compatible for Editor in 1.67 ms, found 4 plugins.
Preloading 0 native plugins for Editor in 0.00 ms.
Unloading 31 Unused Serialized files (Serialized files now loaded: 0)
Unloading 6724 unused Assets / (9.2 MB). Loaded Objects now: 7902.
Memory consumption went from 179.2 MB to 170.0 MB.
Total: 20.825500 ms (FindLiveObjects: 1.953100 ms CreateObjectMapping: 1.099200 ms MarkObjects: 8.801600 ms  DeleteObjects: 8.967300 ms)

Prepare: number of updated asset objects reloaded= 0
========================================================================
Received Prepare
Refreshing native plugins compatible for Editor in 1.94 ms, found 4 plugins.
Preloading 0 native plugins for Editor in 0.00 ms.
Unloading 31 Unused Serialized files (Serialized files now loaded: 0)
Unloading 6713 unused Assets / (7.4 MB). Loaded Objects now: 7902.
Memory consumption went from 181.2 MB to 173.8 MB.
Total: 305.299000 ms (FindLiveObjects: 4.709900 ms CreateObjectMapping: 1.060900 ms MarkObjects: 282.622800 ms  DeleteObjects: 16.902400 ms)

Prepare: number of updated asset objects reloaded= 0
========================================================================
Received Prepare
Begin MonoManager ReloadAssembly
- Loaded All Assemblies, in  3.857 seconds
Refreshing native plugins compatible for Editor in 1.31 ms, found 4 plugins.
Native extension for iOS target not found
Native extension for Android target not found
Native extension for WindowsStandalone target not found
Native extension for WebGL target not found
Mono: successfully reloaded assembly
- Finished resetting the current domain, in  1.087 seconds
Domain Reload Profiling: 4963ms
	BeginReloadAssembly (1629ms)
		ExecutionOrderSort (0ms)
		DisableScriptedObjects (177ms)
		BackupInstance (0ms)
		ReleaseScriptingObjects (3ms)
		CreateAndSetChildDomain (871ms)
	RebuildCommonClasses (63ms)
	RebuildNativeTypeToScriptingClass (12ms)
	initialDomainReloadingComplete (46ms)
	LoadAllAssembliesAndSetupDomain (2124ms)
		LoadAssemblies (1360ms)
		RebuildTransferFunctionScriptingTraits (0ms)
		AnalyzeDomain (1119ms)
			TypeCache.Refresh (71ms)
				TypeCache.ScanAssembly (2ms)
			BuildScriptInfoCaches (960ms)
			ResolveRequiredComponents (20ms)
	FinalizeReload (1088ms)
		ReleaseScriptCaches (0ms)
		RebuildScriptCaches (0ms)
		SetupLoadedEditorAssemblies (878ms)
			LogAssemblyErrors (0ms)
			InitializePlatformSupportModulesInManaged (20ms)
			SetLoadedEditorAssemblies (8ms)
			BeforeProcessingInitializeOnLoad (223ms)
			ProcessInitializeOnLoadAttributes (546ms)
			ProcessInitializeOnLoadMethodAttributes (79ms)
			AfterProcessingInitializeOnLoad (2ms)
			EditorAssembliesLoaded (1ms)
		ExecutionOrderSort2 (0ms)
		AwakeInstancesAfterBackupRestoration (22ms)
Refreshing native plugins compatible for Editor in 1.46 ms, found 4 plugins.
Preloading 0 native plugins for Editor in 0.00 ms.
Unloading 31 Unused Serialized files (Serialized files now loaded: 0)
Unloading 6724 unused Assets / (8.2 MB). Loaded Objects now: 7904.
Memory consumption went from 182.9 MB to 174.8 MB.
Total: 14.120900 ms (FindLiveObjects: 1.127600 ms CreateObjectMapping: 1.006400 ms MarkObjects: 6.554600 ms  DeleteObjects: 5.429000 ms)

Prepare: number of updated asset objects reloaded= 0
========================================================================
Received Prepare
Begin MonoManager ReloadAssembly
- Loaded All Assemblies, in  4.074 seconds
Refreshing native plugins compatible for Editor in 3.94 ms, found 4 plugins.
Native extension for iOS target not found
Native extension for Android target not found
Native extension for WindowsStandalone target not found
Native extension for WebGL target not found
Mono: successfully reloaded assembly
- Finished resetting the current domain, in  1.152 seconds
Domain Reload Profiling: 5247ms
	BeginReloadAssembly (898ms)
		ExecutionOrderSort (0ms)
		DisableScriptedObjects (117ms)
		BackupInstance (0ms)
		ReleaseScriptingObjects (4ms)
		CreateAndSetChildDomain (323ms)
	RebuildCommonClasses (63ms)
	RebuildNativeTypeToScriptingClass (13ms)
	initialDomainReloadingComplete (52ms)
	LoadAllAssembliesAndSetupDomain (3066ms)
		LoadAssemblies (2403ms)
		RebuildTransferFunctionScriptingTraits (0ms)
		AnalyzeDomain (895ms)
			TypeCache.Refresh (62ms)
				TypeCache.ScanAssembly (0ms)
			BuildScriptInfoCaches (657ms)
			ResolveRequiredComponents (33ms)
	FinalizeReload (1154ms)
		ReleaseScriptCaches (0ms)
		RebuildScriptCaches (0ms)
		SetupLoadedEditorAssemblies (950ms)
			LogAssemblyErrors (0ms)
			InitializePlatformSupportModulesInManaged (22ms)
			SetLoadedEditorAssemblies (7ms)
			BeforeProcessingInitializeOnLoad (242ms)
			ProcessInitializeOnLoadAttributes (567ms)
			ProcessInitializeOnLoadMethodAttributes (109ms)
			AfterProcessingInitializeOnLoad (2ms)
			EditorAssembliesLoaded (1ms)
		ExecutionOrderSort2 (0ms)
		AwakeInstancesAfterBackupRestoration (23ms)
Refreshing native plugins compatible for Editor in 4.04 ms, found 4 plugins.
Preloading 0 native plugins for Editor in 0.00 ms.
Unloading 31 Unused Serialized files (Serialized files now loaded: 0)
Unloading 6724 unused Assets / (7.4 MB). Loaded Objects now: 7906.
Memory consumption went from 184.7 MB to 177.3 MB.
Total: 27.889500 ms (FindLiveObjects: 1.969300 ms CreateObjectMapping: 1.098300 ms MarkObjects: 16.568300 ms  DeleteObjects: 8.250300 ms)

Prepare: number of updated asset objects reloaded= 0
========================================================================
Received Prepare
Refreshing native plugins compatible for Editor in 2.50 ms, found 4 plugins.
Preloading 0 native plugins for Editor in 0.00 ms.
Unloading 31 Unused Serialized files (Serialized files now loaded: 0)
Unloading 6713 unused Assets / (9.4 MB). Loaded Objects now: 7906.
Memory consumption went from 186.7 MB to 177.3 MB.
Total: 298.865700 ms (FindLiveObjects: 6.409000 ms CreateObjectMapping: 0.757500 ms MarkObjects: 283.395100 ms  DeleteObjects: 8.301000 ms)

Prepare: number of updated asset objects reloaded= 0
========================================================================
Received Prepare
Begin MonoManager ReloadAssembly
- Loaded All Assemblies, in  4.348 seconds
Refreshing native plugins compatible for Editor in 1.28 ms, found 4 plugins.
Native extension for iOS target not found
Native extension for Android target not found
Native extension for WindowsStandalone target not found
Native extension for WebGL target not found
Mono: successfully reloaded assembly
- Finished resetting the current domain, in  1.790 seconds
Domain Reload Profiling: 6143ms
	BeginReloadAssembly (1681ms)
		ExecutionOrderSort (2ms)
		DisableScriptedObjects (316ms)
		BackupInstance (0ms)
		ReleaseScriptingObjects (5ms)
		CreateAndSetChildDomain (713ms)
	RebuildCommonClasses (71ms)
	RebuildNativeTypeToScriptingClass (17ms)
	initialDomainReloadingComplete (58ms)
	LoadAllAssembliesAndSetupDomain (2525ms)
		LoadAssemblies (2346ms)
		RebuildTransferFunctionScriptingTraits (0ms)
		AnalyzeDomain (493ms)
			TypeCache.Refresh (57ms)
				TypeCache.ScanAssembly (1ms)
			BuildScriptInfoCaches (370ms)
			ResolveRequiredComponents (17ms)
	FinalizeReload (1791ms)
		ReleaseScriptCaches (0ms)
		RebuildScriptCaches (0ms)
		SetupLoadedEditorAssemblies (1447ms)
			LogAssemblyErrors (0ms)
			InitializePlatformSupportModulesInManaged (37ms)
			SetLoadedEditorAssemblies (15ms)
			BeforeProcessingInitializeOnLoad (289ms)
			ProcessInitializeOnLoadAttributes (899ms)
			ProcessInitializeOnLoadMethodAttributes (203ms)
			AfterProcessingInitializeOnLoad (3ms)
			EditorAssembliesLoaded (1ms)
		ExecutionOrderSort2 (0ms)
		AwakeInstancesAfterBackupRestoration (31ms)
Refreshing native plugins compatible for Editor in 2.57 ms, found 4 plugins.
Preloading 0 native plugins for Editor in 0.00 ms.
Unloading 31 Unused Serialized files (Serialized files now loaded: 0)
Unloading 6724 unused Assets / (9.0 MB). Loaded Objects now: 7908.
Memory consumption went from 188.5 MB to 179.5 MB.
Total: 15.402600 ms (FindLiveObjects: 1.187300 ms CreateObjectMapping: 0.898500 ms MarkObjects: 6.704800 ms  DeleteObjects: 6.609800 ms)

Prepare: number of updated asset objects reloaded= 0
========================================================================
Received Prepare
Refreshing native plugins compatible for Editor in 1.88 ms, found 4 plugins.
Preloading 0 native plugins for Editor in 0.00 ms.
Unloading 31 Unused Serialized files (Serialized files now loaded: 0)
Unloading 6713 unused Assets / (7.7 MB). Loaded Objects now: 7908.
Memory consumption went from 190.5 MB to 182.8 MB.
Total: 16.094300 ms (FindLiveObjects: 0.875300 ms CreateObjectMapping: 1.681300 ms MarkObjects: 6.282400 ms  DeleteObjects: 7.254400 ms)

Prepare: number of updated asset objects reloaded= 0
========================================================================
Received Prepare
Begin MonoManager ReloadAssembly
- Loaded All Assemblies, in  6.171 seconds
Refreshing native plugins compatible for Editor in 3.39 ms, found 4 plugins.
Native extension for iOS target not found
Native extension for Android target not found
Native extension for WindowsStandalone target not found
Native extension for WebGL target not found
Mono: successfully reloaded assembly
- Finished resetting the current domain, in  1.431 seconds
Domain Reload Profiling: 7609ms
	BeginReloadAssembly (2270ms)
		ExecutionOrderSort (0ms)
		DisableScriptedObjects (232ms)
		BackupInstance (0ms)
		ReleaseScriptingObjects (7ms)
		CreateAndSetChildDomain (1364ms)
	RebuildCommonClasses (91ms)
	RebuildNativeTypeToScriptingClass (18ms)
	initialDomainReloadingComplete (63ms)
	LoadAllAssembliesAndSetupDomain (3735ms)
		LoadAssemblies (3616ms)
		RebuildTransferFunctionScriptingTraits (0ms)
		AnalyzeDomain (494ms)
			TypeCache.Refresh (63ms)
				TypeCache.ScanAssembly (1ms)
			BuildScriptInfoCaches (371ms)
			ResolveRequiredComponents (16ms)
	FinalizeReload (1432ms)
		ReleaseScriptCaches (0ms)
		RebuildScriptCaches (0ms)
		SetupLoadedEditorAssemblies (1183ms)
			LogAssemblyErrors (0ms)
			InitializePlatformSupportModulesInManaged (23ms)
			SetLoadedEditorAssemblies (8ms)
			BeforeProcessingInitializeOnLoad (262ms)
			ProcessInitializeOnLoadAttributes (776ms)
			ProcessInitializeOnLoadMethodAttributes (110ms)
			AfterProcessingInitializeOnLoad (2ms)
			EditorAssembliesLoaded (1ms)
		ExecutionOrderSort2 (0ms)
		AwakeInstancesAfterBackupRestoration (28ms)
Refreshing native plugins compatible for Editor in 2.83 ms, found 4 plugins.
Preloading 0 native plugins for Editor in 0.00 ms.
Unloading 31 Unused Serialized files (Serialized files now loaded: 0)
Unloading 6724 unused Assets / (8.7 MB). Loaded Objects now: 7910.
Memory consumption went from 192.2 MB to 183.5 MB.
Total: 16.970000 ms (FindLiveObjects: 1.336100 ms CreateObjectMapping: 0.967900 ms MarkObjects: 7.532700 ms  DeleteObjects: 7.131100 ms)

Prepare: number of updated asset objects reloaded= 0
========================================================================
Received Prepare
Refreshing native plugins compatible for Editor in 2.79 ms, found 4 plugins.
Preloading 0 native plugins for Editor in 0.00 ms.
Unloading 31 Unused Serialized files (Serialized files now loaded: 0)
Unloading 6713 unused Assets / (8.5 MB). Loaded Objects now: 7910.
Memory consumption went from 194.2 MB to 185.7 MB.
Total: 223.344800 ms (FindLiveObjects: 3.802200 ms CreateObjectMapping: 1.636800 ms MarkObjects: 209.923100 ms  DeleteObjects: 7.980000 ms)

Prepare: number of updated asset objects reloaded= 0
========================================================================
Received Prepare
Begin MonoManager ReloadAssembly
- Loaded All Assemblies, in  6.630 seconds
Refreshing native plugins compatible for Editor in 1.57 ms, found 4 plugins.
Native extension for iOS target not found
Native extension for Android target not found
Native extension for WindowsStandalone target not found
Native extension for WebGL target not found
Mono: successfully reloaded assembly
- Finished resetting the current domain, in  1.005 seconds
Domain Reload Profiling: 7682ms
	BeginReloadAssembly (2567ms)
		ExecutionOrderSort (1ms)
		DisableScriptedObjects (264ms)
		BackupInstance (0ms)
		ReleaseScriptingObjects (6ms)
		CreateAndSetChildDomain (1524ms)
	RebuildCommonClasses (66ms)
	RebuildNativeTypeToScriptingClass (13ms)
	initialDomainReloadingComplete (63ms)
	LoadAllAssembliesAndSetupDomain (3968ms)
		LoadAssemblies (2557ms)
		RebuildTransferFunctionScriptingTraits (0ms)
		AnalyzeDomain (1699ms)
			TypeCache.Refresh (140ms)
				TypeCache.ScanAssembly (3ms)
			BuildScriptInfoCaches (1023ms)
			ResolveRequiredComponents (138ms)
	FinalizeReload (1006ms)
		ReleaseScriptCaches (0ms)
		RebuildScriptCaches (0ms)
		SetupLoadedEditorAssemblies (803ms)
			LogAssemblyErrors (0ms)
			InitializePlatformSupportModulesInManaged (18ms)
			SetLoadedEditorAssemblies (7ms)
			BeforeProcessingInitializeOnLoad (213ms)
			ProcessInitializeOnLoadAttributes (485ms)
			ProcessInitializeOnLoadMethodAttributes (77ms)
			AfterProcessingInitializeOnLoad (2ms)
			EditorAssembliesLoaded (1ms)
		ExecutionOrderSort2 (0ms)
		AwakeInstancesAfterBackupRestoration (23ms)
Refreshing native plugins compatible for Editor in 1.61 ms, found 4 plugins.
Preloading 0 native plugins for Editor in 0.00 ms.
Unloading 31 Unused Serialized files (Serialized files now loaded: 0)
Unloading 6724 unused Assets / (8.6 MB). Loaded Objects now: 7912.
Memory consumption went from 195.9 MB to 187.3 MB.
Total: 19.585400 ms (FindLiveObjects: 1.142800 ms CreateObjectMapping: 1.270100 ms MarkObjects: 9.637800 ms  DeleteObjects: 7.530600 ms)

Prepare: number of updated asset objects reloaded= 0
========================================================================
Received Prepare
Refreshing native plugins compatible for Editor in 2.98 ms, found 4 plugins.
Preloading 0 native plugins for Editor in 0.00 ms.
Unloading 31 Unused Serialized files (Serialized files now loaded: 0)
Unloading 6713 unused Assets / (8.7 MB). Loaded Objects now: 7912.
Memory consumption went from 197.9 MB to 189.2 MB.
Total: 549.304900 ms (FindLiveObjects: 8.247100 ms CreateObjectMapping: 1.072000 ms MarkObjects: 496.805600 ms  DeleteObjects: 43.177200 ms)

Prepare: number of updated asset objects reloaded= 0
========================================================================
Received Prepare
Begin MonoManager ReloadAssembly
- Loaded All Assemblies, in  3.834 seconds
Refreshing native plugins compatible for Editor in 1.49 ms, found 4 plugins.
Native extension for iOS target not found
Native extension for Android target not found
Native extension for WindowsStandalone target not found
Native extension for WebGL target not found
Mono: successfully reloaded assembly
- Finished resetting the current domain, in  1.287 seconds
Domain Reload Profiling: 5127ms
	BeginReloadAssembly (1145ms)
		ExecutionOrderSort (1ms)
		DisableScriptedObjects (211ms)
		BackupInstance (0ms)
		ReleaseScriptingObjects (3ms)
		CreateAndSetChildDomain (440ms)
	RebuildCommonClasses (51ms)
	RebuildNativeTypeToScriptingClass (13ms)
	initialDomainReloadingComplete (54ms)
	LoadAllAssembliesAndSetupDomain (2577ms)
		LoadAssemblies (2458ms)
		RebuildTransferFunctionScriptingTraits (0ms)
		AnalyzeDomain (386ms)
			TypeCache.Refresh (45ms)
				TypeCache.ScanAssembly (1ms)
			BuildScriptInfoCaches (274ms)
			ResolveRequiredComponents (17ms)
	FinalizeReload (1288ms)
		ReleaseScriptCaches (0ms)
		RebuildScriptCaches (0ms)
		SetupLoadedEditorAssemblies (1074ms)
			LogAssemblyErrors (0ms)
			InitializePlatformSupportModulesInManaged (18ms)
			SetLoadedEditorAssemblies (8ms)
			BeforeProcessingInitializeOnLoad (287ms)
			ProcessInitializeOnLoadAttributes (681ms)
			ProcessInitializeOnLoadMethodAttributes (77ms)
			AfterProcessingInitializeOnLoad (2ms)
			EditorAssembliesLoaded (1ms)
		ExecutionOrderSort2 (0ms)
		AwakeInstancesAfterBackupRestoration (38ms)
Refreshing native plugins compatible for Editor in 1.42 ms, found 4 plugins.
Preloading 0 native plugins for Editor in 0.00 ms.
Unloading 31 Unused Serialized files (Serialized files now loaded: 0)
Unloading 6724 unused Assets / (7.6 MB). Loaded Objects now: 7914.
Memory consumption went from 199.6 MB to 192.0 MB.
Total: 17.347500 ms (FindLiveObjects: 1.243500 ms CreateObjectMapping: 0.985400 ms MarkObjects: 8.953900 ms  DeleteObjects: 6.161600 ms)

Prepare: number of updated asset objects reloaded= 0
========================================================================
Received Prepare
Begin MonoManager ReloadAssembly
- Loaded All Assemblies, in  4.805 seconds
Refreshing native plugins compatible for Editor in 2.70 ms, found 4 plugins.
Native extension for iOS target not found
Native extension for Android target not found
Native extension for WindowsStandalone target not found
Native extension for WebGL target not found
Mono: successfully reloaded assembly
- Finished resetting the current domain, in  1.317 seconds
Domain Reload Profiling: 6126ms
	BeginReloadAssembly (1571ms)
		ExecutionOrderSort (1ms)
		DisableScriptedObjects (157ms)
		BackupInstance (0ms)
		ReleaseScriptingObjects (4ms)
		CreateAndSetChildDomain (681ms)
	RebuildCommonClasses (52ms)
	RebuildNativeTypeToScriptingClass (12ms)
	initialDomainReloadingComplete (57ms)
	LoadAllAssembliesAndSetupDomain (3116ms)
		LoadAssemblies (3029ms)
		RebuildTransferFunctionScriptingTraits (0ms)
		AnalyzeDomain (375ms)
			TypeCache.Refresh (30ms)
				TypeCache.ScanAssembly (0ms)
			BuildScriptInfoCaches (284ms)
			ResolveRequiredComponents (15ms)
	FinalizeReload (1318ms)
		ReleaseScriptCaches (0ms)
		RebuildScriptCaches (0ms)
		SetupLoadedEditorAssemblies (1101ms)
			LogAssemblyErrors (0ms)
			InitializePlatformSupportModulesInManaged (21ms)
			SetLoadedEditorAssemblies (8ms)
			BeforeProcessingInitializeOnLoad (247ms)
			ProcessInitializeOnLoadAttributes (720ms)
			ProcessInitializeOnLoadMethodAttributes (101ms)
			AfterProcessingInitializeOnLoad (2ms)
			EditorAssembliesLoaded (1ms)
		ExecutionOrderSort2 (0ms)
		AwakeInstancesAfterBackupRestoration (30ms)
Refreshing native plugins compatible for Editor in 1.56 ms, found 4 plugins.
Preloading 0 native plugins for Editor in 0.00 ms.
Unloading 31 Unused Serialized files (Serialized files now loaded: 0)
Unloading 6724 unused Assets / (8.2 MB). Loaded Objects now: 7916.
Memory consumption went from 201.4 MB to 193.2 MB.
Total: 16.154200 ms (FindLiveObjects: 1.469800 ms CreateObjectMapping: 0.990600 ms MarkObjects: 7.039200 ms  DeleteObjects: 6.651700 ms)

Prepare: number of updated asset objects reloaded= 0
========================================================================
Received Prepare
Begin MonoManager ReloadAssembly
- Loaded All Assemblies, in  4.243 seconds
Refreshing native plugins compatible for Editor in 1.31 ms, found 4 plugins.
Native extension for iOS target not found
Native extension for Android target not found
Native extension for WindowsStandalone target not found
Native extension for WebGL target not found
Mono: successfully reloaded assembly
- Finished resetting the current domain, in  1.795 seconds
Domain Reload Profiling: 6061ms
	BeginReloadAssembly (1808ms)
		ExecutionOrderSort (3ms)
		DisableScriptedObjects (321ms)
		BackupInstance (0ms)
		ReleaseScriptingObjects (6ms)
		CreateAndSetChildDomain (490ms)
	RebuildCommonClasses (105ms)
	RebuildNativeTypeToScriptingClass (15ms)
	initialDomainReloadingComplete (74ms)
	LoadAllAssembliesAndSetupDomain (2250ms)
		LoadAssemblies (2031ms)
		RebuildTransferFunctionScriptingTraits (0ms)
		AnalyzeDomain (492ms)
			TypeCache.Refresh (38ms)
				TypeCache.ScanAssembly (0ms)
			BuildScriptInfoCaches (386ms)
			ResolveRequiredComponents (16ms)
	FinalizeReload (1808ms)
		ReleaseScriptCaches (0ms)
		RebuildScriptCaches (0ms)
		SetupLoadedEditorAssemblies (1558ms)
			LogAssemblyErrors (0ms)
			InitializePlatformSupportModulesInManaged (27ms)
			SetLoadedEditorAssemblies (7ms)
			BeforeProcessingInitializeOnLoad (310ms)
			ProcessInitializeOnLoadAttributes (1016ms)
			ProcessInitializeOnLoadMethodAttributes (194ms)
			AfterProcessingInitializeOnLoad (3ms)
			EditorAssembliesLoaded (1ms)
		ExecutionOrderSort2 (0ms)
		AwakeInstancesAfterBackupRestoration (30ms)
Refreshing native plugins compatible for Editor in 1.76 ms, found 4 plugins.
Preloading 0 native plugins for Editor in 0.00 ms.
Unloading 31 Unused Serialized files (Serialized files now loaded: 0)
Unloading 6724 unused Assets / (8.5 MB). Loaded Objects now: 7918.
Memory consumption went from 203.3 MB to 194.8 MB.
Total: 19.648000 ms (FindLiveObjects: 1.859400 ms CreateObjectMapping: 0.649700 ms MarkObjects: 9.555000 ms  DeleteObjects: 7.582000 ms)

Prepare: number of updated asset objects reloaded= 0
========================================================================
Received Prepare
Refreshing native plugins compatible for Editor in 1.84 ms, found 4 plugins.
Preloading 0 native plugins for Editor in 0.00 ms.
Unloading 31 Unused Serialized files (Serialized files now loaded: 0)
Unloading 6713 unused Assets / (8.8 MB). Loaded Objects now: 7918.
Memory consumption went from 205.3 MB to 196.5 MB.
Total: 307.830000 ms (FindLiveObjects: 10.540700 ms CreateObjectMapping: 1.001500 ms MarkObjects: 287.740700 ms  DeleteObjects: 8.543800 ms)

Prepare: number of updated asset objects reloaded= 0
========================================================================
Received Prepare
Begin MonoManager ReloadAssembly
- Loaded All Assemblies, in  4.232 seconds
Refreshing native plugins compatible for Editor in 1.21 ms, found 4 plugins.
Native extension for iOS target not found
Native extension for Android target not found
Native extension for WindowsStandalone target not found
Native extension for WebGL target not found
Mono: successfully reloaded assembly
- Finished resetting the current domain, in  1.331 seconds
Domain Reload Profiling: 5572ms
	BeginReloadAssembly (2229ms)
		ExecutionOrderSort (0ms)
		DisableScriptedObjects (216ms)
		BackupInstance (0ms)
		ReleaseScriptingObjects (3ms)
		CreateAndSetChildDomain (1003ms)
	RebuildCommonClasses (96ms)
	RebuildNativeTypeToScriptingClass (12ms)
	initialDomainReloadingComplete (180ms)
	LoadAllAssembliesAndSetupDomain (1723ms)
		LoadAssemblies (1936ms)
		RebuildTransferFunctionScriptingTraits (0ms)
		AnalyzeDomain (525ms)
			TypeCache.Refresh (59ms)
				TypeCache.ScanAssembly (1ms)
			BuildScriptInfoCaches (400ms)
			ResolveRequiredComponents (18ms)
	FinalizeReload (1332ms)
		ReleaseScriptCaches (0ms)
		RebuildScriptCaches (0ms)
		SetupLoadedEditorAssemblies (1114ms)
			LogAssemblyErrors (0ms)
			InitializePlatformSupportModulesInManaged (20ms)
			SetLoadedEditorAssemblies (8ms)
			BeforeProcessingInitializeOnLoad (216ms)
			ProcessInitializeOnLoadAttributes (767ms)
			ProcessInitializeOnLoadMethodAttributes (100ms)
			AfterProcessingInitializeOnLoad (2ms)
			EditorAssembliesLoaded (1ms)
		ExecutionOrderSort2 (0ms)
		AwakeInstancesAfterBackupRestoration (23ms)
Refreshing native plugins compatible for Editor in 2.06 ms, found 4 plugins.
Preloading 0 native plugins for Editor in 0.00 ms.
Unloading 31 Unused Serialized files (Serialized files now loaded: 0)
Unloading 6724 unused Assets / (8.4 MB). Loaded Objects now: 7920.
Memory consumption went from 207.0 MB to 198.6 MB.
Total: 17.070700 ms (FindLiveObjects: 1.476200 ms CreateObjectMapping: 1.154000 ms MarkObjects: 7.502700 ms  DeleteObjects: 6.935300 ms)

Prepare: number of updated asset objects reloaded= 0
========================================================================
Received Prepare
Refreshing native plugins compatible for Editor in 1.80 ms, found 4 plugins.
Preloading 0 native plugins for Editor in 0.00 ms.
Unloading 31 Unused Serialized files (Serialized files now loaded: 0)
Unloading 6713 unused Assets / (9.3 MB). Loaded Objects now: 7920.
Memory consumption went from 209.0 MB to 199.7 MB.
Total: 364.723600 ms (FindLiveObjects: 7.826000 ms CreateObjectMapping: 0.975800 ms MarkObjects: 340.324200 ms  DeleteObjects: 15.592900 ms)

Prepare: number of updated asset objects reloaded= 0
========================================================================
Received Prepare
Begin MonoManager ReloadAssembly
- Loaded All Assemblies, in  4.400 seconds
Refreshing native plugins compatible for Editor in 1.27 ms, found 4 plugins.
Native extension for iOS target not found
Native extension for Android target not found
Native extension for WindowsStandalone target not found
Native extension for WebGL target not found
Mono: successfully reloaded assembly
- Finished resetting the current domain, in  1.020 seconds
Domain Reload Profiling: 5431ms
	BeginReloadAssembly (1605ms)
		ExecutionOrderSort (3ms)
		DisableScriptedObjects (237ms)
		BackupInstance (0ms)
		ReleaseScriptingObjects (3ms)
		CreateAndSetChildDomain (705ms)
	RebuildCommonClasses (49ms)
	RebuildNativeTypeToScriptingClass (12ms)
	initialDomainReloadingComplete (57ms)
	LoadAllAssembliesAndSetupDomain (2687ms)
		LoadAssemblies (2271ms)
		RebuildTransferFunctionScriptingTraits (0ms)
		AnalyzeDomain (728ms)
			TypeCache.Refresh (66ms)
				TypeCache.ScanAssembly (1ms)
			BuildScriptInfoCaches (541ms)
			ResolveRequiredComponents (20ms)
	FinalizeReload (1021ms)
		ReleaseScriptCaches (0ms)
		RebuildScriptCaches (0ms)
		SetupLoadedEditorAssemblies (823ms)
			LogAssemblyErrors (0ms)
			InitializePlatformSupportModulesInManaged (18ms)
			SetLoadedEditorAssemblies (7ms)
			BeforeProcessingInitializeOnLoad (215ms)
			ProcessInitializeOnLoadAttributes (499ms)
			ProcessInitializeOnLoadMethodAttributes (82ms)
			AfterProcessingInitializeOnLoad (2ms)
			EditorAssembliesLoaded (1ms)
		ExecutionOrderSort2 (0ms)
		AwakeInstancesAfterBackupRestoration (20ms)
Refreshing native plugins compatible for Editor in 1.53 ms, found 4 plugins.
Preloading 0 native plugins for Editor in 0.00 ms.
Unloading 31 Unused Serialized files (Serialized files now loaded: 0)
Unloading 6724 unused Assets / (7.2 MB). Loaded Objects now: 7922.
Memory consumption went from 210.7 MB to 203.5 MB.
Total: 14.318300 ms (FindLiveObjects: 0.815900 ms CreateObjectMapping: 1.083600 ms MarkObjects: 7.494400 ms  DeleteObjects: 4.922100 ms)

Prepare: number of updated asset objects reloaded= 0
========================================================================
Received Prepare
Begin MonoManager ReloadAssembly
- Loaded All Assemblies, in  2.834 seconds
Refreshing native plugins compatible for Editor in 1.62 ms, found 4 plugins.
Native extension for iOS target not found
Native extension for Android target not found
Native extension for WindowsStandalone target not found
Native extension for WebGL target not found
Mono: successfully reloaded assembly
- Finished resetting the current domain, in  1.355 seconds
Domain Reload Profiling: 4201ms
	BeginReloadAssembly (1661ms)
		ExecutionOrderSort (1ms)
		DisableScriptedObjects (205ms)
		BackupInstance (0ms)
		ReleaseScriptingObjects (3ms)
		CreateAndSetChildDomain (830ms)
	RebuildCommonClasses (52ms)
	RebuildNativeTypeToScriptingClass (12ms)
	initialDomainReloadingComplete (51ms)
	LoadAllAssembliesAndSetupDomain (1070ms)
		LoadAssemblies (991ms)
		RebuildTransferFunctionScriptingTraits (0ms)
		AnalyzeDomain (453ms)
			TypeCache.Refresh (35ms)
				TypeCache.ScanAssembly (0ms)
			BuildScriptInfoCaches (346ms)
			ResolveRequiredComponents (20ms)
	FinalizeReload (1356ms)
		ReleaseScriptCaches (0ms)
		RebuildScriptCaches (0ms)
		SetupLoadedEditorAssemblies (1098ms)
			LogAssemblyErrors (0ms)
			InitializePlatformSupportModulesInManaged (22ms)
			SetLoadedEditorAssemblies (10ms)
			BeforeProcessingInitializeOnLoad (267ms)
			ProcessInitializeOnLoadAttributes (673ms)
			ProcessInitializeOnLoadMethodAttributes (124ms)
			AfterProcessingInitializeOnLoad (2ms)
			EditorAssembliesLoaded (1ms)
		ExecutionOrderSort2 (0ms)
		AwakeInstancesAfterBackupRestoration (24ms)
Refreshing native plugins compatible for Editor in 1.41 ms, found 4 plugins.
Preloading 0 native plugins for Editor in 0.00 ms.
Unloading 31 Unused Serialized files (Serialized files now loaded: 0)
Unloading 6724 unused Assets / (8.7 MB). Loaded Objects now: 7924.
Memory consumption went from 212.6 MB to 203.9 MB.
Total: 17.528200 ms (FindLiveObjects: 1.400500 ms CreateObjectMapping: 1.358400 ms MarkObjects: 7.182400 ms  DeleteObjects: 7.584400 ms)

Prepare: number of updated asset objects reloaded= 0
========================================================================
Received Prepare
Refreshing native plugins compatible for Editor in 2.90 ms, found 4 plugins.
Preloading 0 native plugins for Editor in 0.00 ms.
Unloading 31 Unused Serialized files (Serialized files now loaded: 0)
Unloading 6713 unused Assets / (8.5 MB). Loaded Objects now: 7924.
Memory consumption went from 214.6 MB to 206.1 MB.
Total: 1082.080100 ms (FindLiveObjects: 12.428800 ms CreateObjectMapping: 1.637900 ms MarkObjects: 1060.650100 ms  DeleteObjects: 7.359500 ms)

Prepare: number of updated asset objects reloaded= 0
========================================================================
Received Prepare
Begin MonoManager ReloadAssembly
- Loaded All Assemblies, in  4.719 seconds
Refreshing native plugins compatible for Editor in 1.26 ms, found 4 plugins.
Native extension for iOS target not found
Native extension for Android target not found
Native extension for WindowsStandalone target not found
Native extension for WebGL target not found
Mono: successfully reloaded assembly
- Finished resetting the current domain, in  1.120 seconds
Domain Reload Profiling: 5844ms
	BeginReloadAssembly (1420ms)
		ExecutionOrderSort (2ms)
		DisableScriptedObjects (299ms)
		BackupInstance (0ms)
		ReleaseScriptingObjects (3ms)
		CreateAndSetChildDomain (523ms)
	RebuildCommonClasses (63ms)
	RebuildNativeTypeToScriptingClass (13ms)
	initialDomainReloadingComplete (53ms)
	LoadAllAssembliesAndSetupDomain (3175ms)
		LoadAssemblies (3044ms)
		RebuildTransferFunctionScriptingTraits (0ms)
		AnalyzeDomain (466ms)
			TypeCache.Refresh (78ms)
				TypeCache.ScanAssembly (1ms)
			BuildScriptInfoCaches (330ms)
			ResolveRequiredComponents (16ms)
	FinalizeReload (1120ms)
		ReleaseScriptCaches (0ms)
		RebuildScriptCaches (0ms)
		SetupLoadedEditorAssemblies (874ms)
			LogAssemblyErrors (0ms)
			InitializePlatformSupportModulesInManaged (23ms)
			SetLoadedEditorAssemblies (7ms)
			BeforeProcessingInitializeOnLoad (204ms)
			ProcessInitializeOnLoadAttributes (530ms)
			ProcessInitializeOnLoadMethodAttributes (107ms)
			AfterProcessingInitializeOnLoad (2ms)
			EditorAssembliesLoaded (1ms)
		ExecutionOrderSort2 (0ms)
		AwakeInstancesAfterBackupRestoration (27ms)
Refreshing native plugins compatible for Editor in 1.44 ms, found 4 plugins.
Preloading 0 native plugins for Editor in 0.00 ms.
Unloading 31 Unused Serialized files (Serialized files now loaded: 0)
Unloading 6724 unused Assets / (8.0 MB). Loaded Objects now: 7926.
Memory consumption went from 216.2 MB to 208.2 MB.
Total: 17.091000 ms (FindLiveObjects: 1.986200 ms CreateObjectMapping: 0.958000 ms MarkObjects: 7.435100 ms  DeleteObjects: 6.708500 ms)

Prepare: number of updated asset objects reloaded= 0
========================================================================
Received Prepare
Begin MonoManager ReloadAssembly
- Loaded All Assemblies, in  0.989 seconds
Refreshing native plugins compatible for Editor in 1.32 ms, found 4 plugins.
Native extension for iOS target not found
Native extension for Android target not found
Native extension for WindowsStandalone target not found
Native extension for WebGL target not found
Mono: successfully reloaded assembly
- Finished resetting the current domain, in  1.087 seconds
Domain Reload Profiling: 2079ms
	BeginReloadAssembly (271ms)
		ExecutionOrderSort (0ms)
		DisableScriptedObjects (23ms)
		BackupInstance (0ms)
		ReleaseScriptingObjects (1ms)
		CreateAndSetChildDomain (82ms)
	RebuildCommonClasses (36ms)
	RebuildNativeTypeToScriptingClass (12ms)
	initialDomainReloadingComplete (30ms)
	LoadAllAssembliesAndSetupDomain (643ms)
		LoadAssemblies (459ms)
		RebuildTransferFunctionScriptingTraits (0ms)
		AnalyzeDomain (287ms)
			TypeCache.Refresh (22ms)
				TypeCache.ScanAssembly (0ms)
			BuildScriptInfoCaches (203ms)
			ResolveRequiredComponents (16ms)
	FinalizeReload (1087ms)
		ReleaseScriptCaches (0ms)
		RebuildScriptCaches (0ms)
		SetupLoadedEditorAssemblies (886ms)
			LogAssemblyErrors (0ms)
			InitializePlatformSupportModulesInManaged (19ms)
			SetLoadedEditorAssemblies (8ms)
			BeforeProcessingInitializeOnLoad (255ms)
			ProcessInitializeOnLoadAttributes (528ms)
			ProcessInitializeOnLoadMethodAttributes (74ms)
			AfterProcessingInitializeOnLoad (2ms)
			EditorAssembliesLoaded (1ms)
		ExecutionOrderSort2 (0ms)
		AwakeInstancesAfterBackupRestoration (19ms)
Refreshing native plugins compatible for Editor in 2.11 ms, found 4 plugins.
Preloading 0 native plugins for Editor in 0.00 ms.
Unloading 31 Unused Serialized files (Serialized files now loaded: 0)
Unloading 6724 unused Assets / (7.4 MB). Loaded Objects now: 7928.
Memory consumption went from 218.2 MB to 210.8 MB.
Total: 17.427000 ms (FindLiveObjects: 1.173900 ms CreateObjectMapping: 1.369400 ms MarkObjects: 7.399700 ms  DeleteObjects: 7.481300 ms)

Prepare: number of updated asset objects reloaded= 0
========================================================================
Received Prepare
Refreshing native plugins compatible for Editor in 3.12 ms, found 4 plugins.
Preloading 0 native plugins for Editor in 0.00 ms.
Unloading 31 Unused Serialized files (Serialized files now loaded: 0)
Unloading 6713 unused Assets / (9.0 MB). Loaded Objects now: 7928.
Memory consumption went from 220.2 MB to 211.2 MB.
Total: 242.878000 ms (FindLiveObjects: 6.836900 ms CreateObjectMapping: 1.341400 ms MarkObjects: 225.938600 ms  DeleteObjects: 8.757000 ms)

Prepare: number of updated asset objects reloaded= 0
========================================================================
Received Prepare
Begin MonoManager ReloadAssembly
- Loaded All Assemblies, in  6.937 seconds
Refreshing native plugins compatible for Editor in 1.67 ms, found 4 plugins.
Native extension for iOS target not found
Native extension for Android target not found
Native extension for WindowsStandalone target not found
Native extension for WebGL target not found
Mono: successfully reloaded assembly
- Finished resetting the current domain, in  1.356 seconds
Domain Reload Profiling: 8314ms
	BeginReloadAssembly (4085ms)
		ExecutionOrderSort (1ms)
		DisableScriptedObjects (1066ms)
		BackupInstance (0ms)
		ReleaseScriptingObjects (7ms)
		CreateAndSetChildDomain (1784ms)
	RebuildCommonClasses (51ms)
	RebuildNativeTypeToScriptingClass (11ms)
	initialDomainReloadingComplete (53ms)
	LoadAllAssembliesAndSetupDomain (2756ms)
		LoadAssemblies (2207ms)
		RebuildTransferFunctionScriptingTraits (0ms)
		AnalyzeDomain (1128ms)
			TypeCache.Refresh (83ms)
				TypeCache.ScanAssembly (2ms)
			BuildScriptInfoCaches (841ms)
			ResolveRequiredComponents (24ms)
	FinalizeReload (1357ms)
		ReleaseScriptCaches (0ms)
		RebuildScriptCaches (0ms)
		SetupLoadedEditorAssemblies (1073ms)
			LogAssemblyErrors (0ms)
			InitializePlatformSupportModulesInManaged (24ms)
			SetLoadedEditorAssemblies (9ms)
			BeforeProcessingInitializeOnLoad (246ms)
			ProcessInitializeOnLoadAttributes (652ms)
			ProcessInitializeOnLoadMethodAttributes (125ms)
			AfterProcessingInitializeOnLoad (2ms)
			EditorAssembliesLoaded (15ms)
		ExecutionOrderSort2 (0ms)
		AwakeInstancesAfterBackupRestoration (32ms)
Refreshing native plugins compatible for Editor in 3.63 ms, found 4 plugins.
Preloading 0 native plugins for Editor in 0.00 ms.
Unloading 31 Unused Serialized files (Serialized files now loaded: 0)
Unloading 6724 unused Assets / (9.0 MB). Loaded Objects now: 7930.
Memory consumption went from 210.9 MB to 201.9 MB.
Total: 23.152300 ms (FindLiveObjects: 1.981900 ms CreateObjectMapping: 1.264000 ms MarkObjects: 9.213600 ms  DeleteObjects: 10.689300 ms)

Prepare: number of updated asset objects reloaded= 0
========================================================================
Received Prepare
Refreshing native plugins compatible for Editor in 1.42 ms, found 4 plugins.
Preloading 0 native plugins for Editor in 0.00 ms.
Unloading 31 Unused Serialized files (Serialized files now loaded: 0)
Unloading 6713 unused Assets / (10.0 MB). Loaded Objects now: 7930.
Memory consumption went from 212.8 MB to 202.8 MB.
Total: 21.957100 ms (FindLiveObjects: 1.098500 ms CreateObjectMapping: 1.211800 ms MarkObjects: 6.761100 ms  DeleteObjects: 12.883700 ms)

Prepare: number of updated asset objects reloaded= 0
========================================================================
Received Prepare
Begin MonoManager ReloadAssembly
- Loaded All Assemblies, in  5.514 seconds
Refreshing native plugins compatible for Editor in 1.67 ms, found 4 plugins.
Native extension for iOS target not found
Native extension for Android target not found
Native extension for WindowsStandalone target not found
Native extension for WebGL target not found
Mono: successfully reloaded assembly
- Finished resetting the current domain, in  1.528 seconds
Domain Reload Profiling: 7134ms
	BeginReloadAssembly (1482ms)
		ExecutionOrderSort (1ms)
		DisableScriptedObjects (192ms)
		BackupInstance (0ms)
		ReleaseScriptingObjects (3ms)
		CreateAndSetChildDomain (592ms)
	RebuildCommonClasses (77ms)
	RebuildNativeTypeToScriptingClass (12ms)
	initialDomainReloadingComplete (70ms)
	LoadAllAssembliesAndSetupDomain (3962ms)
		LoadAssemblies (2679ms)
		RebuildTransferFunctionScriptingTraits (0ms)
		AnalyzeDomain (1619ms)
			TypeCache.Refresh (97ms)
				TypeCache.ScanAssembly (2ms)
			BuildScriptInfoCaches (1320ms)
			ResolveRequiredComponents (59ms)
	FinalizeReload (1532ms)
		ReleaseScriptCaches (0ms)
		RebuildScriptCaches (0ms)
		SetupLoadedEditorAssemblies (1186ms)
			LogAssemblyErrors (0ms)
			InitializePlatformSupportModulesInManaged (34ms)
			SetLoadedEditorAssemblies (7ms)
			BeforeProcessingInitializeOnLoad (221ms)
			ProcessInitializeOnLoadAttributes (495ms)
			ProcessInitializeOnLoadMethodAttributes (408ms)
			AfterProcessingInitializeOnLoad (2ms)
			EditorAssembliesLoaded (21ms)
		ExecutionOrderSort2 (0ms)
		AwakeInstancesAfterBackupRestoration (70ms)
Refreshing native plugins compatible for Editor in 1.87 ms, found 4 plugins.
Preloading 0 native plugins for Editor in 0.00 ms.
Unloading 31 Unused Serialized files (Serialized files now loaded: 0)
Unloading 6724 unused Assets / (8.1 MB). Loaded Objects now: 7932.
Memory consumption went from 214.6 MB to 206.5 MB.
Total: 15.695300 ms (FindLiveObjects: 1.024400 ms CreateObjectMapping: 1.028500 ms MarkObjects: 7.614900 ms  DeleteObjects: 6.025400 ms)

Prepare: number of updated asset objects reloaded= 0
========================================================================
Received Prepare
Begin MonoManager ReloadAssembly
- Loaded All Assemblies, in  3.961 seconds
Refreshing native plugins compatible for Editor in 1.77 ms, found 4 plugins.
Native extension for iOS target not found
Native extension for Android target not found
Native extension for WindowsStandalone target not found
Native extension for WebGL target not found
Mono: successfully reloaded assembly
- Finished resetting the current domain, in  1.155 seconds
Domain Reload Profiling: 5130ms
	BeginReloadAssembly (1936ms)
		ExecutionOrderSort (1ms)
		DisableScriptedObjects (242ms)
		BackupInstance (0ms)
		ReleaseScriptingObjects (3ms)
		CreateAndSetChildDomain (1089ms)
	RebuildCommonClasses (47ms)
	RebuildNativeTypeToScriptingClass (13ms)
	initialDomainReloadingComplete (49ms)
	LoadAllAssembliesAndSetupDomain (1931ms)
		LoadAssemblies (1093ms)
		RebuildTransferFunctionScriptingTraits (0ms)
		AnalyzeDomain (1037ms)
			TypeCache.Refresh (107ms)
				TypeCache.ScanAssembly (1ms)
			BuildScriptInfoCaches (830ms)
			ResolveRequiredComponents (21ms)
	FinalizeReload (1155ms)
		ReleaseScriptCaches (0ms)
		RebuildScriptCaches (0ms)
		SetupLoadedEditorAssemblies (911ms)
			LogAssemblyErrors (0ms)
			InitializePlatformSupportModulesInManaged (18ms)
			SetLoadedEditorAssemblies (7ms)
			BeforeProcessingInitializeOnLoad (238ms)
			ProcessInitializeOnLoadAttributes (550ms)
			ProcessInitializeOnLoadMethodAttributes (93ms)
			AfterProcessingInitializeOnLoad (3ms)
			EditorAssembliesLoaded (1ms)
		ExecutionOrderSort2 (0ms)
		AwakeInstancesAfterBackupRestoration (23ms)
Refreshing native plugins compatible for Editor in 1.34 ms, found 4 plugins.
Preloading 0 native plugins for Editor in 0.00 ms.
Unloading 31 Unused Serialized files (Serialized files now loaded: 0)
Unloading 6724 unused Assets / (7.5 MB). Loaded Objects now: 7934.
Memory consumption went from 216.4 MB to 209.0 MB.
Total: 13.394800 ms (FindLiveObjects: 0.988200 ms CreateObjectMapping: 0.902000 ms MarkObjects: 6.394800 ms  DeleteObjects: 5.107300 ms)

Prepare: number of updated asset objects reloaded= 0
========================================================================
Received Prepare
Refreshing native plugins compatible for Editor in 2.17 ms, found 4 plugins.
Preloading 0 native plugins for Editor in 0.00 ms.
Unloading 31 Unused Serialized files (Serialized files now loaded: 0)
Unloading 6713 unused Assets / (8.3 MB). Loaded Objects now: 7934.
Memory consumption went from 218.4 MB to 210.1 MB.
Total: 215.627800 ms (FindLiveObjects: 3.575300 ms CreateObjectMapping: 1.018500 ms MarkObjects: 203.539900 ms  DeleteObjects: 7.491500 ms)

Prepare: number of updated asset objects reloaded= 0
========================================================================
Received Prepare
Begin MonoManager ReloadAssembly
- Loaded All Assemblies, in  4.373 seconds
Refreshing native plugins compatible for Editor in 1.36 ms, found 4 plugins.
Native extension for iOS target not found
Native extension for Android target not found
Native extension for WindowsStandalone target not found
Native extension for WebGL target not found
Mono: successfully reloaded assembly
- Finished resetting the current domain, in  1.474 seconds
Domain Reload Profiling: 5866ms
	BeginReloadAssembly (2143ms)
		ExecutionOrderSort (1ms)
		DisableScriptedObjects (394ms)
		BackupInstance (0ms)
		ReleaseScriptingObjects (3ms)
		CreateAndSetChildDomain (920ms)
	RebuildCommonClasses (183ms)
	RebuildNativeTypeToScriptingClass (15ms)
	initialDomainReloadingComplete (52ms)
	LoadAllAssembliesAndSetupDomain (1986ms)
		LoadAssemblies (2050ms)
		RebuildTransferFunctionScriptingTraits (0ms)
		AnalyzeDomain (436ms)
			TypeCache.Refresh (51ms)
				TypeCache.ScanAssembly (1ms)
			BuildScriptInfoCaches (323ms)
			ResolveRequiredComponents (15ms)
	FinalizeReload (1487ms)
		ReleaseScriptCaches (0ms)
		RebuildScriptCaches (0ms)
		SetupLoadedEditorAssemblies (1219ms)
			LogAssemblyErrors (0ms)
			InitializePlatformSupportModulesInManaged (31ms)
			SetLoadedEditorAssemblies (11ms)
			BeforeProcessingInitializeOnLoad (285ms)
			ProcessInitializeOnLoadAttributes (790ms)
			ProcessInitializeOnLoadMethodAttributes (97ms)
			AfterProcessingInitializeOnLoad (2ms)
			EditorAssembliesLoaded (2ms)
		ExecutionOrderSort2 (0ms)
		AwakeInstancesAfterBackupRestoration (27ms)
Refreshing native plugins compatible for Editor in 1.75 ms, found 4 plugins.
Preloading 0 native plugins for Editor in 0.00 ms.
Unloading 31 Unused Serialized files (Serialized files now loaded: 0)
Unloading 6724 unused Assets / (8.2 MB). Loaded Objects now: 7936.
Memory consumption went from 220.1 MB to 211.9 MB.
Total: 32.078900 ms (FindLiveObjects: 1.788000 ms CreateObjectMapping: 1.108800 ms MarkObjects: 20.699300 ms  DeleteObjects: 8.478800 ms)

Prepare: number of updated asset objects reloaded= 0
========================================================================
Received Prepare
Begin MonoManager ReloadAssembly
- Loaded All Assemblies, in  1.766 seconds
Refreshing native plugins compatible for Editor in 1.92 ms, found 4 plugins.
Native extension for iOS target not found
Native extension for Android target not found
Native extension for WindowsStandalone target not found
Native extension for WebGL target not found
Mono: successfully reloaded assembly
- Finished resetting the current domain, in  1.253 seconds
Domain Reload Profiling: 3025ms
	BeginReloadAssembly (503ms)
		ExecutionOrderSort (0ms)
		DisableScriptedObjects (34ms)
		BackupInstance (0ms)
		ReleaseScriptingObjects (1ms)
		CreateAndSetChildDomain (120ms)
	RebuildCommonClasses (68ms)
	RebuildNativeTypeToScriptingClass (13ms)
	initialDomainReloadingComplete (69ms)
	LoadAllAssembliesAndSetupDomain (1117ms)
		LoadAssemblies (1065ms)
		RebuildTransferFunctionScriptingTraits (0ms)
		AnalyzeDomain (319ms)
			TypeCache.Refresh (25ms)
				TypeCache.ScanAssembly (0ms)
			BuildScriptInfoCaches (231ms)
			ResolveRequiredComponents (15ms)
	FinalizeReload (1254ms)
		ReleaseScriptCaches (0ms)
		RebuildScriptCaches (0ms)
		SetupLoadedEditorAssemblies (1034ms)
			LogAssemblyErrors (0ms)
			InitializePlatformSupportModulesInManaged (26ms)
			SetLoadedEditorAssemblies (7ms)
			BeforeProcessingInitializeOnLoad (217ms)
			ProcessInitializeOnLoadAttributes (648ms)
			ProcessInitializeOnLoadMethodAttributes (133ms)
			AfterProcessingInitializeOnLoad (2ms)
			EditorAssembliesLoaded (1ms)
		ExecutionOrderSort2 (0ms)
		AwakeInstancesAfterBackupRestoration (30ms)
Refreshing native plugins compatible for Editor in 3.37 ms, found 4 plugins.
Preloading 0 native plugins for Editor in 0.00 ms.
Unloading 31 Unused Serialized files (Serialized files now loaded: 0)
Unloading 6724 unused Assets / (8.1 MB). Loaded Objects now: 7938.
Memory consumption went from 222.0 MB to 213.9 MB.
Total: 18.916800 ms (FindLiveObjects: 1.652700 ms CreateObjectMapping: 1.047500 ms MarkObjects: 8.561400 ms  DeleteObjects: 7.652400 ms)

Prepare: number of updated asset objects reloaded= 0
========================================================================
Received Prepare
Refreshing native plugins compatible for Editor in 4.56 ms, found 4 plugins.
Preloading 0 native plugins for Editor in 0.00 ms.
Unloading 31 Unused Serialized files (Serialized files now loaded: 0)
Unloading 6713 unused Assets / (9.3 MB). Loaded Objects now: 7938.
Memory consumption went from 224.0 MB to 214.7 MB.
Total: 316.879400 ms (FindLiveObjects: 7.944100 ms CreateObjectMapping: 1.258500 ms MarkObjects: 296.423600 ms  DeleteObjects: 11.249600 ms)

Prepare: number of updated asset objects reloaded= 0
========================================================================
Received Prepare
Begin MonoManager ReloadAssembly
- Loaded All Assemblies, in  5.143 seconds
Refreshing native plugins compatible for Editor in 2.11 ms, found 4 plugins.
Native extension for iOS target not found
Native extension for Android target not found
Native extension for WindowsStandalone target not found
Native extension for WebGL target not found
Mono: successfully reloaded assembly
- Finished resetting the current domain, in  1.436 seconds
Domain Reload Profiling: 6593ms
	BeginReloadAssembly (2763ms)
		ExecutionOrderSort (1ms)
		DisableScriptedObjects (360ms)
		BackupInstance (0ms)
		ReleaseScriptingObjects (4ms)
		CreateAndSetChildDomain (704ms)
	RebuildCommonClasses (94ms)
	RebuildNativeTypeToScriptingClass (12ms)
	initialDomainReloadingComplete (69ms)
	LoadAllAssembliesAndSetupDomain (2217ms)
		LoadAssemblies (2426ms)
		RebuildTransferFunctionScriptingTraits (0ms)
		AnalyzeDomain (973ms)
			TypeCache.Refresh (82ms)
				TypeCache.ScanAssembly (2ms)
			BuildScriptInfoCaches (764ms)
			ResolveRequiredComponents (20ms)
	FinalizeReload (1437ms)
		ReleaseScriptCaches (0ms)
		RebuildScriptCaches (0ms)
		SetupLoadedEditorAssemblies (1224ms)
			LogAssemblyErrors (0ms)
			InitializePlatformSupportModulesInManaged (24ms)
			SetLoadedEditorAssemblies (11ms)
			BeforeProcessingInitializeOnLoad (321ms)
			ProcessInitializeOnLoadAttributes (738ms)
			ProcessInitializeOnLoadMethodAttributes (127ms)
			AfterProcessingInitializeOnLoad (2ms)
			EditorAssembliesLoaded (1ms)
		ExecutionOrderSort2 (0ms)
		AwakeInstancesAfterBackupRestoration (24ms)
Refreshing native plugins compatible for Editor in 2.16 ms, found 4 plugins.
Preloading 0 native plugins for Editor in 0.00 ms.
Unloading 31 Unused Serialized files (Serialized files now loaded: 0)
Unloading 6724 unused Assets / (8.8 MB). Loaded Objects now: 7940.
Memory consumption went from 225.8 MB to 217.0 MB.
Total: 19.573600 ms (FindLiveObjects: 1.570800 ms CreateObjectMapping: 1.152200 ms MarkObjects: 8.078000 ms  DeleteObjects: 8.770000 ms)

Prepare: number of updated asset objects reloaded= 0
========================================================================
Received Prepare
Refreshing native plugins compatible for Editor in 3.56 ms, found 4 plugins.
Preloading 0 native plugins for Editor in 0.00 ms.
Unloading 31 Unused Serialized files (Serialized files now loaded: 0)
Unloading 6713 unused Assets / (9.3 MB). Loaded Objects now: 7940.
Memory consumption went from 227.7 MB to 218.4 MB.
Total: 344.645200 ms (FindLiveObjects: 11.729300 ms CreateObjectMapping: 1.241700 ms MarkObjects: 318.843200 ms  DeleteObjects: 12.828300 ms)

Prepare: number of updated asset objects reloaded= 0
========================================================================
Received Prepare
Begin MonoManager ReloadAssembly
- Loaded All Assemblies, in  6.154 seconds
Refreshing native plugins compatible for Editor in 3.22 ms, found 4 plugins.
Native extension for iOS target not found
Native extension for Android target not found
Native extension for WindowsStandalone target not found
Native extension for WebGL target not found
Mono: successfully reloaded assembly
- Finished resetting the current domain, in  2.422 seconds
Domain Reload Profiling: 8587ms
	BeginReloadAssembly (1578ms)
		ExecutionOrderSort (1ms)
		DisableScriptedObjects (282ms)
		BackupInstance (0ms)
		ReleaseScriptingObjects (4ms)
		CreateAndSetChildDomain (568ms)
	RebuildCommonClasses (84ms)
	RebuildNativeTypeToScriptingClass (12ms)
	initialDomainReloadingComplete (77ms)
	LoadAllAssembliesAndSetupDomain (4413ms)
		LoadAssemblies (2793ms)
		RebuildTransferFunctionScriptingTraits (0ms)
		AnalyzeDomain (2071ms)
			TypeCache.Refresh (81ms)
				TypeCache.ScanAssembly (2ms)
			BuildScriptInfoCaches (1879ms)
			ResolveRequiredComponents (27ms)
	FinalizeReload (2423ms)
		ReleaseScriptCaches (0ms)
		RebuildScriptCaches (0ms)
		SetupLoadedEditorAssemblies (2132ms)
			LogAssemblyErrors (0ms)
			InitializePlatformSupportModulesInManaged (22ms)
			SetLoadedEditorAssemblies (10ms)
			BeforeProcessingInitializeOnLoad (227ms)
			ProcessInitializeOnLoadAttributes (1783ms)
			ProcessInitializeOnLoadMethodAttributes (87ms)
			AfterProcessingInitializeOnLoad (2ms)
			EditorAssembliesLoaded (1ms)
		ExecutionOrderSort2 (0ms)
		AwakeInstancesAfterBackupRestoration (20ms)
Refreshing native plugins compatible for Editor in 3.12 ms, found 4 plugins.
Preloading 0 native plugins for Editor in 0.00 ms.
Unloading 31 Unused Serialized files (Serialized files now loaded: 0)
Unloading 6724 unused Assets / (8.7 MB). Loaded Objects now: 7942.
Memory consumption went from 229.4 MB to 220.8 MB.
Total: 17.649100 ms (FindLiveObjects: 1.631800 ms CreateObjectMapping: 0.996800 ms MarkObjects: 7.113600 ms  DeleteObjects: 7.904300 ms)

Prepare: number of updated asset objects reloaded= 0
========================================================================
Received Prepare
Begin MonoManager ReloadAssembly
- Loaded All Assemblies, in  4.218 seconds
Refreshing native plugins compatible for Editor in 5.17 ms, found 4 plugins.
Native extension for iOS target not found
Native extension for Android target not found
Native extension for WindowsStandalone target not found
Native extension for WebGL target not found
Mono: successfully reloaded assembly
- Finished resetting the current domain, in  1.411 seconds
Domain Reload Profiling: 5672ms
	BeginReloadAssembly (1964ms)
		ExecutionOrderSort (2ms)
		DisableScriptedObjects (268ms)
		BackupInstance (0ms)
		ReleaseScriptingObjects (5ms)
		CreateAndSetChildDomain (569ms)
	RebuildCommonClasses (47ms)
	RebuildNativeTypeToScriptingClass (12ms)
	initialDomainReloadingComplete (56ms)
	LoadAllAssembliesAndSetupDomain (2181ms)
		LoadAssemblies (1494ms)
		RebuildTransferFunctionScriptingTraits (0ms)
		AnalyzeDomain (879ms)
			TypeCache.Refresh (42ms)
				TypeCache.ScanAssembly (0ms)
			BuildScriptInfoCaches (741ms)
			ResolveRequiredComponents (18ms)
	FinalizeReload (1413ms)
		ReleaseScriptCaches (0ms)
		RebuildScriptCaches (0ms)
		SetupLoadedEditorAssemblies (1129ms)
			LogAssemblyErrors (0ms)
			InitializePlatformSupportModulesInManaged (17ms)
			SetLoadedEditorAssemblies (9ms)
			BeforeProcessingInitializeOnLoad (277ms)
			ProcessInitializeOnLoadAttributes (665ms)
			ProcessInitializeOnLoadMethodAttributes (158ms)
			AfterProcessingInitializeOnLoad (2ms)
			EditorAssembliesLoaded (2ms)
		ExecutionOrderSort2 (0ms)
		AwakeInstancesAfterBackupRestoration (31ms)
Refreshing native plugins compatible for Editor in 3.07 ms, found 4 plugins.
Preloading 0 native plugins for Editor in 0.00 ms.
Unloading 31 Unused Serialized files (Serialized files now loaded: 0)
Unloading 6724 unused Assets / (8.7 MB). Loaded Objects now: 7944.
Memory consumption went from 231.3 MB to 222.6 MB.
Total: 17.710600 ms (FindLiveObjects: 1.244500 ms CreateObjectMapping: 1.041000 ms MarkObjects: 8.091100 ms  DeleteObjects: 7.331400 ms)

Prepare: number of updated asset objects reloaded= 0
========================================================================
Received Prepare
Begin MonoManager ReloadAssembly
- Loaded All Assemblies, in  3.584 seconds
Refreshing native plugins compatible for Editor in 1.24 ms, found 4 plugins.
Native extension for iOS target not found
Native extension for Android target not found
Native extension for WindowsStandalone target not found
Native extension for WebGL target not found
Mono: successfully reloaded assembly
- Finished resetting the current domain, in  1.223 seconds
Domain Reload Profiling: 4824ms
	BeginReloadAssembly (1768ms)
		ExecutionOrderSort (1ms)
		DisableScriptedObjects (178ms)
		BackupInstance (0ms)
		ReleaseScriptingObjects (4ms)
		CreateAndSetChildDomain (647ms)
	RebuildCommonClasses (117ms)
	RebuildNativeTypeToScriptingClass (13ms)
	initialDomainReloadingComplete (67ms)
	LoadAllAssembliesAndSetupDomain (1635ms)
		LoadAssemblies (1538ms)
		RebuildTransferFunctionScriptingTraits (0ms)
		AnalyzeDomain (699ms)
			TypeCache.Refresh (52ms)
				TypeCache.ScanAssembly (0ms)
			BuildScriptInfoCaches (561ms)
			ResolveRequiredComponents (23ms)
	FinalizeReload (1224ms)
		ReleaseScriptCaches (0ms)
		RebuildScriptCaches (0ms)
		SetupLoadedEditorAssemblies (888ms)
			LogAssemblyErrors (0ms)
			InitializePlatformSupportModulesInManaged (16ms)
			SetLoadedEditorAssemblies (9ms)
			BeforeProcessingInitializeOnLoad (272ms)
			ProcessInitializeOnLoadAttributes (495ms)
			ProcessInitializeOnLoadMethodAttributes (93ms)
			AfterProcessingInitializeOnLoad (2ms)
			EditorAssembliesLoaded (1ms)
		ExecutionOrderSort2 (0ms)
		AwakeInstancesAfterBackupRestoration (23ms)
Refreshing native plugins compatible for Editor in 2.52 ms, found 4 plugins.
Preloading 0 native plugins for Editor in 0.00 ms.
Unloading 31 Unused Serialized files (Serialized files now loaded: 0)
Unloading 6724 unused Assets / (8.8 MB). Loaded Objects now: 7946.
Memory consumption went from 233.1 MB to 224.3 MB.
Total: 25.407300 ms (FindLiveObjects: 3.029200 ms CreateObjectMapping: 1.322600 ms MarkObjects: 10.809100 ms  DeleteObjects: 10.243300 ms)

Prepare: number of updated asset objects reloaded= 0
========================================================================
Received Import Request.
  Time since last request: 7367.173939 seconds.
  path: Assets/Prefabs/Enemy.prefab
  artifactKey: Guid(0f7a31712e2bde943a196ac63921bd20) Importer(815301076,1909f56bfc062723c751e8b465ee728b)
Start importing Assets/Prefabs/Enemy.prefab using Guid(0f7a31712e2bde943a196ac63921bd20) Importer(815301076,1909f56bfc062723c751e8b465ee728b) (PreviewImporter) -> (artifact id: '32f6ac771f576638f49ed0d411be69c9') in 3.1675339 seconds
Number of updated asset objects reloaded before import = 0Number of asset objects unloaded after import = 45

========================================================================
Received Prepare
Begin MonoManager ReloadAssembly
- Loaded All Assemblies, in  5.069 seconds
Refreshing native plugins compatible for Editor in 1.41 ms, found 4 plugins.
Native extension for iOS target not found
Native extension for Android target not found
Native extension for WindowsStandalone target not found
Native extension for WebGL target not found
Mono: successfully reloaded assembly
- Finished resetting the current domain, in  1.044 seconds
Domain Reload Profiling: 6134ms
	BeginReloadAssembly (2420ms)
		ExecutionOrderSort (4ms)
		DisableScriptedObjects (445ms)
		BackupInstance (0ms)
		ReleaseScriptingObjects (8ms)
		CreateAndSetChildDomain (958ms)
	RebuildCommonClasses (68ms)
	RebuildNativeTypeToScriptingClass (13ms)
	initialDomainReloadingComplete (71ms)
	LoadAllAssembliesAndSetupDomain (2517ms)
		LoadAssemblies (2074ms)
		RebuildTransferFunctionScriptingTraits (0ms)
		AnalyzeDomain (904ms)
			TypeCache.Refresh (41ms)
				TypeCache.ScanAssembly (0ms)
			BuildScriptInfoCaches (767ms)
			ResolveRequiredComponents (23ms)
	FinalizeReload (1045ms)
		ReleaseScriptCaches (0ms)
		RebuildScriptCaches (0ms)
		SetupLoadedEditorAssemblies (814ms)
			LogAssemblyErrors (0ms)
			InitializePlatformSupportModulesInManaged (18ms)
			SetLoadedEditorAssemblies (7ms)
			BeforeProcessingInitializeOnLoad (215ms)
			ProcessInitializeOnLoadAttributes (473ms)
			ProcessInitializeOnLoadMethodAttributes (99ms)
			AfterProcessingInitializeOnLoad (2ms)
			EditorAssembliesLoaded (1ms)
		ExecutionOrderSort2 (0ms)
		AwakeInstancesAfterBackupRestoration (26ms)
Refreshing native plugins compatible for Editor in 1.58 ms, found 4 plugins.
Preloading 0 native plugins for Editor in 0.00 ms.
Unloading 31 Unused Serialized files (Serialized files now loaded: 0)
Unloading 6724 unused Assets / (9.5 MB). Loaded Objects now: 7970.
Memory consumption went from 172.6 MB to 163.2 MB.
Total: 21.102000 ms (FindLiveObjects: 1.452800 ms CreateObjectMapping: 1.315600 ms MarkObjects: 9.470600 ms  DeleteObjects: 8.860700 ms)

Prepare: number of updated asset objects reloaded= 0
========================================================================
Received Prepare
Begin MonoManager ReloadAssembly
- Loaded All Assemblies, in  4.662 seconds
Refreshing native plugins compatible for Editor in 2.61 ms, found 4 plugins.
Native extension for iOS target not found
Native extension for Android target not found
Native extension for WindowsStandalone target not found
Native extension for WebGL target not found
Mono: successfully reloaded assembly
- Finished resetting the current domain, in  1.676 seconds
Domain Reload Profiling: 6352ms
	BeginReloadAssembly (1360ms)
		ExecutionOrderSort (1ms)
		DisableScriptedObjects (214ms)
		BackupInstance (0ms)
		ReleaseScriptingObjects (4ms)
		CreateAndSetChildDomain (486ms)
	RebuildCommonClasses (79ms)
	RebuildNativeTypeToScriptingClass (15ms)
	initialDomainReloadingComplete (114ms)
	LoadAllAssembliesAndSetupDomain (3107ms)
		LoadAssemblies (2397ms)
		RebuildTransferFunctionScriptingTraits (0ms)
		AnalyzeDomain (985ms)
			TypeCache.Refresh (60ms)
				TypeCache.ScanAssembly (0ms)
			BuildScriptInfoCaches (796ms)
			ResolveRequiredComponents (19ms)
	FinalizeReload (1678ms)
		ReleaseScriptCaches (0ms)
		RebuildScriptCaches (0ms)
		SetupLoadedEditorAssemblies (1221ms)
			LogAssemblyErrors (0ms)
			InitializePlatformSupportModulesInManaged (37ms)
			SetLoadedEditorAssemblies (9ms)
			BeforeProcessingInitializeOnLoad (343ms)
			ProcessInitializeOnLoadAttributes (748ms)
			ProcessInitializeOnLoadMethodAttributes (82ms)
			AfterProcessingInitializeOnLoad (2ms)
			EditorAssembliesLoaded (1ms)
		ExecutionOrderSort2 (0ms)
		AwakeInstancesAfterBackupRestoration (27ms)
Refreshing native plugins compatible for Editor in 2.02 ms, found 4 plugins.
Preloading 0 native plugins for Editor in 0.00 ms.
Unloading 31 Unused Serialized files (Serialized files now loaded: 0)
Unloading 6724 unused Assets / (9.3 MB). Loaded Objects now: 7972.
Memory consumption went from 174.3 MB to 165.0 MB.
Total: 18.601500 ms (FindLiveObjects: 1.035500 ms CreateObjectMapping: 0.705600 ms MarkObjects: 8.096700 ms  DeleteObjects: 8.760600 ms)

Prepare: number of updated asset objects reloaded= 0
========================================================================
Received Prepare
Begin MonoManager ReloadAssembly
- Loaded All Assemblies, in  4.574 seconds
Refreshing native plugins compatible for Editor in 3.01 ms, found 4 plugins.
Native extension for iOS target not found
Native extension for Android target not found
Native extension for WindowsStandalone target not found
Native extension for WebGL target not found
Mono: successfully reloaded assembly
- Finished resetting the current domain, in  1.022 seconds
Domain Reload Profiling: 5605ms
	BeginReloadAssembly (2369ms)
		ExecutionOrderSort (2ms)
		DisableScriptedObjects (346ms)
		BackupInstance (0ms)
		ReleaseScriptingObjects (7ms)
		CreateAndSetChildDomain (1043ms)
	RebuildCommonClasses (84ms)
	RebuildNativeTypeToScriptingClass (16ms)
	initialDomainReloadingComplete (74ms)
	LoadAllAssembliesAndSetupDomain (2040ms)
		LoadAssemblies (1998ms)
		RebuildTransferFunctionScriptingTraits (0ms)
		AnalyzeDomain (493ms)
			TypeCache.Refresh (38ms)
				TypeCache.ScanAssembly (0ms)
			BuildScriptInfoCaches (379ms)
			ResolveRequiredComponents (17ms)
	FinalizeReload (1022ms)
		ReleaseScriptCaches (0ms)
		RebuildScriptCaches (0ms)
		SetupLoadedEditorAssemblies (799ms)
			LogAssemblyErrors (0ms)
			InitializePlatformSupportModulesInManaged (19ms)
			SetLoadedEditorAssemblies (7ms)
			BeforeProcessingInitializeOnLoad (214ms)
			ProcessInitializeOnLoadAttributes (479ms)
			ProcessInitializeOnLoadMethodAttributes (78ms)
			AfterProcessingInitializeOnLoad (2ms)
			EditorAssembliesLoaded (1ms)
		ExecutionOrderSort2 (0ms)
		AwakeInstancesAfterBackupRestoration (20ms)
Refreshing native plugins compatible for Editor in 1.45 ms, found 4 plugins.
Preloading 0 native plugins for Editor in 0.00 ms.
Unloading 31 Unused Serialized files (Serialized files now loaded: 0)
Unloading 6724 unused Assets / (9.4 MB). Loaded Objects now: 7974.
Memory consumption went from 176.2 MB to 166.8 MB.
Total: 15.463200 ms (FindLiveObjects: 0.811000 ms CreateObjectMapping: 0.921800 ms MarkObjects: 6.595000 ms  DeleteObjects: 7.132500 ms)

Prepare: number of updated asset objects reloaded= 0
========================================================================
Received Prepare
Begin MonoManager ReloadAssembly
- Loaded All Assemblies, in  3.448 seconds
Refreshing native plugins compatible for Editor in 3.73 ms, found 4 plugins.
Native extension for iOS target not found
Native extension for Android target not found
Native extension for WindowsStandalone target not found
Native extension for WebGL target not found
Mono: successfully reloaded assembly
- Finished resetting the current domain, in  1.266 seconds
Domain Reload Profiling: 4728ms
	BeginReloadAssembly (1175ms)
		ExecutionOrderSort (1ms)
		DisableScriptedObjects (201ms)
		BackupInstance (0ms)
		ReleaseScriptingObjects (4ms)
		CreateAndSetChildDomain (463ms)
	RebuildCommonClasses (52ms)
	RebuildNativeTypeToScriptingClass (13ms)
	initialDomainReloadingComplete (56ms)
	LoadAllAssembliesAndSetupDomain (2165ms)
		LoadAssemblies (1702ms)
		RebuildTransferFunctionScriptingTraits (0ms)
		AnalyzeDomain (686ms)
			TypeCache.Refresh (51ms)
				TypeCache.ScanAssembly (0ms)
			BuildScriptInfoCaches (567ms)
			ResolveRequiredComponents (18ms)
	FinalizeReload (1268ms)
		ReleaseScriptCaches (0ms)
		RebuildScriptCaches (0ms)
		SetupLoadedEditorAssemblies (1020ms)
			LogAssemblyErrors (0ms)
			InitializePlatformSupportModulesInManaged (27ms)
			SetLoadedEditorAssemblies (8ms)
			BeforeProcessingInitializeOnLoad (296ms)
			ProcessInitializeOnLoadAttributes (596ms)
			ProcessInitializeOnLoadMethodAttributes (91ms)
			AfterProcessingInitializeOnLoad (2ms)
			EditorAssembliesLoaded (1ms)
		ExecutionOrderSort2 (0ms)
		AwakeInstancesAfterBackupRestoration (23ms)
Refreshing native plugins compatible for Editor in 1.32 ms, found 4 plugins.
Preloading 0 native plugins for Editor in 0.00 ms.
Unloading 31 Unused Serialized files (Serialized files now loaded: 0)
Unloading 6724 unused Assets / (8.4 MB). Loaded Objects now: 7976.
Memory consumption went from 178.1 MB to 169.6 MB.
Total: 17.166000 ms (FindLiveObjects: 0.827600 ms CreateObjectMapping: 0.936900 ms MarkObjects: 7.831700 ms  DeleteObjects: 7.567200 ms)

Prepare: number of updated asset objects reloaded= 0
========================================================================
Received Prepare
Begin MonoManager ReloadAssembly
- Loaded All Assemblies, in  3.789 seconds
Refreshing native plugins compatible for Editor in 1.50 ms, found 4 plugins.
Native extension for iOS target not found
Native extension for Android target not found
Native extension for WindowsStandalone target not found
Native extension for WebGL target not found
Mono: successfully reloaded assembly
- Finished resetting the current domain, in  1.182 seconds
Domain Reload Profiling: 4978ms
	BeginReloadAssembly (1316ms)
		ExecutionOrderSort (0ms)
		DisableScriptedObjects (187ms)
		BackupInstance (0ms)
		ReleaseScriptingObjects (4ms)
		CreateAndSetChildDomain (565ms)
	RebuildCommonClasses (75ms)
	RebuildNativeTypeToScriptingClass (14ms)
	initialDomainReloadingComplete (70ms)
	LoadAllAssembliesAndSetupDomain (2321ms)
		LoadAssemblies (2203ms)
		RebuildTransferFunctionScriptingTraits (0ms)
		AnalyzeDomain (410ms)
			TypeCache.Refresh (33ms)
				TypeCache.ScanAssembly (0ms)
			BuildScriptInfoCaches (319ms)
			ResolveRequiredComponents (15ms)
	FinalizeReload (1182ms)
		ReleaseScriptCaches (0ms)
		RebuildScriptCaches (0ms)
		SetupLoadedEditorAssemblies (913ms)
			LogAssemblyErrors (0ms)
			InitializePlatformSupportModulesInManaged (26ms)
			SetLoadedEditorAssemblies (8ms)
			BeforeProcessingInitializeOnLoad (241ms)
			ProcessInitializeOnLoadAttributes (556ms)
			ProcessInitializeOnLoadMethodAttributes (78ms)
			AfterProcessingInitializeOnLoad (2ms)
			EditorAssembliesLoaded (1ms)
		ExecutionOrderSort2 (0ms)
		AwakeInstancesAfterBackupRestoration (22ms)
Refreshing native plugins compatible for Editor in 1.78 ms, found 4 plugins.
Preloading 0 native plugins for Editor in 0.00 ms.
Unloading 31 Unused Serialized files (Serialized files now loaded: 0)
Unloading 6724 unused Assets / (8.8 MB). Loaded Objects now: 7978.
Memory consumption went from 179.9 MB to 171.1 MB.
Total: 18.734500 ms (FindLiveObjects: 1.615800 ms CreateObjectMapping: 0.934400 ms MarkObjects: 8.942300 ms  DeleteObjects: 7.239300 ms)

Prepare: number of updated asset objects reloaded= 0
========================================================================
Received Prepare
Begin MonoManager ReloadAssembly
- Loaded All Assemblies, in  3.363 seconds
Refreshing native plugins compatible for Editor in 1.77 ms, found 4 plugins.
Native extension for iOS target not found
Native extension for Android target not found
Native extension for WindowsStandalone target not found
Native extension for WebGL target not found
Mono: successfully reloaded assembly
- Finished resetting the current domain, in  1.403 seconds
Domain Reload Profiling: 4779ms
	BeginReloadAssembly (1695ms)
		ExecutionOrderSort (1ms)
		DisableScriptedObjects (186ms)
		BackupInstance (0ms)
		ReleaseScriptingObjects (4ms)
		CreateAndSetChildDomain (964ms)
	RebuildCommonClasses (56ms)
	RebuildNativeTypeToScriptingClass (12ms)
	initialDomainReloadingComplete (58ms)
	LoadAllAssembliesAndSetupDomain (1553ms)
		LoadAssemblies (1211ms)
		RebuildTransferFunctionScriptingTraits (0ms)
		AnalyzeDomain (614ms)
			TypeCache.Refresh (35ms)
				TypeCache.ScanAssembly (0ms)
			BuildScriptInfoCaches (501ms)
			ResolveRequiredComponents (21ms)
	FinalizeReload (1405ms)
		ReleaseScriptCaches (0ms)
		RebuildScriptCaches (0ms)
		SetupLoadedEditorAssemblies (1109ms)
			LogAssemblyErrors (0ms)
			InitializePlatformSupportModulesInManaged (24ms)
			SetLoadedEditorAssemblies (8ms)
			BeforeProcessingInitializeOnLoad (341ms)
			ProcessInitializeOnLoadAttributes (611ms)
			ProcessInitializeOnLoadMethodAttributes (122ms)
			AfterProcessingInitializeOnLoad (3ms)
			EditorAssembliesLoaded (1ms)
		ExecutionOrderSort2 (0ms)
		AwakeInstancesAfterBackupRestoration (36ms)
Refreshing native plugins compatible for Editor in 3.98 ms, found 4 plugins.
Preloading 0 native plugins for Editor in 0.00 ms.
Unloading 31 Unused Serialized files (Serialized files now loaded: 0)
Unloading 6724 unused Assets / (9.5 MB). Loaded Objects now: 7980.
Memory consumption went from 181.8 MB to 172.3 MB.
Total: 37.288900 ms (FindLiveObjects: 3.486200 ms CreateObjectMapping: 1.019300 ms MarkObjects: 19.639100 ms  DeleteObjects: 13.140000 ms)

Prepare: number of updated asset objects reloaded= 0
========================================================================
Received Prepare
Begin MonoManager ReloadAssembly
- Loaded All Assemblies, in  2.389 seconds
Refreshing native plugins compatible for Editor in 1.49 ms, found 4 plugins.
Native extension for iOS target not found
Native extension for Android target not found
Native extension for WindowsStandalone target not found
Native extension for WebGL target not found
Mono: successfully reloaded assembly
- Finished resetting the current domain, in  1.126 seconds
Domain Reload Profiling: 3554ms
	BeginReloadAssembly (757ms)
		ExecutionOrderSort (0ms)
		DisableScriptedObjects (106ms)
		BackupInstance (0ms)
		ReleaseScriptingObjects (3ms)
		CreateAndSetChildDomain (273ms)
	RebuildCommonClasses (45ms)
	RebuildNativeTypeToScriptingClass (12ms)
	initialDomainReloadingComplete (56ms)
	LoadAllAssembliesAndSetupDomain (1557ms)
		LoadAssemblies (1186ms)
		RebuildTransferFunctionScriptingTraits (0ms)
		AnalyzeDomain (557ms)
			TypeCache.Refresh (39ms)
				TypeCache.ScanAssembly (0ms)
			BuildScriptInfoCaches (451ms)
			ResolveRequiredComponents (20ms)
	FinalizeReload (1127ms)
		ReleaseScriptCaches (0ms)
		RebuildScriptCaches (0ms)
		SetupLoadedEditorAssemblies (896ms)
			LogAssemblyErrors (0ms)
			InitializePlatformSupportModulesInManaged (21ms)
			SetLoadedEditorAssemblies (8ms)
			BeforeProcessingInitializeOnLoad (223ms)
			ProcessInitializeOnLoadAttributes (537ms)
			ProcessInitializeOnLoadMethodAttributes (103ms)
			AfterProcessingInitializeOnLoad (3ms)
			EditorAssembliesLoaded (1ms)
		ExecutionOrderSort2 (0ms)
		AwakeInstancesAfterBackupRestoration (26ms)
Refreshing native plugins compatible for Editor in 1.72 ms, found 4 plugins.
Preloading 0 native plugins for Editor in 0.00 ms.
Unloading 31 Unused Serialized files (Serialized files now loaded: 0)
Unloading 6724 unused Assets / (9.8 MB). Loaded Objects now: 7982.
Memory consumption went from 183.7 MB to 173.8 MB.
Total: 26.064700 ms (FindLiveObjects: 1.962500 ms CreateObjectMapping: 1.395200 ms MarkObjects: 9.330800 ms  DeleteObjects: 13.373200 ms)

Prepare: number of updated asset objects reloaded= 0
========================================================================
Received Prepare
Begin MonoManager ReloadAssembly
- Loaded All Assemblies, in  5.415 seconds
Refreshing native plugins compatible for Editor in 3.04 ms, found 4 plugins.
Native extension for iOS target not found
Native extension for Android target not found
Native extension for WindowsStandalone target not found
Native extension for WebGL target not found
Mono: successfully reloaded assembly
- Finished resetting the current domain, in  1.800 seconds
Domain Reload Profiling: 7255ms
	BeginReloadAssembly (2107ms)
		ExecutionOrderSort (3ms)
		DisableScriptedObjects (284ms)
		BackupInstance (0ms)
		ReleaseScriptingObjects (4ms)
		CreateAndSetChildDomain (887ms)
	RebuildCommonClasses (58ms)
	RebuildNativeTypeToScriptingClass (13ms)
	initialDomainReloadingComplete (62ms)
	LoadAllAssembliesAndSetupDomain (3215ms)
		LoadAssemblies (2071ms)
		RebuildTransferFunctionScriptingTraits (0ms)
		AnalyzeDomain (1342ms)
			TypeCache.Refresh (48ms)
				TypeCache.ScanAssembly (0ms)
			BuildScriptInfoCaches (1086ms)
			ResolveRequiredComponents (41ms)
	FinalizeReload (1801ms)
		ReleaseScriptCaches (0ms)
		RebuildScriptCaches (0ms)
		SetupLoadedEditorAssemblies (1401ms)
			LogAssemblyErrors (0ms)
			InitializePlatformSupportModulesInManaged (40ms)
			SetLoadedEditorAssemblies (11ms)
			BeforeProcessingInitializeOnLoad (343ms)
			ProcessInitializeOnLoadAttributes (924ms)
			ProcessInitializeOnLoadMethodAttributes (80ms)
			AfterProcessingInitializeOnLoad (2ms)
			EditorAssembliesLoaded (1ms)
		ExecutionOrderSort2 (0ms)
		AwakeInstancesAfterBackupRestoration (22ms)
Refreshing native plugins compatible for Editor in 2.52 ms, found 4 plugins.
Preloading 0 native plugins for Editor in 0.00 ms.
Unloading 31 Unused Serialized files (Serialized files now loaded: 0)
Unloading 6724 unused Assets / (7.2 MB). Loaded Objects now: 7984.
Memory consumption went from 185.6 MB to 178.4 MB.
Total: 16.511000 ms (FindLiveObjects: 0.879600 ms CreateObjectMapping: 1.051000 ms MarkObjects: 8.575100 ms  DeleteObjects: 6.002700 ms)

Prepare: number of updated asset objects reloaded= 0
========================================================================
Received Prepare
Begin MonoManager ReloadAssembly
- Loaded All Assemblies, in  3.132 seconds
Refreshing native plugins compatible for Editor in 1.54 ms, found 4 plugins.
Native extension for iOS target not found
Native extension for Android target not found
Native extension for WindowsStandalone target not found
Native extension for WebGL target not found
Mono: successfully reloaded assembly
- Finished resetting the current domain, in  1.494 seconds
Domain Reload Profiling: 4641ms
	BeginReloadAssembly (1211ms)
		ExecutionOrderSort (1ms)
		DisableScriptedObjects (177ms)
		BackupInstance (0ms)
		ReleaseScriptingObjects (4ms)
		CreateAndSetChildDomain (485ms)
	RebuildCommonClasses (49ms)
	RebuildNativeTypeToScriptingClass (13ms)
	initialDomainReloadingComplete (62ms)
	LoadAllAssembliesAndSetupDomain (1812ms)
		LoadAssemblies (1466ms)
		RebuildTransferFunctionScriptingTraits (0ms)
		AnalyzeDomain (589ms)
			TypeCache.Refresh (41ms)
				TypeCache.ScanAssembly (0ms)
			BuildScriptInfoCaches (478ms)
			ResolveRequiredComponents (20ms)
	FinalizeReload (1495ms)
		ReleaseScriptCaches (0ms)
		RebuildScriptCaches (0ms)
		SetupLoadedEditorAssemblies (1221ms)
			LogAssemblyErrors (0ms)
			InitializePlatformSupportModulesInManaged (21ms)
			SetLoadedEditorAssemblies (8ms)
			BeforeProcessingInitializeOnLoad (284ms)
			ProcessInitializeOnLoadAttributes (735ms)
			ProcessInitializeOnLoadMethodAttributes (159ms)
			AfterProcessingInitializeOnLoad (6ms)
			EditorAssembliesLoaded (9ms)
		ExecutionOrderSort2 (0ms)
		AwakeInstancesAfterBackupRestoration (28ms)
Refreshing native plugins compatible for Editor in 1.49 ms, found 4 plugins.
Preloading 0 native plugins for Editor in 0.00 ms.
Unloading 31 Unused Serialized files (Serialized files now loaded: 0)
Unloading 6724 unused Assets / (8.1 MB). Loaded Objects now: 7986.
Memory consumption went from 187.4 MB to 179.3 MB.
Total: 18.053700 ms (FindLiveObjects: 1.111200 ms CreateObjectMapping: 1.086500 ms MarkObjects: 8.626600 ms  DeleteObjects: 7.227200 ms)

Prepare: number of updated asset objects reloaded= 0
========================================================================
Received Prepare
Begin MonoManager ReloadAssembly
- Loaded All Assemblies, in  3.276 seconds
Refreshing native plugins compatible for Editor in 2.14 ms, found 4 plugins.
Native extension for iOS target not found
Native extension for Android target not found
Native extension for WindowsStandalone target not found
Native extension for WebGL target not found
Mono: successfully reloaded assembly
- Finished resetting the current domain, in  1.459 seconds
Domain Reload Profiling: 4752ms
	BeginReloadAssembly (1931ms)
		ExecutionOrderSort (2ms)
		DisableScriptedObjects (177ms)
		BackupInstance (0ms)
		ReleaseScriptingObjects (4ms)
		CreateAndSetChildDomain (530ms)
	RebuildCommonClasses (49ms)
	RebuildNativeTypeToScriptingClass (12ms)
	initialDomainReloadingComplete (63ms)
	LoadAllAssembliesAndSetupDomain (1236ms)
		LoadAssemblies (1502ms)
		RebuildTransferFunctionScriptingTraits (0ms)
		AnalyzeDomain (445ms)
			TypeCache.Refresh (33ms)
				TypeCache.ScanAssembly (0ms)
			BuildScriptInfoCaches (343ms)
			ResolveRequiredComponents (15ms)
	FinalizeReload (1460ms)
		ReleaseScriptCaches (0ms)
		RebuildScriptCaches (0ms)
		SetupLoadedEditorAssemblies (1175ms)
			LogAssemblyErrors (0ms)
			InitializePlatformSupportModulesInManaged (23ms)
			SetLoadedEditorAssemblies (9ms)
			BeforeProcessingInitializeOnLoad (286ms)
			ProcessInitializeOnLoadAttributes (733ms)
			ProcessInitializeOnLoadMethodAttributes (118ms)
			AfterProcessingInitializeOnLoad (2ms)
			EditorAssembliesLoaded (5ms)
		ExecutionOrderSort2 (0ms)
		AwakeInstancesAfterBackupRestoration (37ms)
Refreshing native plugins compatible for Editor in 1.85 ms, found 4 plugins.
Preloading 0 native plugins for Editor in 0.00 ms.
Unloading 31 Unused Serialized files (Serialized files now loaded: 0)
Unloading 6724 unused Assets / (7.3 MB). Loaded Objects now: 7988.
Memory consumption went from 189.2 MB to 182.0 MB.
Total: 17.272400 ms (FindLiveObjects: 1.185200 ms CreateObjectMapping: 1.081000 ms MarkObjects: 9.512700 ms  DeleteObjects: 5.491600 ms)

Prepare: number of updated asset objects reloaded= 0
========================================================================
Received Prepare
Begin MonoManager ReloadAssembly
- Loaded All Assemblies, in  3.258 seconds
Refreshing native plugins compatible for Editor in 1.65 ms, found 4 plugins.
Native extension for iOS target not found
Native extension for Android target not found
Native extension for WindowsStandalone target not found
Native extension for WebGL target not found
Mono: successfully reloaded assembly
- Finished resetting the current domain, in  1.831 seconds
Domain Reload Profiling: 5102ms
	BeginReloadAssembly (1294ms)
		ExecutionOrderSort (1ms)
		DisableScriptedObjects (101ms)
		BackupInstance (0ms)
		ReleaseScriptingObjects (3ms)
		CreateAndSetChildDomain (743ms)
	RebuildCommonClasses (48ms)
	RebuildNativeTypeToScriptingClass (12ms)
	initialDomainReloadingComplete (53ms)
	LoadAllAssembliesAndSetupDomain (1863ms)
		LoadAssemblies (1415ms)
		RebuildTransferFunctionScriptingTraits (0ms)
		AnalyzeDomain (668ms)
			TypeCache.Refresh (66ms)
				TypeCache.ScanAssembly (0ms)
			BuildScriptInfoCaches (539ms)
			ResolveRequiredComponents (18ms)
	FinalizeReload (1832ms)
		ReleaseScriptCaches (0ms)
		RebuildScriptCaches (0ms)
		SetupLoadedEditorAssemblies (1528ms)
			LogAssemblyErrors (0ms)
			InitializePlatformSupportModulesInManaged (27ms)
			SetLoadedEditorAssemblies (8ms)
			BeforeProcessingInitializeOnLoad (293ms)
			ProcessInitializeOnLoadAttributes (1097ms)
			ProcessInitializeOnLoadMethodAttributes (100ms)
			AfterProcessingInitializeOnLoad (2ms)
			EditorAssembliesLoaded (1ms)
		ExecutionOrderSort2 (0ms)
		AwakeInstancesAfterBackupRestoration (28ms)
Refreshing native plugins compatible for Editor in 1.45 ms, found 4 plugins.
Preloading 0 native plugins for Editor in 0.00 ms.
Unloading 31 Unused Serialized files (Serialized files now loaded: 0)
Unloading 6724 unused Assets / (6.7 MB). Loaded Objects now: 7990.
Memory consumption went from 191.2 MB to 184.4 MB.
Total: 14.590800 ms (FindLiveObjects: 0.923900 ms CreateObjectMapping: 0.644500 ms MarkObjects: 7.671000 ms  DeleteObjects: 5.348500 ms)

Prepare: number of updated asset objects reloaded= 0
========================================================================
Received Prepare
Begin MonoManager ReloadAssembly
- Loaded All Assemblies, in  2.887 seconds
Refreshing native plugins compatible for Editor in 1.68 ms, found 4 plugins.
Native extension for iOS target not found
Native extension for Android target not found
Native extension for WindowsStandalone target not found
Native extension for WebGL target not found
Mono: successfully reloaded assembly
- Finished resetting the current domain, in  1.037 seconds
Domain Reload Profiling: 3938ms
	BeginReloadAssembly (1330ms)
		ExecutionOrderSort (1ms)
		DisableScriptedObjects (147ms)
		BackupInstance (0ms)
		ReleaseScriptingObjects (3ms)
		CreateAndSetChildDomain (735ms)
	RebuildCommonClasses (52ms)
	RebuildNativeTypeToScriptingClass (12ms)
	initialDomainReloadingComplete (53ms)
	LoadAllAssembliesAndSetupDomain (1453ms)
		LoadAssemblies (968ms)
		RebuildTransferFunctionScriptingTraits (0ms)
		AnalyzeDomain (683ms)
			TypeCache.Refresh (37ms)
				TypeCache.ScanAssembly (0ms)
			BuildScriptInfoCaches (568ms)
			ResolveRequiredComponents (19ms)
	FinalizeReload (1038ms)
		ReleaseScriptCaches (0ms)
		RebuildScriptCaches (0ms)
		SetupLoadedEditorAssemblies (827ms)
			LogAssemblyErrors (0ms)
			InitializePlatformSupportModulesInManaged (18ms)
			SetLoadedEditorAssemblies (7ms)
			BeforeProcessingInitializeOnLoad (222ms)
			ProcessInitializeOnLoadAttributes (492ms)
			ProcessInitializeOnLoadMethodAttributes (86ms)
			AfterProcessingInitializeOnLoad (2ms)
			EditorAssembliesLoaded (1ms)
		ExecutionOrderSort2 (0ms)
		AwakeInstancesAfterBackupRestoration (21ms)
Refreshing native plugins compatible for Editor in 4.69 ms, found 4 plugins.
Preloading 0 native plugins for Editor in 0.00 ms.
Unloading 31 Unused Serialized files (Serialized files now loaded: 0)
Unloading 6724 unused Assets / (9.3 MB). Loaded Objects now: 7992.
Memory consumption went from 182.0 MB to 172.8 MB.
Total: 33.193000 ms (FindLiveObjects: 2.253700 ms CreateObjectMapping: 1.143200 ms MarkObjects: 11.022900 ms  DeleteObjects: 18.769600 ms)

Prepare: number of updated asset objects reloaded= 0
========================================================================
Received Prepare
Begin MonoManager ReloadAssembly
- Loaded All Assemblies, in  3.025 seconds
Refreshing native plugins compatible for Editor in 2.04 ms, found 4 plugins.
Native extension for iOS target not found
Native extension for Android target not found
Native extension for WindowsStandalone target not found
Native extension for WebGL target not found
Mono: successfully reloaded assembly
- Finished resetting the current domain, in  3.452 seconds
Domain Reload Profiling: 6492ms
	BeginReloadAssembly (1277ms)
		ExecutionOrderSort (0ms)
		DisableScriptedObjects (77ms)
		BackupInstance (0ms)
		ReleaseScriptingObjects (2ms)
		CreateAndSetChildDomain (622ms)
	RebuildCommonClasses (72ms)
	RebuildNativeTypeToScriptingClass (13ms)
	initialDomainReloadingComplete (341ms)
	LoadAllAssembliesAndSetupDomain (1335ms)
		LoadAssemblies (1106ms)
		RebuildTransferFunctionScriptingTraits (0ms)
		AnalyzeDomain (659ms)
			TypeCache.Refresh (33ms)
				TypeCache.ScanAssembly (0ms)
			BuildScriptInfoCaches (515ms)
			ResolveRequiredComponents (19ms)
	FinalizeReload (3453ms)
		ReleaseScriptCaches (0ms)
		RebuildScriptCaches (0ms)
		SetupLoadedEditorAssemblies (3062ms)
			LogAssemblyErrors (0ms)
			InitializePlatformSupportModulesInManaged (39ms)
			SetLoadedEditorAssemblies (11ms)
			BeforeProcessingInitializeOnLoad (317ms)
			ProcessInitializeOnLoadAttributes (2579ms)
			ProcessInitializeOnLoadMethodAttributes (113ms)
			AfterProcessingInitializeOnLoad (2ms)
			EditorAssembliesLoaded (1ms)
		ExecutionOrderSort2 (0ms)
		AwakeInstancesAfterBackupRestoration (77ms)
Refreshing native plugins compatible for Editor in 3.11 ms, found 4 plugins.
Preloading 0 native plugins for Editor in 0.00 ms.
Unloading 31 Unused Serialized files (Serialized files now loaded: 0)
Unloading 6724 unused Assets / (8.0 MB). Loaded Objects now: 7994.
Memory consumption went from 183.9 MB to 175.9 MB.
Total: 22.616800 ms (FindLiveObjects: 1.757400 ms CreateObjectMapping: 1.090000 ms MarkObjects: 11.091400 ms  DeleteObjects: 8.487600 ms)

Prepare: number of updated asset objects reloaded= 0
========================================================================
Received Prepare
Begin MonoManager ReloadAssembly
- Loaded All Assemblies, in  3.863 seconds
Refreshing native plugins compatible for Editor in 1.28 ms, found 4 plugins.
Native extension for iOS target not found
Native extension for Android target not found
Native extension for WindowsStandalone target not found
Native extension for WebGL target not found
Mono: successfully reloaded assembly
- Finished resetting the current domain, in  1.217 seconds
Domain Reload Profiling: 5086ms
	BeginReloadAssembly (840ms)
		ExecutionOrderSort (0ms)
		DisableScriptedObjects (114ms)
		BackupInstance (0ms)
		ReleaseScriptingObjects (1ms)
		CreateAndSetChildDomain (278ms)
	RebuildCommonClasses (62ms)
	RebuildNativeTypeToScriptingClass (12ms)
	initialDomainReloadingComplete (63ms)
	LoadAllAssembliesAndSetupDomain (2890ms)
		LoadAssemblies (2451ms)
		RebuildTransferFunctionScriptingTraits (0ms)
		AnalyzeDomain (708ms)
			TypeCache.Refresh (52ms)
				TypeCache.ScanAssembly (0ms)
			BuildScriptInfoCaches (582ms)
			ResolveRequiredComponents (14ms)
	FinalizeReload (1218ms)
		ReleaseScriptCaches (0ms)
		RebuildScriptCaches (0ms)
		SetupLoadedEditorAssemblies (979ms)
			LogAssemblyErrors (0ms)
			InitializePlatformSupportModulesInManaged (17ms)
			SetLoadedEditorAssemblies (7ms)
			BeforeProcessingInitializeOnLoad (236ms)
			ProcessInitializeOnLoadAttributes (607ms)
			ProcessInitializeOnLoadMethodAttributes (108ms)
			AfterProcessingInitializeOnLoad (2ms)
			EditorAssembliesLoaded (2ms)
		ExecutionOrderSort2 (0ms)
		AwakeInstancesAfterBackupRestoration (32ms)
Refreshing native plugins compatible for Editor in 1.67 ms, found 4 plugins.
Preloading 0 native plugins for Editor in 0.00 ms.
Unloading 31 Unused Serialized files (Serialized files now loaded: 0)
Unloading 6724 unused Assets / (8.9 MB). Loaded Objects now: 7996.
Memory consumption went from 185.7 MB to 176.9 MB.
Total: 20.730900 ms (FindLiveObjects: 1.087000 ms CreateObjectMapping: 1.108900 ms MarkObjects: 9.861500 ms  DeleteObjects: 8.670800 ms)

Prepare: number of updated asset objects reloaded= 0
========================================================================
Received Prepare
Begin MonoManager ReloadAssembly
- Loaded All Assemblies, in  2.207 seconds
Refreshing native plugins compatible for Editor in 2.45 ms, found 4 plugins.
Native extension for iOS target not found
Native extension for Android target not found
Native extension for WindowsStandalone target not found
Native extension for WebGL target not found
Mono: successfully reloaded assembly
- Finished resetting the current domain, in  1.402 seconds
Domain Reload Profiling: 3618ms
	BeginReloadAssembly (931ms)
		ExecutionOrderSort (0ms)
		DisableScriptedObjects (144ms)
		BackupInstance (0ms)
		ReleaseScriptingObjects (3ms)
		CreateAndSetChildDomain (384ms)
	RebuildCommonClasses (49ms)
	RebuildNativeTypeToScriptingClass (12ms)
	initialDomainReloadingComplete (49ms)
	LoadAllAssembliesAndSetupDomain (1174ms)
		LoadAssemblies (749ms)
		RebuildTransferFunctionScriptingTraits (0ms)
		AnalyzeDomain (627ms)
			TypeCache.Refresh (34ms)
				TypeCache.ScanAssembly (0ms)
			BuildScriptInfoCaches (507ms)
			ResolveRequiredComponents (18ms)
	FinalizeReload (1402ms)
		ReleaseScriptCaches (0ms)
		RebuildScriptCaches (0ms)
		SetupLoadedEditorAssemblies (1126ms)
			LogAssemblyErrors (0ms)
			InitializePlatformSupportModulesInManaged (21ms)
			SetLoadedEditorAssemblies (9ms)
			BeforeProcessingInitializeOnLoad (237ms)
			ProcessInitializeOnLoadAttributes (593ms)
			ProcessInitializeOnLoadMethodAttributes (261ms)
			AfterProcessingInitializeOnLoad (2ms)
			EditorAssembliesLoaded (2ms)
		ExecutionOrderSort2 (0ms)
		AwakeInstancesAfterBackupRestoration (37ms)
Refreshing native plugins compatible for Editor in 4.84 ms, found 4 plugins.
Preloading 0 native plugins for Editor in 0.00 ms.
Unloading 31 Unused Serialized files (Serialized files now loaded: 0)
Unloading 6724 unused Assets / (7.5 MB). Loaded Objects now: 7998.
Memory consumption went from 187.6 MB to 180.0 MB.
Total: 17.229700 ms (FindLiveObjects: 1.699000 ms CreateObjectMapping: 1.100400 ms MarkObjects: 8.992300 ms  DeleteObjects: 5.435800 ms)

Prepare: number of updated asset objects reloaded= 0
========================================================================
Received Prepare
Begin MonoManager ReloadAssembly
- Loaded All Assemblies, in  4.554 seconds
Refreshing native plugins compatible for Editor in 3.45 ms, found 4 plugins.
Native extension for iOS target not found
Native extension for Android target not found
Native extension for WindowsStandalone target not found
Native extension for WebGL target not found
Mono: successfully reloaded assembly
- Finished resetting the current domain, in  1.559 seconds
Domain Reload Profiling: 6125ms
	BeginReloadAssembly (1040ms)
		ExecutionOrderSort (1ms)
		DisableScriptedObjects (147ms)
		BackupInstance (0ms)
		ReleaseScriptingObjects (3ms)
		CreateAndSetChildDomain (322ms)
	RebuildCommonClasses (125ms)
	RebuildNativeTypeToScriptingClass (13ms)
	initialDomainReloadingComplete (167ms)
	LoadAllAssembliesAndSetupDomain (3218ms)
		LoadAssemblies (2343ms)
		RebuildTransferFunctionScriptingTraits (0ms)
		AnalyzeDomain (1194ms)
			TypeCache.Refresh (163ms)
				TypeCache.ScanAssembly (0ms)
			BuildScriptInfoCaches (957ms)
			ResolveRequiredComponents (16ms)
	FinalizeReload (1560ms)
		ReleaseScriptCaches (0ms)
		RebuildScriptCaches (0ms)
		SetupLoadedEditorAssemblies (1239ms)
			LogAssemblyErrors (0ms)
			InitializePlatformSupportModulesInManaged (35ms)
			SetLoadedEditorAssemblies (9ms)
			BeforeProcessingInitializeOnLoad (268ms)
			ProcessInitializeOnLoadAttributes (605ms)
			ProcessInitializeOnLoadMethodAttributes (312ms)
			AfterProcessingInitializeOnLoad (2ms)
			EditorAssembliesLoaded (8ms)
		ExecutionOrderSort2 (3ms)
		AwakeInstancesAfterBackupRestoration (29ms)
Refreshing native plugins compatible for Editor in 1.95 ms, found 4 plugins.
Preloading 0 native plugins for Editor in 0.00 ms.
Unloading 31 Unused Serialized files (Serialized files now loaded: 0)
Unloading 6724 unused Assets / (8.2 MB). Loaded Objects now: 8000.
Memory consumption went from 189.5 MB to 181.3 MB.
Total: 18.189300 ms (FindLiveObjects: 1.591700 ms CreateObjectMapping: 0.922900 ms MarkObjects: 9.648300 ms  DeleteObjects: 6.024000 ms)

Prepare: number of updated asset objects reloaded= 0
========================================================================
Received Prepare
Begin MonoManager ReloadAssembly
- Loaded All Assemblies, in  4.039 seconds
Refreshing native plugins compatible for Editor in 1.39 ms, found 4 plugins.
Native extension for iOS target not found
Native extension for Android target not found
Native extension for WindowsStandalone target not found
Native extension for WebGL target not found
Mono: successfully reloaded assembly
- Finished resetting the current domain, in  1.031 seconds
Domain Reload Profiling: 5081ms
	BeginReloadAssembly (2001ms)
		ExecutionOrderSort (1ms)
		DisableScriptedObjects (319ms)
		BackupInstance (0ms)
		ReleaseScriptingObjects (9ms)
		CreateAndSetChildDomain (724ms)
	RebuildCommonClasses (44ms)
	RebuildNativeTypeToScriptingClass (12ms)
	initialDomainReloadingComplete (54ms)
	LoadAllAssembliesAndSetupDomain (1940ms)
		LoadAssemblies (1310ms)
		RebuildTransferFunctionScriptingTraits (0ms)
		AnalyzeDomain (834ms)
			TypeCache.Refresh (53ms)
				TypeCache.ScanAssembly (0ms)
			BuildScriptInfoCaches (713ms)
			ResolveRequiredComponents (20ms)
	FinalizeReload (1031ms)
		ReleaseScriptCaches (0ms)
		RebuildScriptCaches (0ms)
		SetupLoadedEditorAssemblies (827ms)
			LogAssemblyErrors (0ms)
			InitializePlatformSupportModulesInManaged (19ms)
			SetLoadedEditorAssemblies (7ms)
			BeforeProcessingInitializeOnLoad (232ms)
			ProcessInitializeOnLoadAttributes (476ms)
			ProcessInitializeOnLoadMethodAttributes (91ms)
			AfterProcessingInitializeOnLoad (2ms)
			EditorAssembliesLoaded (1ms)
		ExecutionOrderSort2 (0ms)
		AwakeInstancesAfterBackupRestoration (22ms)
Refreshing native plugins compatible for Editor in 2.51 ms, found 4 plugins.
Preloading 0 native plugins for Editor in 0.00 ms.
Unloading 31 Unused Serialized files (Serialized files now loaded: 0)
Unloading 6724 unused Assets / (7.7 MB). Loaded Objects now: 8002.
Memory consumption went from 191.4 MB to 183.7 MB.
Total: 16.532400 ms (FindLiveObjects: 1.062000 ms CreateObjectMapping: 0.609000 ms MarkObjects: 8.909100 ms  DeleteObjects: 5.949800 ms)

Prepare: number of updated asset objects reloaded= 0
========================================================================
Received Prepare
Begin MonoManager ReloadAssembly
- Loaded All Assemblies, in  3.473 seconds
Refreshing native plugins compatible for Editor in 1.21 ms, found 4 plugins.
Native extension for iOS target not found
Native extension for Android target not found
Native extension for WindowsStandalone target not found
Native extension for WebGL target not found
Mono: successfully reloaded assembly
- Finished resetting the current domain, in  1.275 seconds
Domain Reload Profiling: 4752ms
	BeginReloadAssembly (875ms)
		ExecutionOrderSort (0ms)
		DisableScriptedObjects (63ms)
		BackupInstance (0ms)
		ReleaseScriptingObjects (1ms)
		CreateAndSetChildDomain (208ms)
	RebuildCommonClasses (75ms)
	RebuildNativeTypeToScriptingClass (14ms)
	initialDomainReloadingComplete (71ms)
	LoadAllAssembliesAndSetupDomain (2441ms)
		LoadAssemblies (2208ms)
		RebuildTransferFunctionScriptingTraits (0ms)
		AnalyzeDomain (691ms)
			TypeCache.Refresh (70ms)
				TypeCache.ScanAssembly (0ms)
			BuildScriptInfoCaches (563ms)
			ResolveRequiredComponents (14ms)
	FinalizeReload (1276ms)
		ReleaseScriptCaches (0ms)
		RebuildScriptCaches (0ms)
		SetupLoadedEditorAssemblies (1084ms)
			LogAssemblyErrors (0ms)
			InitializePlatformSupportModulesInManaged (23ms)
			SetLoadedEditorAssemblies (9ms)
			BeforeProcessingInitializeOnLoad (285ms)
			ProcessInitializeOnLoadAttributes (661ms)
			ProcessInitializeOnLoadMethodAttributes (103ms)
			AfterProcessingInitializeOnLoad (2ms)
			EditorAssembliesLoaded (1ms)
		ExecutionOrderSort2 (0ms)
		AwakeInstancesAfterBackupRestoration (24ms)
Refreshing native plugins compatible for Editor in 1.92 ms, found 4 plugins.
Preloading 0 native plugins for Editor in 0.00 ms.
Unloading 31 Unused Serialized files (Serialized files now loaded: 0)
Unloading 6724 unused Assets / (7.6 MB). Loaded Objects now: 8004.
Memory consumption went from 193.2 MB to 185.6 MB.
Total: 17.983500 ms (FindLiveObjects: 2.021300 ms CreateObjectMapping: 0.943900 ms MarkObjects: 7.562900 ms  DeleteObjects: 7.453600 ms)

Prepare: number of updated asset objects reloaded= 0
========================================================================
Received Prepare
Begin MonoManager ReloadAssembly
- Loaded All Assemblies, in  5.127 seconds
Refreshing native plugins compatible for Editor in 1.40 ms, found 4 plugins.
Native extension for iOS target not found
Native extension for Android target not found
Native extension for WindowsStandalone target not found
Native extension for WebGL target not found
Mono: successfully reloaded assembly
- Finished resetting the current domain, in  1.118 seconds
Domain Reload Profiling: 6270ms
	BeginReloadAssembly (1880ms)
		ExecutionOrderSort (3ms)
		DisableScriptedObjects (325ms)
		BackupInstance (0ms)
		ReleaseScriptingObjects (5ms)
		CreateAndSetChildDomain (838ms)
	RebuildCommonClasses (116ms)
	RebuildNativeTypeToScriptingClass (15ms)
	initialDomainReloadingComplete (90ms)
	LoadAllAssembliesAndSetupDomain (3051ms)
		LoadAssemblies (2326ms)
		RebuildTransferFunctionScriptingTraits (0ms)
		AnalyzeDomain (982ms)
			TypeCache.Refresh (75ms)
				TypeCache.ScanAssembly (0ms)
			BuildScriptInfoCaches (752ms)
			ResolveRequiredComponents (22ms)
	FinalizeReload (1118ms)
		ReleaseScriptCaches (0ms)
		RebuildScriptCaches (0ms)
		SetupLoadedEditorAssemblies (876ms)
			LogAssemblyErrors (0ms)
			InitializePlatformSupportModulesInManaged (18ms)
			SetLoadedEditorAssemblies (8ms)
			BeforeProcessingInitializeOnLoad (214ms)
			ProcessInitializeOnLoadAttributes (533ms)
			ProcessInitializeOnLoadMethodAttributes (100ms)
			AfterProcessingInitializeOnLoad (2ms)
			EditorAssembliesLoaded (1ms)
		ExecutionOrderSort2 (0ms)
		AwakeInstancesAfterBackupRestoration (25ms)
Refreshing native plugins compatible for Editor in 2.88 ms, found 4 plugins.
Preloading 0 native plugins for Editor in 0.00 ms.
Unloading 31 Unused Serialized files (Serialized files now loaded: 0)
Unloading 6724 unused Assets / (8.8 MB). Loaded Objects now: 8006.
Memory consumption went from 195.1 MB to 186.3 MB.
Total: 28.999800 ms (FindLiveObjects: 2.469900 ms CreateObjectMapping: 1.468600 ms MarkObjects: 13.743600 ms  DeleteObjects: 11.314300 ms)

Prepare: number of updated asset objects reloaded= 0
========================================================================
Received Prepare
Begin MonoManager ReloadAssembly
- Loaded All Assemblies, in  3.843 seconds
Refreshing native plugins compatible for Editor in 1.35 ms, found 4 plugins.
Native extension for iOS target not found
Native extension for Android target not found
Native extension for WindowsStandalone target not found
Native extension for WebGL target not found
Mono: successfully reloaded assembly
- Finished resetting the current domain, in  1.058 seconds
Domain Reload Profiling: 4913ms
	BeginReloadAssembly (1530ms)
		ExecutionOrderSort (5ms)
		DisableScriptedObjects (342ms)
		BackupInstance (0ms)
		ReleaseScriptingObjects (3ms)
		CreateAndSetChildDomain (562ms)
	RebuildCommonClasses (48ms)
	RebuildNativeTypeToScriptingClass (11ms)
	initialDomainReloadingComplete (57ms)
	LoadAllAssembliesAndSetupDomain (2208ms)
		LoadAssemblies (1437ms)
		RebuildTransferFunctionScriptingTraits (0ms)
		AnalyzeDomain (1103ms)
			TypeCache.Refresh (112ms)
				TypeCache.ScanAssembly (0ms)
			BuildScriptInfoCaches (829ms)
			ResolveRequiredComponents (27ms)
	FinalizeReload (1058ms)
		ReleaseScriptCaches (0ms)
		RebuildScriptCaches (0ms)
		SetupLoadedEditorAssemblies (860ms)
			LogAssemblyErrors (0ms)
			InitializePlatformSupportModulesInManaged (21ms)
			SetLoadedEditorAssemblies (7ms)
			BeforeProcessingInitializeOnLoad (228ms)
			ProcessInitializeOnLoadAttributes (515ms)
			ProcessInitializeOnLoadMethodAttributes (86ms)
			AfterProcessingInitializeOnLoad (2ms)
			EditorAssembliesLoaded (1ms)
		ExecutionOrderSort2 (0ms)
		AwakeInstancesAfterBackupRestoration (21ms)
Refreshing native plugins compatible for Editor in 2.07 ms, found 4 plugins.
Preloading 0 native plugins for Editor in 0.00 ms.
Unloading 31 Unused Serialized files (Serialized files now loaded: 0)
Unloading 6724 unused Assets / (8.2 MB). Loaded Objects now: 8008.
Memory consumption went from 196.9 MB to 188.7 MB.
Total: 15.987000 ms (FindLiveObjects: 0.973000 ms CreateObjectMapping: 0.932700 ms MarkObjects: 7.294800 ms  DeleteObjects: 6.782500 ms)

Prepare: number of updated asset objects reloaded= 0
========================================================================
Received Prepare
Begin MonoManager ReloadAssembly
- Loaded All Assemblies, in  3.476 seconds
Refreshing native plugins compatible for Editor in 3.31 ms, found 4 plugins.
Native extension for iOS target not found
Native extension for Android target not found
Native extension for WindowsStandalone target not found
Native extension for WebGL target not found
Mono: successfully reloaded assembly
- Finished resetting the current domain, in  1.479 seconds
Domain Reload Profiling: 4966ms
	BeginReloadAssembly (1257ms)
		ExecutionOrderSort (1ms)
		DisableScriptedObjects (401ms)
		BackupInstance (0ms)
		ReleaseScriptingObjects (4ms)
		CreateAndSetChildDomain (337ms)
	RebuildCommonClasses (48ms)
	RebuildNativeTypeToScriptingClass (12ms)
	initialDomainReloadingComplete (61ms)
	LoadAllAssembliesAndSetupDomain (2108ms)
		LoadAssemblies (1494ms)
		RebuildTransferFunctionScriptingTraits (0ms)
		AnalyzeDomain (823ms)
			TypeCache.Refresh (70ms)
				TypeCache.ScanAssembly (0ms)
			BuildScriptInfoCaches (667ms)
			ResolveRequiredComponents (16ms)
	FinalizeReload (1480ms)
		ReleaseScriptCaches (0ms)
		RebuildScriptCaches (0ms)
		SetupLoadedEditorAssemblies (1175ms)
			LogAssemblyErrors (0ms)
			InitializePlatformSupportModulesInManaged (46ms)
			SetLoadedEditorAssemblies (8ms)
			BeforeProcessingInitializeOnLoad (440ms)
			ProcessInitializeOnLoadAttributes (599ms)
			ProcessInitializeOnLoadMethodAttributes (79ms)
			AfterProcessingInitializeOnLoad (2ms)
			EditorAssembliesLoaded (1ms)
		ExecutionOrderSort2 (0ms)
		AwakeInstancesAfterBackupRestoration (26ms)
Refreshing native plugins compatible for Editor in 1.75 ms, found 4 plugins.
Preloading 0 native plugins for Editor in 0.00 ms.
Unloading 31 Unused Serialized files (Serialized files now loaded: 0)
Unloading 6724 unused Assets / (7.6 MB). Loaded Objects now: 8010.
Memory consumption went from 198.9 MB to 191.2 MB.
Total: 17.872200 ms (FindLiveObjects: 1.055200 ms CreateObjectMapping: 0.959700 ms MarkObjects: 9.132700 ms  DeleteObjects: 6.721800 ms)

Prepare: number of updated asset objects reloaded= 0
========================================================================
Received Prepare
Begin MonoManager ReloadAssembly
- Loaded All Assemblies, in  3.551 seconds
Refreshing native plugins compatible for Editor in 2.55 ms, found 4 plugins.
Native extension for iOS target not found
Native extension for Android target not found
Native extension for WindowsStandalone target not found
Native extension for WebGL target not found
Mono: successfully reloaded assembly
- Finished resetting the current domain, in  1.316 seconds
Domain Reload Profiling: 4879ms
	BeginReloadAssembly (1788ms)
		ExecutionOrderSort (2ms)
		DisableScriptedObjects (176ms)
		BackupInstance (0ms)
		ReleaseScriptingObjects (4ms)
		CreateAndSetChildDomain (1012ms)
	RebuildCommonClasses (62ms)
	RebuildNativeTypeToScriptingClass (13ms)
	initialDomainReloadingComplete (237ms)
	LoadAllAssembliesAndSetupDomain (1463ms)
		LoadAssemblies (1329ms)
		RebuildTransferFunctionScriptingTraits (0ms)
		AnalyzeDomain (467ms)
			TypeCache.Refresh (33ms)
				TypeCache.ScanAssembly (0ms)
			BuildScriptInfoCaches (363ms)
			ResolveRequiredComponents (16ms)
	FinalizeReload (1317ms)
		ReleaseScriptCaches (0ms)
		RebuildScriptCaches (0ms)
		SetupLoadedEditorAssemblies (1018ms)
			LogAssemblyErrors (0ms)
			InitializePlatformSupportModulesInManaged (24ms)
			SetLoadedEditorAssemblies (10ms)
			BeforeProcessingInitializeOnLoad (242ms)
			ProcessInitializeOnLoadAttributes (629ms)
			ProcessInitializeOnLoadMethodAttributes (110ms)
			AfterProcessingInitializeOnLoad (2ms)
			EditorAssembliesLoaded (1ms)
		ExecutionOrderSort2 (0ms)
		AwakeInstancesAfterBackupRestoration (32ms)
Refreshing native plugins compatible for Editor in 1.92 ms, found 4 plugins.
Preloading 0 native plugins for Editor in 0.00 ms.
Unloading 31 Unused Serialized files (Serialized files now loaded: 0)
Unloading 6724 unused Assets / (8.9 MB). Loaded Objects now: 8012.
Memory consumption went from 189.7 MB to 180.8 MB.
Total: 17.395600 ms (FindLiveObjects: 2.158600 ms CreateObjectMapping: 1.044800 ms MarkObjects: 6.036800 ms  DeleteObjects: 8.152600 ms)

Prepare: number of updated asset objects reloaded= 0
========================================================================
Received Prepare
Begin MonoManager ReloadAssembly
- Loaded All Assemblies, in  4.329 seconds
Refreshing native plugins compatible for Editor in 1.45 ms, found 4 plugins.
Native extension for iOS target not found
Native extension for Android target not found
Native extension for WindowsStandalone target not found
Native extension for WebGL target not found
Mono: successfully reloaded assembly
- Finished resetting the current domain, in  1.380 seconds
Domain Reload Profiling: 5723ms
	BeginReloadAssembly (2213ms)
		ExecutionOrderSort (1ms)
		DisableScriptedObjects (189ms)
		BackupInstance (0ms)
		ReleaseScriptingObjects (5ms)
		CreateAndSetChildDomain (1067ms)
	RebuildCommonClasses (82ms)
	RebuildNativeTypeToScriptingClass (14ms)
	initialDomainReloadingComplete (70ms)
	LoadAllAssembliesAndSetupDomain (1962ms)
		LoadAssemblies (1931ms)
		RebuildTransferFunctionScriptingTraits (0ms)
		AnalyzeDomain (717ms)
			TypeCache.Refresh (30ms)
				TypeCache.ScanAssembly (0ms)
			BuildScriptInfoCaches (615ms)
			ResolveRequiredComponents (17ms)
	FinalizeReload (1381ms)
		ReleaseScriptCaches (0ms)
		RebuildScriptCaches (0ms)
		SetupLoadedEditorAssemblies (1141ms)
			LogAssemblyErrors (0ms)
			InitializePlatformSupportModulesInManaged (17ms)
			SetLoadedEditorAssemblies (10ms)
			BeforeProcessingInitializeOnLoad (281ms)
			ProcessInitializeOnLoadAttributes (715ms)
			ProcessInitializeOnLoadMethodAttributes (113ms)
			AfterProcessingInitializeOnLoad (2ms)
			EditorAssembliesLoaded (1ms)
		ExecutionOrderSort2 (0ms)
		AwakeInstancesAfterBackupRestoration (38ms)
Refreshing native plugins compatible for Editor in 2.26 ms, found 4 plugins.
Preloading 0 native plugins for Editor in 0.00 ms.
Unloading 31 Unused Serialized files (Serialized files now loaded: 0)
Unloading 6724 unused Assets / (7.9 MB). Loaded Objects now: 8014.
Memory consumption went from 191.6 MB to 183.7 MB.
Total: 19.082800 ms (FindLiveObjects: 1.882600 ms CreateObjectMapping: 0.873100 ms MarkObjects: 9.266000 ms  DeleteObjects: 7.058600 ms)

Prepare: number of updated asset objects reloaded= 0
========================================================================
Received Prepare
Begin MonoManager ReloadAssembly
- Loaded All Assemblies, in  5.668 seconds
Refreshing native plugins compatible for Editor in 1.42 ms, found 4 plugins.
Native extension for iOS target not found
Native extension for Android target not found
Native extension for WindowsStandalone target not found
Native extension for WebGL target not found
Mono: successfully reloaded assembly
- Finished resetting the current domain, in  1.170 seconds
Domain Reload Profiling: 6864ms
	BeginReloadAssembly (1996ms)
		ExecutionOrderSort (1ms)
		DisableScriptedObjects (250ms)
		BackupInstance (0ms)
		ReleaseScriptingObjects (4ms)
		CreateAndSetChildDomain (595ms)
	RebuildCommonClasses (63ms)
	RebuildNativeTypeToScriptingClass (12ms)
	initialDomainReloadingComplete (60ms)
	LoadAllAssembliesAndSetupDomain (3558ms)
		LoadAssemblies (2629ms)
		RebuildTransferFunctionScriptingTraits (0ms)
		AnalyzeDomain (1224ms)
			TypeCache.Refresh (90ms)
				TypeCache.ScanAssembly (0ms)
			BuildScriptInfoCaches (885ms)
			ResolveRequiredComponents (22ms)
	FinalizeReload (1174ms)
		ReleaseScriptCaches (0ms)
		RebuildScriptCaches (0ms)
		SetupLoadedEditorAssemblies (945ms)
			LogAssemblyErrors (0ms)
			InitializePlatformSupportModulesInManaged (20ms)
			SetLoadedEditorAssemblies (9ms)
			BeforeProcessingInitializeOnLoad (243ms)
			ProcessInitializeOnLoadAttributes (576ms)
			ProcessInitializeOnLoadMethodAttributes (93ms)
			AfterProcessingInitializeOnLoad (2ms)
			EditorAssembliesLoaded (1ms)
		ExecutionOrderSort2 (0ms)
		AwakeInstancesAfterBackupRestoration (26ms)
Refreshing native plugins compatible for Editor in 4.45 ms, found 4 plugins.
Preloading 0 native plugins for Editor in 0.00 ms.
Unloading 31 Unused Serialized files (Serialized files now loaded: 0)
Unloading 6724 unused Assets / (7.8 MB). Loaded Objects now: 8016.
Memory consumption went from 193.4 MB to 185.6 MB.
Total: 22.216400 ms (FindLiveObjects: 2.220200 ms CreateObjectMapping: 1.187100 ms MarkObjects: 10.044100 ms  DeleteObjects: 8.762300 ms)

Prepare: number of updated asset objects reloaded= 0
========================================================================
Received Prepare
Begin MonoManager ReloadAssembly
- Loaded All Assemblies, in  3.473 seconds
Refreshing native plugins compatible for Editor in 2.85 ms, found 4 plugins.
Native extension for iOS target not found
Native extension for Android target not found
Native extension for WindowsStandalone target not found
Native extension for WebGL target not found
Mono: successfully reloaded assembly
- Finished resetting the current domain, in  1.187 seconds
Domain Reload Profiling: 4683ms
	BeginReloadAssembly (1195ms)
		ExecutionOrderSort (1ms)
		DisableScriptedObjects (136ms)
		BackupInstance (0ms)
		ReleaseScriptingObjects (4ms)
		CreateAndSetChildDomain (559ms)
	RebuildCommonClasses (62ms)
	RebuildNativeTypeToScriptingClass (14ms)
	initialDomainReloadingComplete (106ms)
	LoadAllAssembliesAndSetupDomain (2119ms)
		LoadAssemblies (1704ms)
		RebuildTransferFunctionScriptingTraits (0ms)
		AnalyzeDomain (678ms)
			TypeCache.Refresh (32ms)
				TypeCache.ScanAssembly (0ms)
			BuildScriptInfoCaches (511ms)
			ResolveRequiredComponents (18ms)
	FinalizeReload (1188ms)
		ReleaseScriptCaches (0ms)
		RebuildScriptCaches (0ms)
		SetupLoadedEditorAssemblies (975ms)
			LogAssemblyErrors (0ms)
			InitializePlatformSupportModulesInManaged (20ms)
			SetLoadedEditorAssemblies (9ms)
			BeforeProcessingInitializeOnLoad (266ms)
			ProcessInitializeOnLoadAttributes (584ms)
			ProcessInitializeOnLoadMethodAttributes (94ms)
			AfterProcessingInitializeOnLoad (2ms)
			EditorAssembliesLoaded (1ms)
		ExecutionOrderSort2 (0ms)
		AwakeInstancesAfterBackupRestoration (24ms)
Refreshing native plugins compatible for Editor in 2.81 ms, found 4 plugins.
Preloading 0 native plugins for Editor in 0.00 ms.
Unloading 31 Unused Serialized files (Serialized files now loaded: 0)
Unloading 6724 unused Assets / (8.6 MB). Loaded Objects now: 8018.
Memory consumption went from 176.9 MB to 168.3 MB.
Total: 22.166600 ms (FindLiveObjects: 1.671000 ms CreateObjectMapping: 0.946800 ms MarkObjects: 11.127900 ms  DeleteObjects: 8.418300 ms)

Prepare: number of updated asset objects reloaded= 0
========================================================================
Received Prepare
Begin MonoManager ReloadAssembly
- Loaded All Assemblies, in  3.772 seconds
Refreshing native plugins compatible for Editor in 1.32 ms, found 4 plugins.
Native extension for iOS target not found
Native extension for Android target not found
Native extension for WindowsStandalone target not found
Native extension for WebGL target not found
Mono: successfully reloaded assembly
- Finished resetting the current domain, in  1.433 seconds
Domain Reload Profiling: 5210ms
	BeginReloadAssembly (1665ms)
		ExecutionOrderSort (2ms)
		DisableScriptedObjects (193ms)
		BackupInstance (0ms)
		ReleaseScriptingObjects (3ms)
		CreateAndSetChildDomain (849ms)
	RebuildCommonClasses (46ms)
	RebuildNativeTypeToScriptingClass (15ms)
	initialDomainReloadingComplete (72ms)
	LoadAllAssembliesAndSetupDomain (1979ms)
		LoadAssemblies (1848ms)
		RebuildTransferFunctionScriptingTraits (0ms)
		AnalyzeDomain (357ms)
			TypeCache.Refresh (31ms)
				TypeCache.ScanAssembly (0ms)
			BuildScriptInfoCaches (262ms)
			ResolveRequiredComponents (16ms)
	FinalizeReload (1433ms)
		ReleaseScriptCaches (0ms)
		RebuildScriptCaches (0ms)
		SetupLoadedEditorAssemblies (1229ms)
			LogAssemblyErrors (0ms)
			InitializePlatformSupportModulesInManaged (34ms)
			SetLoadedEditorAssemblies (9ms)
			BeforeProcessingInitializeOnLoad (258ms)
			ProcessInitializeOnLoadAttributes (825ms)
			ProcessInitializeOnLoadMethodAttributes (100ms)
			AfterProcessingInitializeOnLoad (2ms)
			EditorAssembliesLoaded (1ms)
		ExecutionOrderSort2 (0ms)
		AwakeInstancesAfterBackupRestoration (21ms)
Refreshing native plugins compatible for Editor in 5.37 ms, found 4 plugins.
Preloading 0 native plugins for Editor in 0.00 ms.
Unloading 31 Unused Serialized files (Serialized files now loaded: 0)
Unloading 6724 unused Assets / (7.9 MB). Loaded Objects now: 8020.
Memory consumption went from 173.4 MB to 165.4 MB.
Total: 16.308600 ms (FindLiveObjects: 1.436700 ms CreateObjectMapping: 0.869200 ms MarkObjects: 7.593400 ms  DeleteObjects: 6.405100 ms)

Prepare: number of updated asset objects reloaded= 0
